UW,CH,IFA,SLA,SH,PWPR,RFN,FS
18.74540119,21.81383683,38.24995777,41.90722842,18.45104185,0.847236578,3,2.613691703
24.50714306,19.98104433,24.61279989,32.96462268,9.266799882,0.494517044,2,2.241626347
22.31993942,12.92692606,28.66599236,58.22492624,10.68616512,0.195465611,0,1.568243617
20.98658484,32.32700015,36.58201592,20.94892255,13.13020077,0.736641787,3,3
16.5601864,26.44808722,32.05223361,39.3928208,14.16440005,0.418678136,1,3
16.5599452,43.95654465,38.46427597,45.01050075,15.90178141,0.594627483,2,3
15.58083612,6.444931122,44.03019753,51.27822447,16.4957013,0.10726529,2,1.545751473
23.66176146,33.97405674,22.91366719,30.34855152,25.50723555,0.63158399,0,3
21.01115012,39.33269953,37.73919291,44.34609538,27.93079359,0.373550489,1,3
22.08072578,39.17689561,25.75860389,25.16007357,18.89956437,0.33418975,1,3
15.20584494,44.87332852,30.36191819,31.77380462,45.8283389,0.979915579,2,3
24.69909852,37.80651843,20.82156814,54.78135656,29.89128755,0.432430643,1,3
23.32442641,46.75145277,23.39768456,57.49538047,40.43646176,0.678038378,0,3
17.12339111,19.96954699,27.99443223,45.94086735,46.59070246,0.627727536,3,2.156829999
16.81824967,27.64442375,28.54964513,28.71759454,12.34108016,0.104303551,1,3
16.8340451,5.633584848,42.48963041,51.0028895,24.25435177,0.747927537,0,1.095686835
18.04242243,5.313091429,38.54532273,11.29335409,24.49446808,0.323159203,2,1.541640091
20.24756432,15.80569792,44.3045742,15.13729553,20.95125127,0.798939549,3,2.506546202
19.31945019,9.536323871,34.97678776,43.06868682,5.400763995,0.607640783,0,1.385018053
17.9122914,16.70951156,26.0428433,24.56242876,41.71874485,0.31709149,3,2.1348759
21.11852895,12.96694825,28.19137575,57.56931092,10.02016947,0.35629296,3,1.482567761
16.39493861,6.283401118,27.99589808,31.8030306,49.79662691,0.73150737,2,0.877752724
17.92144649,45.91868659,28.16235819,31.46824102,39.78313214,0.550059315,2,3
18.66361843,5.370040913,36.82410433,43.90397551,31.10045079,0.668351041,0,0.99125896
19.56069984,38.1236965,33.2701982,48.37842812,11.9572888,0.158318321,0,3
22.85175961,11.84665491,29.63560445,33.77793691,28.19268371,0.786976672,0,1.441251268
16.99673782,46.05033299,23.72724422,20.70004509,16.74989334,0.320391319,3,3
20.14234438,45.17581728,20.55347907,48.66543214,16.3545136,0.619861267,2,3
20.92414569,34.42555159,25.47086694,26.01756374,42.32881622,0.114679825,3,3
15.46450413,35.25053674,22.6867851,18.75553846,22.12899908,0.321420241,1,3
21.07544852,5.240261389,39.63612577,41.5820095,25.28257115,0.648867293,2,1.10497659
16.70524124,49.31922048,22.81244895,14.52268335,42.9334132,0.274206132,0,3
15.65051593,44.50246716,38.10570593,58.56763375,8.950578157,0.880312197,3,3
24.48885537,45.27978016,29.64146724,41.61986322,31.75780339,0.661228399,2,3
24.65632033,34.66600417,21.83445974,59.29477605,31.01970566,0.870278393,0,3
23.08397348,20.51541179,40.31825124,26.94467117,24.13465562,0.395390702,0,2.928340824
18.04613769,45.21418921,34.49076426,58.56025806,42.33985886,0.033985143,1,3
15.97672114,18.11826177,25.89403782,17.27811239,47.43005276,0.576139963,2,2.214109665
21.84233027,30.32201945,42.36702936,12.03473862,25.94011379,0.339193503,0,3
19.40152494,9.487893755,21.13145785,11.64920302,25.52661729,0.448188376,3,1.312585086
16.22038235,46.48800336,25.0454902,33.24351853,27.59286784,0.681110214,2,3
19.9517691,11.3346706,38.8011732,14.15020987,37.54058139,0.700664667,1,1.935005068
15.34388521,15.12035626,37.73444826,35.60839421,35.06271308,0.027556415,0,2.399988418
24.09320402,30.11603712,27.23179234,26.37502518,15.02757271,0.769302673,0,3
17.58779982,39.38418501,21.55062188,26.78144962,7.875290687,0.493518915,2,3
21.62522284,32.87080877,41.45195181,41.78044983,47.71643584,0.556698773,2,3
18.11711076,15.44602608,27.84244095,18.15490031,16.74813919,0.297994185,2,2.142137877
20.20068021,5.042436914,24.89283537,48.32766852,33.73685081,0.420833786,1,0.640311292
20.46710279,39.07177611,32.90154556,39.10154599,42.27971012,0.710375134,3,3
16.84854456,49.33432967,42.75567998,55.74723144,18.51245377,0.776713803,1,3
24.69584628,41.44609041,21.08866445,28.24203269,33.59450361,0.387106181,0,3
22.75132823,25.70929782,39.1451022,59.1357496,9.855510852,0.691117533,2,2.938850259
24.39498942,45.66952676,34.3118307,38.79138234,48.646915,0.258043502,3,3
23.9482735,23.44314529,30.63622791,58.67009781,7.617122377,0.832022665,1,2.362809815
20.97899979,28.62203379,38.6020111,11.3530327,24.71786032,0.609814239,2,3
24.21874235,26.47083953,44.14561061,46.39881612,29.15686589,0.775186516,2,3
15.88492502,25.14307427,25.73015528,50.83107621,40.57168004,0.477154852,1,2.625091081
16.95982862,39.88358462,23.59118413,12.65866433,10.45078327,0.229109285,3,3
15.45227289,28.70460083,42.82204363,38.9484832,24.83635882,0.429231113,2,3
18.25330331,19.25227049,36.72382694,50.09711468,18.48702063,0.381485394,0,2.45764077
18.8867729,16.61711754,30.94965054,38.05193626,19.04048221,0.332716543,0,2.146489138
17.71349032,6.698629264,34.33148926,13.19067952,40.04545622,0.212173748,2,1.576252233
23.28737509,31.24378228,38.64034763,44.67236204,5.245742526,0.759167142,1,3
18.56753327,15.34826369,39.32579747,13.02984573,38.70876386,0.086351661,3,2.672211997
17.8093451,11.66602649,42.99735452,50.87344475,41.46792936,0.88756093,2,1.647332887
20.42696083,34.42234837,30.67106972,12.15170917,45.56130097,0.175024723,0,3
16.40924225,35.6544166,27.33527275,16.86986905,33.20968115,0.979873652,3,3
23.02196981,38.84697015,35.99160667,23.75537953,20.00548977,0.988468048,3,3
15.74550644,27.66096034,30.39319748,41.66823961,24.22556296,0.398387041,2,3
24.86886937,45.23245723,34.86496135,58.81795498,48.6381237,0.987821073,1,3
22.72244769,47.1354239,30.49964496,15.89114263,44.65340719,0.869068517,1,3
16.98715682,41.33169229,23.82489467,17.13538346,25.85866591,0.082430277,1,3
15.05522117,33.60170669,31.73566879,28.44351984,47.43783532,0.947328564,3,3
23.15461428,18.66744291,37.27294555,51.81095689,42.03296939,0.042514386,1,2.569809048
22.06857344,49.23252147,39.98209519,33.36154764,45.54904377,0.181914294,0,3
22.29007168,17.33612752,32.33315692,26.08053001,35.73397556,0.584595541,2,2.258281579
22.71270347,14.11956149,24.13094726,38.06019161,43.59443196,0.080737178,0,1.795350552
15.74044652,24.89693512,30.36719274,23.02615987,45.12947636,0.161727757,1,3
18.58465729,7.557825682,39.65734822,30.05799536,9.140746304,0.953491787,2,1.300368328
16.1586906,49.03225091,30.32148177,26.63025746,48.43476395,0.994687885,2,3
23.63103426,31.47951004,37.41326984,50.20705112,20.01258944,0.798136542,1,3
21.23298127,30.06284412,32.68034204,56.21278632,24.79547793,0.515209391,2,3
18.30898025,34.5108326,26.03057813,47.97860961,40.63566916,0.900300936,1,3
15.6355835,27.36606415,39.9037627,31.9541788,34.92033375,0.111898771,2,3
18.10982322,6.442858269,22.10533635,35.21674887,45.18769606,0.942891869,1,0.557516949
18.25183322,32.554008,33.12225707,16.2536847,23.02581878,0.351552927,0,3
22.29606178,37.22782446,25.22227586,47.34323556,21.79796737,0.861489391,2,3
21.37557471,23.75370773,21.67664071,39.82378397,6.425998229,0.668373406,3,2.365500921
23.87212743,39.07830074,32.57334843,55.12199981,25.82264195,0.960274304,0,3
19.72214925,15.21505847,32.4890539,20.03055718,37.58318466,0.864677948,3,1.971829765
16.19594246,14.9574466,37.67252254,47.9863061,18.55304229,0.887897814,0,1.827683443
22.13244787,12.26376445,38.61876733,44.23358309,25.82269312,0.631754356,0,1.75545568
22.60785049,21.73976419,38.19478722,23.29227669,14.87289958,0.833158531,0,2.797633961
20.61277198,43.11554159,30.23896832,43.36893198,39.77545126,0.757131151,3,3
22.7096718,42.2560428,35.79224468,56.21866903,7.72302026,0.161623131,0,3
19.93795596,22.22708936,34.42363107,55.92179938,36.74223748,0.648596891,2,2.486646865
20.22732829,31.51034312,30.5390439,45.98132873,22.05230053,0.148175547,2,3
19.27541018,37.43673424,34.93031735,12.40365563,6.871823122,0.869456122,2,3
15.25419127,15.85430486,43.68119692,53.61321687,43.40613143,0.065949799,0,2.472363315
16.07891427,12.56634887,24.82234359,42.88893035,26.94748384,0.98704667,1,1.161633701
15.31429186,48.74431969,42.64430239,25.52171266,31.96935363,0.400626666,1,3
21.36410411,32.79007909,21.33638785,19.36251809,37.94138112,0.170629354,2,3
18.14355981,49.16370748,27.70973032,15.81019315,34.47834949,0.935674984,0,3
20.08570691,20.19901942,27.20363122,12.51184496,37.88855919,0.045425986,3,2.778858207
24.07566474,36.6364265,35.6591277,47.7051624,39.30267581,0.470105635,3,3
17.49292229,15.01716364,23.28062379,21.79214995,31.51181888,0.770227128,2,1.674702094
19.10382923,16.75400771,42.0586903,11.2126468,21.45370239,0.316750475,0,2.806855408
22.55551139,28.03559546,40.71378521,29.86353259,15.94139674,0.52883467,3,3
17.28798165,19.38281565,36.30164549,34.13035403,45.63064565,0.700413016,3,2.456826366
15.7697991,12.54297037,31.46034579,18.46151155,48.64661801,0.951976421,3,1.642371904
17.89751453,16.82963159,43.32390105,12.20241681,21.09482398,0.102702639,1,2.953717706
16.61221287,6.608677751,40.76866387,19.45627415,10.05398281,0.157226704,1,1.746647144
24.29697652,36.69906297,32.4828787,43.95513809,15.01417972,0.508870895,3,3
23.0812038,27.14524957,37.54683386,14.11218386,35.18003057,0.418474961,0,3
21.33403757,9.240937988,34.1732488,37.75185153,12.78200165,0.410796161,3,1.480285497
23.7146059,12.72622969,34.69855596,17.3205994,40.10550229,0.296961503,3,2.107554756
23.03672077,9.614054215,28.27440174,19.78445868,46.53636079,0.560684799,1,1.425698493
16.86570059,32.56667637,31.55211512,29.65389416,48.36431818,0.883288336,0,3
23.92558998,9.239466363,21.95303577,15.0412668,5.419647769,0.160924341,2,1.424839657
20.39342242,38.94270499,28.93371729,18.66017514,48.11693742,0.215286329,0,3
23.07440155,5.922991369,37.39571288,27.44762057,38.30874886,0.670823498,0,1.228934945
23.960913,16.22191046,43.83040076,26.48345027,8.782260452,0.056197654,1,2.790271075
18.18003475,45.08000042,44.07660282,47.46357428,23.6858211,0.6737642,0,3
16.10051925,37.33390932,33.89307173,13.73911526,36.50204636,0.314456151,1,3
17.27935163,8.283574982,35.1655563,53.02253678,48.05084717,0.357853931,0,1.291390374
19.27107789,41.9506747,24.64302964,50.81160854,12.38636271,0.405549374,1,3
23.18014766,27.18658047,37.3827027,48.29958198,10.74799769,0.349587561,0,3
23.60730583,43.10523622,21.76646982,25.46861812,26.2556174,0.841209621,0,3
15.06952131,32.03328985,27.11714214,51.14408928,48.56445022,0.946068457,0,3
20.10747303,35.68248644,36.70908368,19.14010401,48.71206469,0.548011475,0,3
19.17411003,49.70757022,27.75775329,16.22046029,15.25616335,0.581878499,2,3
17.2210781,15.45509957,21.24617185,12.24781667,19.37062166,0.070483108,2,2.095995964
16.19865367,33.07755086,40.79676023,56.96551815,45.86143935,0.713191928,1,3
18.37615171,25.71446255,27.75825018,25.40054489,38.06786709,0.584098873,2,2.950666376
24.42909704,6.775337882,21.57763062,55.88089401,48.75423929,0.050394524,3,0.81278194
18.23202932,5.651178868,21.86970411,23.63067808,45.19167634,0.198425667,2,0.95858841
20.18790622,10.365286,26.29396997,55.37829797,14.67932226,0.20194342,1,1.258239576
22.03018959,34.20912832,24.45039868,55.19645264,39.18770867,0.170967952,3,3
18.63629602,30.52233896,39.35750294,56.18380225,7.18543542,0.658645955,2,3
24.71782083,29.90433025,28.04210117,34.80767196,41.80247504,0.928439615,3,3
24.62447295,6.433554314,40.11739463,53.29731434,32.07005431,0.762975325,3,1.066141113
17.51782296,26.11863484,24.34614995,57.53829481,48.02454332,0.477373485,3,2.609332124
19.97248506,46.6080268,32.32197949,26.23084709,48.2014605,0.404051298,1,3
18.0087831,22.89163412,37.20092834,30.94372028,7.286679906,0.386458105,2,3
17.84840494,33.12151114,36.29977135,45.96200937,12.22346685,0.601246958,1,3
15.36886947,40.0918404,35.02823525,25.01799109,26.78931713,0.359220659,1,3
21.09564334,40.27663756,43.12054005,47.69046545,44.57720862,0.226121971,2,3
20.02679023,28.36760371,25.71312869,13.69460726,41.6500314,0.602842907,1,3
15.51478751,43.60783754,32.34298011,36.17491921,48.39665119,0.390705413,0,3
17.78646464,22.6120142,42.09981375,16.1156742,32.81378527,0.014124829,2,3
24.08265886,44.99119467,21.94734414,24.66617382,16.54535838,0.022231114,0,3
17.39561891,15.81022249,21.39720671,22.93126962,6.129798778,0.274136611,2,1.927881471
16.44894872,17.60973831,25.83255719,51.94660368,15.03169208,0.5124222,2,1.846381935
19.8945276,7.390428089,35.82553049,19.67586277,35.38729391,0.354239508,1,1.559348777
24.85650454,40.80118264,26.49699066,50.42239601,46.68236705,0.024055152,1,3
17.42055272,23.76748563,24.7559971,49.6980173,19.44066503,0.223151764,1,2.593392411
21.72135547,15.31024763,31.47005788,34.94415278,44.40669486,0.096419309,3,2.18237551
22.61619615,15.43056249,35.33995172,21.69216278,22.77042118,0.948632001,2,2.029817011
17.37637544,45.56299736,26.21394268,21.344817,18.87220622,0.312834076,3,3
22.28216349,42.52624702,27.51727967,33.24623236,27.89799093,0.014766372,1,3
18.67783133,29.90888984,35.33898262,10.44045037,24.90230716,0.660563252,0,3
21.32305831,32.72498602,43.64346055,36.56753773,46.12099408,0.232447941,0,3
21.33529711,26.34465067,36.86854319,57.63897629,26.07156263,0.566736255,2,3
20.35774684,22.62499443,39.57260359,17.73534409,17.48009243,0.150745455,3,3
15.9028977,46.19645965,29.17025237,38.66728107,42.91545099,0.984013235,2,3
23.35302496,10.65257166,26.80635898,58.08893443,49.94372802,0.970259187,1,0.892783528
18.20780065,23.83010554,31.35669358,53.02610697,34.16771386,0.655983352,3,2.569980927
16.8651851,20.50528586,40.17832072,52.51900582,16.2707616,0.707202622,0,2.511014574
15.40775142,27.41678241,31.40749104,51.09249652,15.74667847,0.425878891,1,3
20.90892943,25.59343435,41.16813522,25.4511803,7.59680133,0.962179345,1,3
21.77564362,28.35002892,44.71929952,54.53084156,8.478186733,0.42373962,1,3
15.16587829,11.29635398,21.80066664,57.06701756,46.17423928,0.239467997,3,1.165920111
20.12093058,28.09136757,21.1352539,34.78962116,9.341919817,0.11537861,1,3
17.26495775,15.90884662,23.73974257,27.72855236,26.79547317,0.2081253,0,2.000861241
21.4517279,13.2949107,29.60924189,30.71145078,36.41548009,0.572213504,1,1.72324454
16.74366429,7.917539845,23.27605523,26.71032209,43.26596522,0.245091718,3,1.177973412
21.90937738,39.31936514,41.76661194,20.6209221,12.70719276,0.654249428,3,3
18.86735346,24.23488644,20.57865628,40.92242351,24.70004056,0.38218452,0,2.509127358
24.36729989,33.19896575,27.89481791,38.12984431,16.31660878,0.886872905,3,3
16.37520944,37.74170045,24.61736574,33.12925355,16.51203905,0.558478067,0,3
18.41066351,35.56924994,43.28848325,14.79226933,18.67276884,0.622604053,2,3
16.13473521,26.17253236,36.73702512,49.84464824,31.42022965,0.556559803,1,3
24.24693618,22.4554338,42.80075641,18.74667814,5.745986226,0.885568774,2,3
23.77339353,21.91819593,44.30821776,15.72810217,23.39448288,0.063419568,2,3
17.57941628,33.80219586,32.42745609,41.15356977,13.40735609,0.067348707,2,3
21.59984046,27.26574597,25.8579777,29.93221806,48.52033288,0.701740245,0,2.938314884
23.172222,43.21095116,24.84321965,12.99042377,31.22281217,0.767963902,1,3
20.55200812,44.36158929,25.57297154,27.77841775,44.0642961,0.433589418,2,3
20.29650578,12.67521701,37.71483269,48.58901761,13.8060494,0.352305208,0,1.862640011
17.41852291,11.13051432,21.0111432,40.76246026,41.45070647,0.277945066,3,1.266825736
15.93102768,33.36804167,21.28402683,28.13930115,23.66521076,0.234394886,2,3
23.97215758,18.55515866,35.20357356,19.59023958,12.996261,0.91195859,0,2.377086628
24.00418057,5.835682344,36.05142867,41.58978104,39.25603411,0.295139546,0,1.22181494
21.33101457,44.98892012,36.63157311,54.37776505,39.29049939,0.648078796,0,3
18.39029791,15.21053453,29.29701261,42.3136359,49.81495581,0.78709478,0,1.680936791
18.49209575,46.81762933,40.14862222,50.64519273,40.14217678,0.021966578,1,3
22.25955679,37.28455029,33.34061469,36.07639193,11.53702616,0.03387415,3,3
23.9711026,39.31940705,22.63664075,45.89855534,19.51451338,0.333137405,0,3
23.87086424,14.06576731,39.92748268,54.81133869,25.32771128,0.696015744,2,1.841371561
22.79875546,15.53874915,43.82669466,48.65894891,10.69937626,0.260798635,3,2.39777593
21.42031646,28.45704892,21.50090783,55.49269767,40.46175385,0.00148329,1,3
15.84139965,12.74449337,29.78378347,31.55698011,28.70143421,0.2881479,2,1.807598368
16.61628714,18.74442617,32.18790112,55.21101276,47.50023061,0.090130817,3,2.350197119
23.98554189,19.46581151,23.661769,41.07836172,31.5188665,0.219413306,3,2.214816514
21.0642906,12.183347,41.69272369,53.5024383,28.53045877,0.333190001,1,1.906472773
15.09197052,14.2332275,27.10374112,11.96882652,8.214131882,0.128057355,2,2.143063845
16.01471543,40.48483289,39.5752135,42.8926191,11.72056572,0.706364727,2,3
21.63501769,12.52381345,36.77486205,52.39875394,43.22867345,0.255920232,0,1.826262425
15.05061584,6.280582633,34.95114556,18.71010168,49.580419,0.661094799,3,1.275448032
16.60808051,33.32097242,24.80357122,43.08934667,23.68306112,0.599032853,2,3
20.48733789,48.91924037,25.51758801,51.24773571,41.45387377,0.898045488,1,3
21.91895198,19.90462166,21.18371012,24.39746848,33.24135948,0.087933172,2,2.408644565
21.5196126,10.33950664,26.01781074,30.2623164,48.15766732,0.214608111,0,1.491283803
17.24269309,30.66742964,28.63609024,38.47588592,15.71617559,0.865178429,3,3
22.12179221,45.7859395,40.8286326,35.95838444,29.51760844,0.822131456,0,3
17.37249087,40.28278009,29.15981667,11.95946965,23.39581183,0.192105557,1,3
18.25399698,33.01321408,38.86554457,14.9336049,29.37721892,0.107736012,2,3
22.46491405,19.17754235,30.98605703,15.02332897,17.09861375,0.856241465,0,2.372268781
21.49632899,29.3846078,39.6217078,23.11339527,27.39857732,0.178138057,1,3
23.4922341,9.106017859,44.40679001,22.29320564,33.1161866,0.871109706,1,1.73234121
21.57612892,35.55254409,25.99603895,47.11111919,8.65471478,0.961114699,0,3
20.68308603,37.62932085,41.5585403,38.6372193,38.43442647,0.220806639,1,3
15.93674768,48.42642303,35.54560216,48.19880423,36.79353334,0.8403876,2,3
18.67715803,16.71788114,40.43235654,13.49480287,44.62059207,0.42383109,2,2.672669759
17.65202368,5.830538857,36.28964756,34.26071187,24.16354483,0.788778425,2,1.055712473
17.43989643,29.5523809,30.59873768,26.18877896,7.775110968,0.407395541,1,3
24.73010555,36.8055727,25.70187349,52.49696554,25.76575081,0.070395599,1,3
18.93097725,40.56833641,21.75088063,45.38945785,11.19241274,0.712695273,2,3
23.92046555,13.71825199,33.38795911,53.46292354,34.13510661,0.15068864,2,1.874783614
21.31138626,16.77887911,44.75815236,12.32135612,7.120918586,0.927025089,3,2.583100217
22.94811304,28.06659164,38.45104513,46.04117448,21.82983828,0.417746283,0,3
20.02637093,19.87703645,28.18363853,37.00041761,8.727930432,0.082000148,2,2.516154013
20.76903885,43.7230169,40.68012,51.25000145,5.151489533,0.228480015,1,3
19.92517694,26.31920692,39.2246,35.35802955,48.22507508,0.862517617,0,3
16.95242988,40.98103898,27.04089483,37.0104539,49.82573066,0.32108547,1,3
22.22452115,31.12788922,20.35768724,12.58836905,29.99763282,0.856327995,1,3
17.80772362,39.78905637,22.95406596,43.42614325,15.75301325,0.172286738,3,3
15.24315966,19.97028439,41.93265476,23.65699378,45.99945666,0.468218124,2,2.924104598
21.45472296,42.41374799,40.91407588,10.98469611,46.53664687,0.878259492,3,3
16.77110679,17.3557542,27.38022502,13.32185813,43.4529001,0.048404832,0,2.49082859
24.40458584,29.57444636,27.12988566,57.86428045,29.49664931,0.304277183,1,3
24.53928577,14.63032009,39.82162468,27.30386448,8.36159724,0.909851589,1,2.062455059
24.1486439,26.39869347,43.44343675,53.40378143,8.979751739,0.596526328,2,3
18.701587,19.31788443,39.47843142,57.9838617,45.34789045,0.716232131,1,2.309781474
15.15456617,17.00165438,35.13946693,57.16335944,44.41220814,0.842128439,1,1.878783188
24.28318563,48.51432581,26.06678376,54.08626203,24.54787621,0.523596426,3,3
19.28184148,12.20333475,33.14369785,54.74219562,19.76695788,0.845365901,2,1.355018496
24.66654819,40.42966269,25.83779646,24.45040222,33.98557641,0.638764571,2,3
24.63619977,49.28742318,40.2002855,17.57349451,41.31445767,0.685650451,2,3
23.53009455,5.895566768,29.67402699,41.9631281,37.92582239,0.152854455,1,1.082632401
17.94448892,36.45623363,40.84243042,34.40527959,32.70213221,0.939018829,3,3
18.85097729,16.38103125,29.54023045,14.93733593,15.417997,0.79608435,0,2.075361939
23.51136672,6.821952095,40.60373513,43.8770658,16.81271911,0.254195996,1,1.469784391
18.16922005,23.13003105,28.33294538,38.14300037,37.58303666,0.579994666,3,2.586007281
16.69492747,47.08480146,31.00331762,53.15337004,41.11789336,0.376465905,0,3
20.56801262,5.529429247,35.38721048,40.45918978,10.22608346,0.660401999,1,0.99772371
24.36154774,31.45485614,21.75719035,38.69730899,13.42836715,0.993746843,1,2.986878781
21.96029797,27.56284154,43.70517655,32.03758617,35.6211618,0.045746397,0,3
20.7006117,44.3022874,34.34014465,33.13935349,22.50439644,0.952523638,1,3
15.97176494,8.780077153,32.69550037,57.71906135,30.34817903,0.072391332,1,1.354471448
21.15007227,35.66867134,40.98484928,16.92230047,32.66667287,0.460764636,1,3
24.9005385,35.60493643,41.64406825,32.31094093,39.92915603,0.482109201,3,3
16.40084015,35.10860076,33.05651011,42.7913617,41.25726278,0.268724455,3,3
20.18329652,47.40505227,43.18155814,31.65053228,17.60433104,0.566699286,1,3
23.77373072,42.03893881,21.61844415,24.16078135,29.3583528,0.833964146,3,3
22.40768618,6.888772681,22.83064481,24.36786854,10.55857724,0.293962181,1,1.059238986
21.97015741,26.19872828,34.91970575,21.68280231,42.89068259,0.070404938,3,3
22.02484084,22.90788753,28.85164654,27.19516003,43.04515722,0.632283701,3,2.664416854
18.59491151,18.95662495,31.60562915,53.58373878,18.47775735,0.751745129,3,2.037473514
17.93591844,25.31015263,28.20198045,35.26122752,12.22790933,0.95452301,0,2.641207498
23.09361155,22.28873832,30.11813279,22.0119364,8.154130019,0.159524647,1,2.932929904
23.10113395,24.45502549,40.56615868,29.22633585,30.87393989,0.901359866,0,3
23.67072319,49.06678395,34.836905,15.2915206,9.114264518,0.482123477,3,3
24.13240553,8.988483864,44.93361373,55.20178699,35.62676801,0.235758237,3,1.726738522
20.11342399,46.50038914,39.67197995,30.4098916,35.51568805,0.96274847,1,3
20.01516295,26.61065211,26.84165635,59.01956023,32.62943332,0.238429271,2,2.846376851
22.98295179,33.06840105,26.60862794,27.37693866,44.44522258,0.733444186,1,3
21.49963931,42.3582335,28.39745675,51.81780236,22.02263117,0.784886778,2,3
22.01966877,21.22083631,41.08148702,22.81926566,45.60213122,0.430519052,3,3
22.95792669,24.36898586,20.68219127,13.80764467,6.661641598,0.689984845,0,2.643236093
23.90005342,23.42833161,25.75453197,11.58666808,10.07406446,0.572477075,1,2.799212342
18.37995157,21.86289601,42.62296051,40.30842133,23.54925031,0.192032752,2,3
18.75582953,46.64881947,35.9974109,25.57868358,31.72968584,0.759887882,2,3
15.9398194,42.3018451,25.67117739,32.17599402,6.456903649,0.928016145,2,3
20.78280141,9.904999544,25.47862421,50.93235178,30.53455121,0.488638055,1,1.086144883
15.35942274,9.865550861,41.56545254,22.40540428,18.83292424,0.994310254,1,1.650861001
19.65598018,24.25412817,42.34393771,25.43262384,44.92160635,0.427965314,2,3
20.42644635,9.439581953,26.40327727,52.26680925,28.99780663,0.479736576,0,1.061531057
17.86541252,32.85918929,30.51275895,34.63811367,31.45522587,0.673897514,2,3
20.90833261,11.46612233,40.86489347,51.38325835,47.5529815,0.185770144,0,1.902057693
15.3050025,28.50679688,39.27518597,28.72380017,39.3876962,0.90194601,1,3
15.37348189,5.324897615,40.34790266,29.91849904,24.72229698,0.801272797,1,1.177598461
23.22600561,19.24683568,32.95995477,18.35691809,26.45958267,0.872417286,1,2.403570903
18.60190641,35.47358257,42.78872621,55.81729268,34.15657409,0.60955858,3,3
16.27060513,26.78175231,28.1487886,54.8391847,14.00896475,0.883747961,0,2.626202357
20.2224326,49.02212687,23.91680336,59.21085073,8.989287822,0.679972487,3,3
22.69993553,44.33467082,37.71830831,30.12235636,19.00564322,0.5115609,1,3
17.15821027,21.15818506,33.4838604,50.93074709,40.02722591,0.931790804,2,2.256744313
21.22890476,7.046894366,41.36464422,30.74768658,16.57957094,0.439719769,2,1.55617416
15.85347465,43.05318351,22.02898123,32.71493945,10.88416402,0.500569855,3,3
15.51681721,46.00554396,41.09231009,51.49996968,14.85601693,0.169543731,2,3
20.31354632,41.9282327,27.33236633,18.86833854,35.55378104,0.94765901,1,3
20.40635122,10.75774734,36.37139168,21.01554672,32.62766255,0.221052808,3,1.967472585
21.37429901,49.90618105,21.00321973,25.73641202,35.97417488,0.201415924,2,3
22.26091334,16.63628997,35.23953241,49.40895163,19.48811552,0.101194604,3,2.293593259
24.75852079,37.58922108,37.93179223,28.63257747,45.53852571,0.453359451,0,3
20.16300348,45.86156944,29.21875536,27.90841041,25.32966608,0.27361455,3,3
18.22956473,15.60592014,25.38526763,59.94081726,28.11708644,0.740781001,0,1.436968929
22.95186195,45.87163496,33.44076692,29.19030715,47.69635892,0.30752162,0,3
17.70832251,18.92667106,40.82977011,22.38852682,49.06747706,0.720770262,0,2.669389044
19.38971421,48.93859501,28.08868396,41.16068391,34.76942267,0.195961083,2,3
15.78456381,17.65670092,26.31173244,50.0939976,47.51659367,0.229965843,0,2.026804942
15.25350743,47.90461211,26.97338272,13.48039169,29.36783239,0.80617416,2,3
24.62648415,7.40950929,43.72830382,40.94461156,18.82773255,0.371093552,1,1.603568165
23.35980121,36.91724053,28.98192289,11.78677279,19.17917852,0.111773976,2,3
21.95974206,28.94500102,20.090106,36.31661755,30.15232654,0.961403805,3,2.720302224
19.08952944,26.50446847,39.5420302,22.84957819,32.22662543,0.177392156,2,3
16.7329432,15.05724414,37.48186988,25.33208488,24.78276815,0.150197119,2,2.426700669
16.56437043,36.75181054,23.21420662,33.3547982,44.76971676,0.358382063,2,3
17.50242898,13.58642712,44.62260623,56.35537304,24.20132534,0.095633769,1,2.234692304
20.49226665,29.87788082,35.20155713,45.53336533,17.30406411,0.155616376,2,3
22.14595923,16.39604134,32.51948727,56.84227981,5.359184525,0.846444598,3,1.731941946
21.60197377,48.00296209,29.55548169,42.99855023,48.67561752,0.171506856,3,3
17.79933897,6.288403723,42.46681889,10.35538735,42.09409774,0.111426814,0,1.885133722
24.54865281,13.98777261,26.09908704,23.27925987,32.70018131,0.879957537,2,1.595975461
22.37896917,15.90397729,27.14422251,55.28862889,42.37440143,0.443796508,1,1.720420603
20.54354053,23.63305216,23.06027017,42.17227605,41.46301536,0.157162941,0,2.631676657
21.11720746,15.47286088,38.97797739,59.08236183,46.93328511,0.581517431,3,1.964969668
19.19600062,27.11070906,34.88873201,17.79820096,22.37304575,0.04150584,0,3
17.4773099,44.26094855,35.22665423,24.83739166,29.96835089,0.427382555,1,3
18.55972679,37.04285396,25.46176078,28.11838298,9.438261067,0.590313826,3,3
22.5784611,31.09828912,36.27920973,26.32789091,48.43919416,0.95712003,3,3
15.14393489,9.005143009,39.13646118,22.59957651,49.33071812,0.326464764,2,1.81583486
16.16072641,36.22964488,28.94721327,32.17328579,40.50879116,0.765051097,3,3
15.46002642,12.48864279,40.0336786,42.11490617,25.43544424,0.132699814,3,2.095821264
15.40728802,40.38653237,28.71976471,25.56284614,27.34550379,0.43358235,3,3
23.55460584,16.25255413,38.95346154,13.98499617,24.59151198,0.22313473,2,2.672286805
22.03657859,23.76719277,20.84325269,45.42662634,18.19897864,0.492467836,2,2.370994186
19.74173829,20.7711591,33.77911504,32.95082779,28.75061325,0.417231859,3,2.664962204
15.97834161,43.64662616,44.23816402,37.8241153,7.405028128,0.97978505,1,3
19.91615875,10.69450064,44.53111502,32.77003286,49.63491779,0.917497998,1,1.767371237
19.73471771,30.45401971,27.04381446,54.51787517,24.08225608,0.5822059,0,3
16.7320187,11.39277242,31.03497728,37.93724986,46.73149628,0.176509778,3,1.706149098
19.33851649,36.71581263,21.5744477,56.16384199,37.59221573,0.556956991,3,3
18.98504734,45.72851575,41.83353269,35.52876708,18.04743126,0.792082278,2,3
21.15850098,24.55734442,34.21430383,24.62940811,14.99236782,0.038027112,2,3
21.35093651,26.96415171,29.62751697,27.77212936,49.80539452,0.434029349,1,3
15.4530401,46.73402764,22.81926396,36.10646468,39.74568598,0.042646915,1,3
18.74612615,28.44461249,43.66918214,36.49947189,16.23476634,0.243957938,0,3
21.25859916,26.94192971,33.2554762,44.36688508,8.035027168,0.09211466,3,3
20.03136259,31.02480962,27.07319823,21.22474361,36.36124454,0.960578282,2,3
23.56489841,36.01533814,28.75537825,42.942145,18.63574056,0.168828653,0,3
21.58693632,9.809751879,26.76742952,48.92940042,14.95988657,0.150103882,0,1.308876893
16.62934427,41.94997375,35.04524522,43.82959947,38.07218368,0.972054966,1,3
15.70568747,24.59772624,43.24908939,34.09140549,35.56675952,0.51596729,3,3
21.42419278,8.255682945,41.41734508,59.58403256,26.66357036,0.757985031,3,1.231313623
15.26511311,40.37822011,31.50952189,30.24065796,47.41951697,0.327314651,2,3
20.85775581,21.96274873,40.66248406,15.32953073,35.58372647,0.532860706,3,3
24.40230241,9.516537279,30.57763703,51.07521077,45.20388023,0.006853712,0,1.456729332
20.75474178,33.52005678,26.30767852,20.61006094,13.57488241,0.408818471,3,3
18.88169926,44.6059109,44.58537788,45.66427865,18.34906595,0.555089786,3,3
21.43288218,44.94890792,27.5971892,18.94881414,9.703406016,0.514410163,2,3
19.5825289,48.09485637,28.09310577,10.84386954,18.7060999,0.405819687,1,3
20.45616789,44.04674569,44.74232169,17.98993019,48.73002481,0.787907664,0,3
24.41464809,5.096341371,23.34818733,28.84943483,48.32853107,0.501640827,2,0.748592286
18.86102638,22.11085249,39.0133497,15.33091236,39.21738595,0.636120524,2,3
24.61190564,41.8344161,43.39531896,19.88395421,28.44717183,0.184621132,3,3
24.05350642,21.48138527,32.79487486,48.23131388,40.13509095,0.861500096,2,2.328237835
16.95791135,32.06968279,20.06304404,48.4941804,29.9069128,0.362836182,1,3
15.69361301,32.28426263,29.3764736,50.87441136,5.15788271,0.482103633,0,3
16.00778001,21.42613868,22.78922481,52.05776183,27.56961833,0.35219478,0,2.205579687
15.18221826,45.70132673,30.40469152,31.02179473,31.95155507,0.891907176,2,3
15.94442961,27.64527554,39.75066904,53.37748303,16.95867609,0.900740147,0,3
21.83006773,25.91528927,30.96778872,36.29684375,14.14821039,0.224284345,1,3
15.71188648,49.88811855,30.79812803,33.52985585,17.32140927,0.752714556,2,3
18.1897563,27.20751638,33.91973692,45.92681645,33.06324873,0.102883546,2,3
23.44875311,13.02792134,34.54226462,20.69092057,11.57288517,0.029850353,1,2.232366572
15.23271936,28.08812403,41.40740772,49.47486884,37.41477356,0.836584114,2,3
23.14468483,41.6307531,27.70888598,31.47329133,24.02036694,0.131178146,0,3
17.81854775,39.95871471,40.54178161,16.3647707,20.90065366,0.154782718,0,3
16.18164828,40.48617943,34.14834372,15.96559568,41.32540813,0.606588259,1,3
21.96737165,36.86107028,27.51323874,18.24533719,27.77284622,0.816768517,3,3
21.28942847,16.43980231,27.3781511,54.52863671,22.02802525,0.18960092,3,1.91649844
23.77472014,43.79378386,29.02843793,59.54689111,44.5169622,0.114192235,3,3
22.35071044,45.20495594,35.56733107,27.84868996,21.57132345,0.077322346,1,3
23.0348093,13.73687135,25.77029328,24.60719261,43.65501273,0.024846412,3,1.974201779
17.82034573,10.87050364,43.00833904,20.93854863,27.68894143,0.11647915,0,2.253036605
16.77439544,48.90222359,34.3728146,51.19082386,14.36031939,0.94269191,2,3
22.50614752,44.07457836,43.00039442,20.46037412,32.57681846,0.095282513,3,3
23.06834739,45.19562662,21.16010896,56.2045065,17.83955868,0.597558974,1,3
24.90505142,44.88693731,28.56528426,43.36751895,11.62198095,0.920966389,0,3
19.12617677,29.37590708,20.57019152,54.85638958,8.893821713,0.627820141,3,2.760789793
18.72018086,34.08807815,26.80629538,37.70049272,15.87638011,0.032745755,3,3
22.76412961,29.54132835,41.55016181,44.53399311,38.14495889,0.596413807,0,3
18.4080354,7.304285714,20.9152429,40.97290503,42.70996501,0.903065307,1,0.566341631
24.30757326,38.54763884,30.9036775,51.55977282,43.77743807,0.322559035,2,3
23.58412752,27.7399415,22.93917676,51.79304056,17.15667232,0.31362793,0,2.863889005
19.28994027,34.14690837,30.42101648,39.48964999,34.74378198,0.248863589,2,3
22.50871068,27.61879122,40.97128961,41.62538247,15.3659327,0.505544587,3,3
22.54542874,27.1315095,35.57677584,56.09379602,33.02429513,0.237942846,0,3
16.03123869,12.73050993,38.41890863,56.4933242,44.92449469,0.723788771,3,1.626853653
24.02552907,17.54211718,28.72760289,43.21248919,6.840215717,0.644861747,3,1.957242715
20.05252372,12.14837114,43.60994238,10.38771391,49.33515505,0.400773615,3,2.364237913
23.26457466,13.8049833,37.73155234,15.22056074,42.21895449,0.722555058,3,2.124733606
18.20049601,48.78398212,30.54497048,52.89712659,39.27479523,0.098496306,3,3
23.95523228,11.89010506,30.66162001,14.23570582,36.11133022,0.749528403,1,1.693943246
18.89201679,17.11716909,42.96710445,20.67595904,39.662325,0.602908182,3,2.635740043
15.10837651,31.5765346,34.41011734,21.52733401,49.75679102,0.630082876,0,3
24.05381976,32.45803593,37.65948025,40.01173849,39.65860837,0.0646637,2,3
15.91286677,11.92883584,30.42588061,38.83163989,20.82203531,0.618135012,0,1.509695699
18.19313638,40.71728416,25.59231912,24.47087617,32.62648338,0.494122024,0,3
24.50061967,40.33412906,38.0889823,20.38056828,20.16153573,0.485862502,1,3
24.50607147,15.67929669,35.1955943,48.22660149,48.65294495,0.3218534,3,2.097923431
20.73437888,17.98998362,32.53357201,56.77280778,45.50628798,0.007613883,2,2.311915743
21.31837212,47.20945395,35.6005235,12.640284,30.54291024,0.4226374,2,3
19.48445522,42.15521507,25.20713965,16.65902314,40.15731895,0.400916224,3,3
17.93210772,36.40086649,39.84846766,42.10819944,45.93591243,0.422805407,2,3
18.28664545,8.700494968,43.70407013,50.22207258,15.96201186,0.611994007,1,1.518634105
21.72518456,23.82188364,42.2775786,49.55943344,31.07668356,0.299906214,3,3
22.52374529,30.16858424,28.03589363,45.98415765,26.67723437,0.269383449,2,3
22.91579044,13.43350796,30.15014433,54.37139772,39.72161097,0.497781279,0,1.55575099
22.89618143,25.17019619,40.21005749,20.86744398,22.05871346,0.592317676,2,3
15.91206103,32.04616449,34.87792827,15.36454732,36.90408379,0.567328427,0,3
19.94420305,19.73195061,33.69786109,40.7681485,23.13468901,0.881641734,3,2.247954745
15.5755876,40.14251685,43.16604919,51.11379458,9.998368909,0.769144058,0,3
20.49528882,42.82023117,33.40062402,39.10217892,9.820464422,0.052189896,0,3
19.41530501,19.56242612,32.87346699,58.14987437,10.3575346,0.563475415,1,2.188788394
23.87704183,42.73957195,21.05046478,49.77822307,6.463394417,0.417814209,1,3
18.50915013,9.660945475,21.73542396,45.03959005,28.98379272,0.361051293,3,1.059687132
16.17067016,42.69780944,20.1855077,13.01286454,35.23562069,0.957895906,1,3
16.42991682,11.87376943,42.83110564,15.38711194,10.70277808,0.456795783,3,2.232811453
22.61510632,8.731721863,30.2096665,49.24188163,32.53361001,0.719434895,1,1.028024806
21.18218063,33.8798932,31.7140344,19.91189628,31.89830352,0.96708697,0,3
16.01122676,26.23718146,41.13467369,11.4417588,11.61923231,0.151000136,3,3
15.84106806,45.85507702,35.23115776,55.53803429,23.183717,0.054616262,0,3
22.00969131,21.34351382,35.23753991,54.54026869,38.98110694,0.313620229,2,2.606723244
15.72763006,17.92185185,27.41336073,20.92419136,5.75402115,0.044444265,3,2.47449983
23.21860059,27.53307078,40.84770935,49.0103129,11.61265478,0.116764611,3,3
22.06242227,25.51757836,24.1457494,12.39898306,49.81227684,0.991709823,3,2.736771407
15.81348781,20.49926208,21.3287398,24.25290019,38.00952037,0.960178905,1,2.038265747
15.84837714,36.21835844,24.79008394,41.18334541,25.88586256,0.691292659,2,3
24.86639579,39.18028253,26.69343047,48.15894981,33.34106354,0.752987,1,3
18.74270796,43.38427861,27.05777645,10.51995944,43.07994368,0.140492078,1,3
18.70642147,48.77854721,36.76283997,26.31043066,42.90370635,0.595235576,2,3
23.12799567,16.99952865,25.44561468,20.717278,19.6115646,0.154412744,3,2.263760868
24.47248577,37.22420671,36.91645761,59.93902029,27.10811401,0.378386156,1,3
24.86001064,22.7416206,22.27830433,43.54911162,33.71247934,0.345345025,2,2.408608575
22.53378185,35.46868874,23.68006153,30.28357264,8.235361243,0.613960461,0,3
18.76259586,26.41917607,32.72053621,13.7826301,47.56084697,0.079693109,3,3
15.83500717,49.71978962,43.04739506,39.93351288,24.47338215,0.10346207,0,3
22.77146916,37.80059611,41.48918972,42.08507355,21.68880473,0.609931924,3,3
20.5840425,47.86210852,44.21883606,50.82029638,45.81951627,0.636117657,3,3
19.24222009,42.57362973,36.26197663,24.42884265,10.32289919,0.339882425,2,3
24.06354385,45.6305455,36.89537166,59.07140402,6.766735882,0.146871128,2,3
16.11197482,41.64886387,35.62557497,31.97328697,35.82510855,0.886079916,0,3
19.92625104,25.66216087,35.57047307,24.79718773,22.32513356,0.052948798,0,3
15.11353645,16.3304804,23.67800863,27.4224667,39.4014114,0.717375518,1,1.789402568
19.68660642,21.6644079,33.5934739,35.97930265,8.084507519,0.140044718,1,2.856407867
15.56303276,5.910630469,29.65169834,56.83507823,22.26907146,0.637373908,3,0.692415255
16.18817916,28.57969254,31.06343039,46.7579399,15.58963454,0.663655847,0,3
16.17526247,27.72760101,33.09001433,38.85548247,38.28229398,0.804259637,1,3
21.49210302,28.63627092,23.2099043,18.1405194,15.22265497,0.395025082,2,3
22.46044879,48.83140512,28.98719335,17.46766554,25.60754006,0.021796468,2,3
20.83368765,46.01543016,21.58623902,35.10984569,41.8494898,0.811049386,0,3
24.62172548,12.27707502,44.49170326,46.43543523,46.1925741,0.444068019,2,2.024375916
18.7487058,21.59971347,22.96320072,47.55060864,37.51726071,0.84708982,1,2.026360375
17.85712086,24.07802808,26.46311846,21.29571919,24.31527852,0.77598495,1,2.68895709
23.68599128,21.2239813,42.28232317,15.00497564,30.73936436,0.498306821,0,3
17.23595839,40.93231836,32.06775116,29.22304946,36.03604762,0.999399409,1,3
24.63222539,28.58169514,23.39093004,55.90862716,44.3719682,0.462075077,0,2.847743372
15.12154475,30.74449176,29.60576345,37.26836263,44.98582931,0.69650462,1,3
24.69878827,43.38561015,22.89669985,26.00498834,46.89362712,0.66980382,1,3
15.43159912,41.2667669,25.00539993,26.18188342,41.48199945,0.518066715,1,3
23.91143114,10.94951853,21.30074617,16.60435226,11.60590712,0.585350289,0,1.346258058
20.27701109,37.12615628,30.95568736,33.66118681,38.643779,0.798608762,0,3
24.92964796,24.5946258,40.16590304,49.56813393,41.65665681,0.571613268,1,3
15.73796565,18.25920064,34.64922947,58.42793458,44.50421425,0.450148305,1,2.171540881
20.53854284,7.250846941,35.15863264,35.07975,46.61676026,0.662082475,1,1.215200378
24.69302536,26.92623022,25.01460075,18.36074579,27.91219161,0.035509035,2,3
20.23097844,20.99465063,28.59734608,44.14751999,34.47917128,0.109193875,3,2.556637795
21.29398638,16.31808679,41.1310526,47.83956714,5.429874948,0.12542638,3,2.461734904
21.95748689,36.26022783,22.19640461,13.58498747,30.77526055,0.425767664,2,3
19.54541065,39.62684243,41.44826634,52.50695648,26.29392715,0.87177524,3,3
21.2755808,16.01552836,32.09225066,51.4661195,48.30377201,0.643294598,3,1.83498603
20.84314312,7.225134651,40.92868578,33.6270527,45.57691844,0.972618479,3,1.264223225
24.0115801,43.19387153,27.95016048,38.02112593,40.89217682,0.039940969,1,3
15.4544638,5.448188354,28.47107379,45.67040319,7.564738303,0.722007045,2,0.676147074
17.8096319,47.17006223,38.79012171,43.83740625,23.0912979,0.314201557,1,3
24.50411484,33.24289433,39.62490433,10.82679891,36.3219,0.023285436,3,3
23.90263784,19.48309858,25.74111695,16.12176519,6.33473346,0.82592669,2,2.232166093
19.55656753,16.09150593,44.32178312,18.12952779,15.61162063,0.162693543,2,2.823901314
21.20132598,5.405254892,22.11225261,47.78379445,44.93782356,0.21407491,1,0.692725177
17.77381183,15.59621377,21.71257408,32.00417814,10.84013453,0.340465859,0,1.793099135
16.8812116,11.19777357,34.88760538,37.27513132,7.311807695,0.788357117,2,1.515767665
19.63698405,32.54747993,38.06851919,48.63437184,31.12635903,0.624590579,0,3
18.53352228,12.49455149,44.02215323,27.04911345,47.59090769,0.264861136,3,2.313938554
20.83656112,28.78834269,30.12364452,47.44451137,42.5581133,0.168489338,2,3
15.77734637,31.55523901,20.63228522,32.11496373,48.86476271,0.109548237,0,3
24.74394808,18.41187643,35.07240849,28.85900939,38.90854192,0.149816573,0,2.646769545
24.86210744,6.577922706,27.24240051,26.6518632,24.68163983,0.868145153,1,0.865281079
21.98161714,6.676424628,30.82367803,58.24724077,47.59773978,0.922683373,0,0.651284303
20.36096366,6.185629949,32.21173706,48.59867054,24.19849753,0.967957808,3,0.722321954
18.09527616,38.26061002,21.61281527,11.00979704,20.75425774,0.834731884,3,3
23.1379502,19.31043672,32.14954461,57.87077433,25.1688163,0.887390325,2,1.980292253
21.84731173,40.83350837,30.65799167,48.77198149,41.62882795,0.8161035,1,3
16.62616939,24.42797707,37.81360663,17.45873572,46.29620974,0.958055769,1,3
24.10927184,25.38491454,36.14164778,13.81690627,21.09569495,0.845650942,1,3
23.22537243,28.07971711,24.63039295,25.40970468,25.80113554,0.462002682,3,3
24.49799913,37.08641554,25.15347296,41.20907647,45.42472955,0.323254314,0,3
22.25719508,17.30762896,26.27515447,40.82733446,7.116964904,0.584211889,3,1.90622209
21.13415196,10.47143073,24.47376101,23.79250626,40.27409124,0.608183328,3,1.32091838
19.18243036,30.02258008,36.43032999,32.28374893,25.43979912,0.574914539,0,3
24.32728483,19.71399305,44.86075448,20.59450779,21.9433258,0.706726343,3,2.907449538
23.6606389,24.91210912,36.30270851,12.52893426,25.11145813,0.698976579,2,3
15.4521867,34.11260188,35.16703865,35.84852337,23.8410804,0.087194284,2,3
15.26366974,27.23565835,30.24819833,27.34955671,39.04783782,0.285522452,2,3
18.76463367,32.91254677,27.81450647,37.14412161,46.7576385,0.889860187,2,3
23.10553331,29.4890001,42.77684392,57.32536612,27.11551215,0.590035054,2,3
24.87276129,38.29083674,44.22504685,17.16851558,42.47302036,0.328524698,1,3
16.50416891,36.7671478,32.41940439,10.09810092,37.93750411,0.85045865,3,3
20.94130715,29.03854513,27.25501239,13.84391066,19.88063535,0.249042286,0,3
18.80890857,35.55063594,39.25305519,33.13541481,31.42912165,0.409199864,1,3
24.69914398,44.3101821,23.31141977,45.34660149,35.00670538,0.276254772,0,3
23.42118923,24.45220795,39.13970594,39.03818017,6.057471735,0.871349924,3,2.923820896
23.38328705,23.57433827,40.47370936,34.74473037,22.81799981,0.728288687,1,2.994965826
19.6869316,39.39105294,23.12259862,27.69815655,49.66871791,0.460225645,0,3
19.14819502,31.21492267,44.42153672,25.49870858,33.67653922,0.932300832,2,3
17.73407072,8.19530511,44.63780726,28.81430876,20.04098312,0.927444781,1,1.555591942
15.56375497,45.14504071,43.41798698,40.5817477,16.25108177,0.711525026,2,3
23.64722376,6.385239601,32.40087024,18.38769779,14.42667209,0.891993633,1,1.088679173
23.12901009,38.67783603,26.15185356,48.56810415,23.0738634,0.719393121,3,3
24.99717673,39.14573642,34.55023202,38.762662,13.69695608,0.628211868,1,3
24.96636837,47.88999884,30.49834596,23.45781888,11.08337819,0.420783018,3,3
20.55431706,7.436048378,25.14871612,35.05764814,21.3828478,0.273469762,1,1.094584013
22.68987415,31.85855874,30.59191024,58.13893438,32.31498617,0.060257359,3,3
24.4476573,24.25282568,36.59724589,11.02457646,11.58796319,0.800869972,2,3
23.49647391,19.87848297,21.77283277,19.97613205,6.995447324,0.122163081,3,2.452766528
17.47348102,9.064335213,28.33545004,32.419012,6.558476813,0.410349241,2,1.321583782
19.50544135,30.31943539,20.44487225,41.92198609,17.03229136,0.234634214,1,3
16.29159415,26.55683266,38.73738764,20.61141331,13.55595307,0.454626299,1,3
24.54051027,9.704950617,36.01728169,56.57019742,29.26649121,0.314983825,1,1.447877231
21.06174634,32.56202782,21.56680337,42.12860062,25.50740842,0.829693846,1,3
17.28642806,38.20789041,44.11843899,53.87159745,19.61449765,0.978178561,2,3
21.71700684,39.52752355,20.56553893,26.46589651,42.50942754,0.941554776,0,3
21.1812824,45.74179347,34.74901616,51.44769672,27.72261468,0.622369919,0,3
18.58162718,23.42618338,39.40918654,28.91096084,9.118849644,0.979276548,3,2.877510008
16.13557592,47.88827459,39.69740783,22.63758862,18.30939593,0.400722658,1,3
21.71573196,43.94432323,20.85712839,55.58276696,48.80026698,0.522487444,1,3
20.20307701,18.3425707,42.66037832,14.61092378,48.96397943,0.256849832,0,2.981735526
22.72318392,12.16773668,42.9612918,57.1444398,16.4602236,0.897982532,0,1.628381064
20.20163501,24.59252283,34.03475933,32.92576029,12.5256258,0.179709121,1,3
23.521815,23.08544186,32.05207997,59.63127367,27.30596658,0.610487473,1,2.475390378
20.51906839,30.90736874,21.12168658,36.97973269,26.66592132,0.799454119,0,3
20.60937972,31.25238045,34.04885356,47.8744086,23.45619593,0.595398747,2,3
23.76653603,38.7494143,30.23447704,10.35355082,28.82107524,0.078775218,1,3
19.03482866,27.94504767,39.32016019,34.833341,15.44879203,0.611446879,0,3
16.34015228,9.717018842,30.09708917,46.87267358,10.17182037,0.767079322,2,1.122671793
15.28782676,43.6231101,37.08952083,49.141351,30.67076563,0.187828159,0,3
22.55137256,18.93940624,22.53520366,17.90242913,46.96690986,0.736952856,1,2.09761336
21.20309551,48.70838571,23.32380677,30.94854752,11.19871745,0.878577708,3,3
22.04079768,10.30370489,23.49275477,30.95359791,36.71666259,0.986458495,0,1.010697088
17.12964162,48.12130275,21.13813749,15.18204042,24.70535093,0.410059264,3,3
16.36371476,9.09553131,33.53322148,32.15227538,18.22894654,0.025162383,3,1.693223235
15.14544666,15.39662621,39.84919315,50.35464793,43.38991483,0.419079,1,2.15488308
18.50587559,7.096097394,35.26028009,25.00903688,25.54212625,0.66022784,2,1.30474812
20.89917687,36.7300916,34.37387214,31.62872609,31.24904063,0.891365038,3,3
18.92244045,43.26344315,37.01559821,58.04793425,24.93753291,0.938105792,2,3
19.37474922,24.53319868,28.49113308,11.58540379,8.656231175,0.909575787,1,2.832382373
24.04158694,46.78349338,29.04885179,39.57608839,31.77071091,0.657959773,1,3
18.48255467,31.56345823,27.85675246,47.17180459,23.84784388,0.682523043,1,3
20.13989489,33.3503211,37.80272332,48.0441217,8.904047273,0.002383807,2,3
22.83653013,43.04386408,24.04100839,45.79690124,31.81152805,0.363731243,0,3
18.96542782,18.35600923,20.32563201,46.32257217,5.444191942,0.906856236,3,1.59646815
21.220867,20.94195746,34.90491117,12.95063328,14.38341747,0.689617664,1,2.78337762
23.62363709,45.76783636,43.55953412,36.70683096,40.14812916,0.467920751,3,3
24.49520624,45.54335732,35.23519792,49.14845358,6.706734119,0.104252415,2,3
16.47073481,48.94172493,39.57304132,14.70325245,34.10069441,0.246316666,2,3
24.26587625,45.58272424,36.81976774,10.60249612,47.73681258,0.554922518,3,3
19.92116293,10.73174162,32.43591634,50.72809158,12.70366062,0.897501514,0,1.198339701
17.58244388,42.06759288,37.95981004,45.61471938,23.77003371,0.095812348,1,3
19.59135756,23.44273151,40.6026031,30.61032085,30.89739638,0.153755444,0,3
24.80032575,49.58606102,25.6182911,57.01982163,25.26871274,0.655005076,3,3
19.92618094,26.25264339,28.40326201,48.32990473,32.91699588,0.294149731,1,2.941665827
18.2875161,29.92262371,25.59314331,58.39304708,23.18438863,0.169703792,1,3
21.33400854,28.83987119,31.30432389,56.46576298,11.68268581,0.178435965,3,3
17.40145619,19.47816634,42.12661377,34.06468015,9.006996192,0.492613226,1,2.765083679
15.75863328,8.375994,28.63017752,47.73544893,38.49994203,0.583744256,0,1.022712033
16.28879722,45.30430537,29.36167223,43.45956944,15.73807773,0.904349467,2,3
16.28045839,41.12041156,41.50918087,50.5722605,43.13526407,0.529817189,2,3
16.51902694,11.27870513,32.88435827,49.38442011,38.43622597,0.691273581,3,1.384534796
16.38827173,39.95457221,33.38622499,17.6615985,7.225393295,0.180685953,2,3
21.40874745,33.16309997,41.52003008,21.68677659,14.05450027,0.713460287,2,3
16.81880084,23.41147046,32.26316843,23.28657886,18.13966955,0.648693589,3,2.85937341
18.45667283,16.43095171,37.03893837,50.92492796,31.7517012,0.216182063,3,2.260386139
23.9678841,43.68779526,22.14111665,50.5370852,41.44221501,0.669377465,1,3
19.7396164,36.50847167,24.46579283,34.76676735,7.714996482,0.211492044,3,3
21.67557739,29.64829593,30.10940502,39.04161296,16.23240283,0.593577775,0,3
16.72319871,32.43058403,32.3709767,51.34610765,21.92943931,0.668849705,3,3
16.92289019,9.097978194,44.14334253,25.62968003,13.25197196,0.693350545,1,1.778270498
15.40868616,26.32638924,44.26629083,12.50893885,29.53814439,0.909266593,1,3
16.68935063,13.71651318,41.27992719,34.12982191,26.51011157,0.947837355,3,1.932431994
17.78590339,14.37726556,27.88997088,55.68585719,19.24230389,0.810197952,0,1.405434703
16.77010484,34.7586783,44.10070727,49.52341305,28.25990991,0.878748113,1,3
15.88702534,46.00652683,37.23352162,28.33086516,21.0119704,0.019328883,0,3
16.20635871,23.16904747,29.8235032,13.23856802,20.44373304,0.362668109,1,2.997301786
19.60778768,14.34871729,37.54187292,41.84597527,16.94279864,0.039722214,2,2.247946633
17.06333718,34.19361218,20.41306824,51.72453979,29.31970704,0.224845357,1,3
18.64269861,44.20341709,23.65386706,43.24742832,24.98519275,0.381724323,1,3
20.03417271,38.67434605,40.74214279,31.25373324,13.83461529,0.86757551,1,3
21.90394829,44.09407537,36.13934092,16.16768066,5.58348174,0.511754086,1,3
15.3931214,29.1449602,29.10486753,55.53871221,11.79182933,0.648861051,1,3
22.99410399,38.834431,32.51666601,23.79791629,6.927557067,0.362815595,3,3
21.27900389,11.30290517,42.62855374,21.21435182,24.42194751,0.602915907,3,2.037640837
15.81759032,20.67235769,35.78945274,50.79883328,15.12935843,0.815536499,0,2.344460945
23.73578624,22.5297124,29.9537321,59.06099694,23.92048996,0.301241382,2,2.510198316
24.20872401,28.00830858,23.00816643,43.00801294,19.8252443,0.932256698,3,2.671561261
15.6107796,46.80843621,27.34367004,41.24052445,29.21066648,0.213313496,2,3
17.76877648,44.34334521,44.45850582,25.97154346,37.5740073,0.919301307,0,3
23.0620128,11.05364715,30.93407657,11.02067253,26.56912722,0.028297545,0,2.012145103
22.4825969,12.77553433,31.7959866,19.58989329,7.788562742,0.542752278,1,1.870144582
16.84521019,21.09382473,32.46495081,39.22152183,5.787971664,0.985172903,3,2.30674583
17.09349323,18.08347397,42.10260057,17.56582309,14.59540248,0.609778727,1,2.731219821
18.70472103,32.66469289,35.09820711,54.19179035,24.123538,0.554861623,1,3
19.84522985,45.62492215,37.34192591,19.40723439,7.020726288,0.682470247,0,3
21.18254772,48.30311938,29.73533856,36.10522265,19.74802122,0.289302248,1,3
18.6891364,34.41213286,20.72719046,35.60066229,44.91615686,0.053915339,0,3
19.62534716,42.71716406,43.27432286,40.19728151,9.050855983,0.251064249,3,3
22.47470938,28.63409901,43.72819202,26.37170349,47.68324294,0.176247167,3,3
15.36683203,14.37471261,43.72882633,53.67671005,43.5502299,0.923569237,1,1.896547086
17.52436944,28.61097854,43.59217717,32.2150768,42.43015202,0.852262029,0,3
22.13349586,29.97871706,40.38104853,45.00767894,43.86463299,0.317713884,3,3
23.95206838,38.41059039,37.11490125,41.79554305,8.602261936,0.836069306,2,3
20.11677442,14.89473454,41.11274796,15.85780416,11.80256423,0.211752689,3,2.595444
20.32113485,21.57396719,35.01365598,41.13196764,11.0467592,0.199579254,0,2.813409282
16.07172011,21.38123611,23.35924035,37.5351339,10.00588148,0.767535429,1,2.157645903
19.47412367,48.17478181,29.78045413,54.93020316,19.74700488,0.326930613,0,3
20.32617266,24.97752321,44.2823728,54.04383182,42.35975973,0.064792639,1,3
17.42470504,38.97922853,28.77844534,17.54773937,16.33829646,0.719986581,3,3
17.69243231,38.78651216,41.69569784,14.08425728,15.98997555,0.98960138,1,3
18.77284163,16.94948832,22.33028677,24.72961096,35.41499408,0.565977715,1,1.909006757
15.20071198,30.73413602,28.35459606,59.33064283,9.361629596,0.263667575,1,3
18.22079166,45.2436302,28.77383312,11.07868882,21.21259966,0.372905694,1,3
17.11448007,26.38389738,21.29006358,43.64461198,18.29418381,0.648649559,2,2.587287624
18.27497352,47.53028783,22.97735825,40.42568669,43.12853889,0.701379612,2,3
16.19762132,14.65062032,24.82913028,42.32891402,28.15255749,0.886332223,1,1.426244456
23.90527281,8.33715976,40.94538977,20.91429449,34.09131039,0.908835372,0,1.535001671
20.93592454,45.11542429,21.58504975,21.33586729,10.80654522,0.861278512,0,3
21.79102319,43.14565391,27.46752253,31.53210411,46.80132173,0.648490926,3,3
22.89171239,49.66654442,20.25437506,14.79289035,19.51034694,0.44985237,2,3
19.98442199,35.57270697,37.39069364,13.73066045,36.8077477,0.679305484,3,3
15.86920288,47.1509567,35.50757725,14.41797267,47.9581781,0.666565457,3,3
20.37106542,42.21270613,36.12455655,38.64895857,27.88919877,0.217982921,2,3
20.86841118,42.99918499,29.35956962,29.88709284,27.83908664,0.507553629,1,3
22.45439474,30.61137067,25.20669553,24.68083903,10.27622406,0.208214764,0,3
19.31659546,22.20640691,38.00800533,25.79096898,22.56240004,0.899123781,3,2.780102621
16.27580303,47.05511326,40.27794682,20.36416529,43.36092225,0.323247909,0,3
17.83775906,24.4452729,23.46503745,30.57526677,11.07979282,0.805425989,1,2.518229543
18.63082296,29.24687153,32.1707357,20.15290346,46.28768588,0.377227065,3,3
21.45917241,25.07514382,26.21789205,44.90230211,35.02892365,0.763736142,0,2.550553025
20.70778305,30.41682413,24.20267153,16.19662563,23.94319258,0.220912455,2,3
18.56096726,26.17272855,38.35813284,57.41210423,29.59242883,0.763743218,3,2.939884632
24.86515249,7.158540136,33.45242339,14.49094701,11.77234735,0.179532034,1,1.596259306
21.05774819,44.69216837,25.40463331,57.17303571,14.78674819,0.49081754,3,3
17.37226792,24.99772185,27.75000028,51.66474858,17.88837922,0.113626745,3,2.851311336
16.01782473,31.50246418,44.16634178,44.03560603,22.31807532,0.527898081,0,3
16.52859139,11.26345112,41.21698912,55.61508278,46.19848977,0.82071435,0,1.533736747
17.45957728,5.152453159,41.99866857,16.96093968,21.54060612,0.755546953,2,1.367818062
16.60681373,16.03805421,31.50030243,18.81573871,28.57258582,0.050715215,1,2.440300508
16.86567024,36.70637145,35.5951816,22.6076296,12.29117726,0.492177571,2,3
17.85095169,9.463753855,29.41919351,22.24057634,38.11879405,0.85222531,0,1.27849675
16.73373595,45.89993482,21.94279939,25.54241355,30.21263821,0.65010349,1,3
23.96765425,14.67601562,30.02673277,38.78154491,24.79583561,0.059201319,2,2.051076546
15.80233746,14.20671264,34.84951883,11.40863057,47.62339095,0.325632023,3,2.305419575
20.2451139,13.16785827,27.17860677,29.11362975,45.07928799,0.556586889,2,1.653309644
19.10396827,5.629177084,41.19876437,22.31925639,34.67800726,0.172651475,1,1.626691552
24.82378617,39.73124608,23.77750398,40.3314924,46.48155828,0.681914067,3,3
16.12038902,44.37655391,29.17822724,59.25846655,30.41518077,0.634846409,0,3
18.97855599,32.63732162,23.12259763,35.88273061,42.21217183,0.20244428,3,3
24.69470433,13.46899918,30.12080335,31.28426196,23.42570739,0.550397965,1,1.762885094
23.65507126,17.83750986,20.99153262,28.41217726,8.903488611,0.811718556,3,1.79348769
23.17072071,26.41670138,26.81373488,49.24746094,49.73668653,0.3748267,2,2.855573341
17.57902827,47.94556782,30.01838138,13.59904658,12.45341844,0.246986575,2,3
16.70887587,16.13081173,31.95413408,57.98852572,16.31795177,0.701220573,3,1.747723432
21.6864322,37.92406568,33.59240896,30.8958943,12.33965252,0.070804314,1,3
24.29375989,24.77517005,26.87477824,25.68503629,20.18657831,0.832673807,1,2.70015568
20.56762893,18.40313068,33.07603337,58.70340582,18.01760602,0.943458967,1,1.884083971
20.71612689,25.51621717,32.72511554,56.79394316,32.04960118,0.964787005,1,2.592125967
17.79979094,8.204302289,27.90445127,42.09670699,49.84070065,0.432538754,2,1.113342158
22.69492933,40.94093169,40.75500827,10.92536874,7.362907497,0.623202841,1,3
16.87043749,15.94858676,33.64102816,47.42674881,40.0299401,0.857364557,1,1.813276515
18.23679236,37.64354554,28.30674297,26.77787,10.7596366,0.22342399,3,3
19.25436439,8.075676715,43.6834628,29.41401154,5.892576108,0.027702669,3,1.955691648
20.07610379,47.97943503,41.12781033,17.93710645,33.73595691,0.384566232,2,3
17.42409732,13.68567434,44.56469529,36.17290419,44.2991853,0.884371059,2,2.050142706
16.14836825,44.72339343,37.30584687,47.22762981,12.9334328,0.505071912,2,3
21.10620042,41.42629443,29.45557264,23.6505559,20.37262031,0.530218949,1,3
17.88630553,48.55369658,27.02151667,56.9366454,12.59375919,0.691474045,3,3
20.81238221,26.50507974,36.58294609,19.7368428,45.79284062,0.57451726,3,3
16.54362715,37.73287822,44.52041456,13.31311703,17.16621946,0.054476639,1,3
19.81140102,21.68197957,35.667877,42.21819367,25.01208011,0.560860125,0,2.654515191
20.32589433,13.29657071,42.04037352,52.46593659,45.26335743,0.647958851,1,1.882364064
15.51823537,24.93841698,28.22758578,57.65664297,29.87911417,0.641595778,0,2.537396906
18.36604278,12.45870569,30.17384456,48.35855053,46.97824103,0.728344159,1,1.403907803
16.34414677,49.19200803,42.65688099,19.98250058,46.69026866,0.519920277,2,3
15.6337497,9.331092101,38.92166755,58.88305924,25.7720459,0.900058798,0,1.191638137
24.89960232,31.51452756,44.53525801,55.9717938,31.20721757,0.464260613,0,3
18.22353845,33.19087349,39.36910524,18.15837114,15.36414232,0.518186473,2,3
23.09874446,29.21357943,31.21289268,37.93929135,49.57411185,0.780305756,0,3
17.54640655,34.79836486,33.2767005,37.7758713,17.52424972,0.833234976,3,3
21.81502722,10.22813488,42.51288731,32.12673891,40.24881446,0.648361467,1,1.794461609
22.6022786,29.97583359,33.7911684,59.21406651,19.08360771,0.126373213,0,3
20.95638741,17.9245657,26.38493435,12.98111186,19.08690179,0.331952094,2,2.376167216
19.71576189,47.30792285,30.89049532,41.36044542,9.673831702,0.020155552,1,3
19.11840914,39.2932244,32.90789972,20.26518113,30.19531149,0.295449808,0,3
18.48868267,48.7631517,22.41799584,36.36656024,16.01745522,0.570244291,1,3
24.29529144,6.690023138,38.59406686,48.98703859,11.6777641,0.805230739,0,1.062985453
23.30619408,17.83099288,22.73384833,22.33634016,15.20000125,0.585649774,3,2.024705944
24.65026911,13.7940164,30.12294283,29.66797732,16.29919207,0.039894656,2,2.066872633
16.24297223,5.501956429,40.11556104,57.53840371,27.68375553,0.25910646,3,1.182443744
22.30867475,15.90465786,31.68925904,48.07403689,22.36653665,0.578061681,3,1.877003211
24.38340457,35.54491926,41.05038799,38.63615923,8.397062646,0.709047722,0,3
16.81233066,15.3990015,28.54703305,21.09986939,29.12128623,0.86645385,3,1.847242299
15.66496267,27.90515505,43.94090735,31.26527187,40.44863532,0.967645216,2,3
22.41120649,44.95181517,25.2367108,48.70306595,30.84058224,0.891786621,1,3
20.74473113,36.21910642,20.95660362,51.02715391,48.85431135,0.467327987,1,3
23.41828777,22.75830815,41.81066357,22.23030991,9.461759367,0.746929511,1,3
16.39772377,21.76110225,38.8050679,43.10301052,41.95185515,0.2405278,0,2.918318483
22.95267312,25.50811163,25.79959593,14.75014961,27.75617015,0.063830795,2,3
17.0162732,12.96686485,44.61854018,11.16061537,28.47178299,0.055069014,0,2.644830497
16.63655943,33.53003453,32.55700323,37.43369617,28.35949706,0.241305685,3,3
16.64265798,21.38687686,43.776636,21.21899271,19.63934726,0.037541085,2,3
23.1457472,43.35644072,32.62571928,13.94560156,19.60497564,0.850272414,3,3
21.65197221,39.0448697,31.79686467,46.49141564,33.4330028,0.489920757,2,3
20.23065425,32.47309238,31.22846343,34.89872942,7.014428842,0.810900041,1,3
18.58830484,21.38910002,28.3718819,49.81385055,31.49537204,0.939898277,2,2.116551755
23.77200541,14.44693243,33.34253743,43.19721198,37.60658232,0.993907887,0,1.627185094
18.92445107,39.92683388,31.31386655,46.490247,21.03468321,0.937164009,1,3
23.16599439,26.88840945,20.91867192,25.36802906,14.78106228,0.716556797,2,2.77417132
19.39134909,15.11375172,26.51088084,23.16379128,14.60241107,0.441979652,0,1.942443461
18.76944429,13.78285768,25.32807,40.0437446,8.682784401,0.597984839,0,1.523124902
19.62679786,12.4430407,41.68589006,20.00410702,9.037369364,0.816496368,3,2.025544485
18.01377874,39.97225383,34.97174943,50.77060578,12.50095407,0.897554505,1,3
22.4760938,15.30442334,39.09207751,36.14600845,5.862780727,0.956468469,2,1.993817265
20.0272039,28.69890186,43.92065094,21.34949662,16.98059334,0.730605699,2,3
17.32212695,25.31958624,36.10098181,41.25841162,18.78808232,0.539953549,1,3
23.99574573,31.08249047,44.56524979,57.25178675,49.7849564,0.96837171,3,3
18.83891221,44.47197052,27.79410129,14.10473633,49.62594819,0.958624962,3,3
20.43552861,44.04863255,24.65667956,15.46726037,13.41719811,0.477552838,1,3
24.06472111,25.29842323,30.0827472,52.19195734,14.58644711,0.64865839,1,2.686351795
21.24237996,5.691481283,31.76998537,15.47968873,27.13578668,0.809267148,1,1.06871718
16.16898041,24.18997126,42.38403857,11.96876847,11.69529502,0.433079107,0,3
24.39832124,32.27870918,33.99851098,27.39652905,27.68177337,0.829377627,1,3
21.27708053,30.09941416,27.30452499,33.33529425,22.97253672,0.111455472,3,3
18.34905615,34.31012476,38.56585707,38.47222183,19.6080301,0.481151721,2,3
16.39272073,11.93340796,32.64579843,35.36501163,42.01723269,0.482612499,2,1.686577711
22.94025189,34.09407945,24.05329863,55.65922813,42.2652965,0.684657056,3,3
21.20072756,13.21932284,34.42049469,48.43340502,49.45502601,0.11641301,2,1.926741552
20.33461092,38.77357913,42.78486342,59.19051279,15.03896513,0.103210433,3,3
23.93892583,20.2589426,41.06556544,33.82277116,44.97248737,0.900594812,0,2.606221323
22.88597211,36.9452945,34.67024932,14.21648049,29.20306684,0.303741464,2,3
16.5167488,7.153951951,29.42707935,57.77653215,31.61567441,0.326922378,0,0.955071329
18.11722068,23.35370115,22.17446878,10.20565808,45.33319464,0.776861547,2,2.58403172
17.4848914,36.7265535,31.74122308,48.80480069,47.41838584,0.414909036,1,3
22.43946293,15.20917323,38.80198594,11.56410154,37.7065066,0.832923754,0,2.282213962
15.33532435,40.78791702,29.00684299,48.06070953,20.65290944,0.401468731,0,3
20.69889685,33.38508799,25.88617064,56.89694699,27.03505954,0.760599766,0,3
22.62458686,31.44027975,43.28449298,29.46301487,32.67742388,0.525309958,3,3
23.76765637,20.90969844,40.53889251,22.04824256,42.28880175,0.935828126,2,2.753869772
18.42081749,26.71031617,35.95689049,21.31395763,34.60764674,0.327388973,1,3
23.21257305,31.88071854,23.4195836,34.58588221,21.44514275,0.362690595,3,3
16.10631737,26.26079513,23.62272101,18.54435179,23.80462031,0.969986516,2,2.74306677
23.46452292,36.42409958,22.58048979,43.64618153,7.269696592,0.737525098,0,3
16.27488662,24.51636199,35.40741667,28.41761787,46.59205372,0.772567339,3,2.961423573
18.97287291,14.10229318,22.88906991,26.15547462,8.9653556,0.295976749,1,1.763655194
22.97295366,14.62702023,41.06567997,33.06427881,31.09688558,0.532044397,0,2.234893035
16.49917427,5.261169598,44.82412505,37.12937512,44.22433466,0.313540985,3,1.492190217
17.29251395,18.5430972,29.15870462,17.09651311,23.93893623,0.259868887,0,2.525366966
22.22252568,38.70129382,31.34174617,45.38816819,41.00564694,0.535241188,2,3
22.20036537,40.7373219,37.79167942,54.147355,41.17172358,0.987760624,2,3
21.41147633,14.11103939,43.42882516,23.89934581,7.693071736,0.214622647,1,2.512426663
21.93948444,48.15697986,42.35234434,19.01954509,23.54646766,0.242519859,2,3
20.42724443,27.60812571,21.43979572,48.02527119,36.0961469,0.243128988,2,2.873655222
17.51799059,46.26404371,24.22679506,19.17708619,24.00590791,0.791702262,2,3
18.45695994,36.80443768,38.86492996,12.06275802,29.53252617,0.510482061,0,3
16.81597717,37.50950404,37.2223277,40.96216102,31.75060571,0.384767657,0,3
24.08450561,8.826962959,23.33046485,21.98757082,11.80532195,0.843789834,2,1.018607832
20.83391795,14.89960071,32.55161455,18.59052045,23.53915428,0.297490638,0,2.240363366
19.00851417,5.396667498,39.52036578,59.08013709,6.280844976,0.392217899,2,1.070101956
19.62005804,37.22574382,25.46951706,24.59324917,11.73317374,0.073620559,1,3
24.4728334,20.49972298,41.78219089,55.17216451,28.05143285,0.118910102,3,2.831535298
16.53351403,40.39936322,21.32429437,18.91093829,30.81136991,0.136731067,3,3
20.86229832,20.2521299,39.55487713,50.9488566,11.5805483,0.346975238,2,2.660732709
20.05888679,41.87001885,35.39547249,35.10094365,39.00286716,0.52408526,1,3
21.11454235,10.88142142,27.87998367,13.92973846,21.78445495,0.000744315,2,1.877805389
15.18110184,12.80179205,38.02331371,46.68026468,46.4292468,0.189932311,3,1.985854193
23.72123909,20.33944428,39.55914488,54.60366859,22.44482255,0.17565002,1,2.718720895
24.32118282,23.3819325,43.34747428,18.15084952,11.74149394,0.253346849,0,3
20.65133184,20.69162649,29.1943668,46.27951212,39.10867064,0.166080926,3,2.496472625
21.96650824,39.36411646,37.1504184,32.25262595,30.55103602,0.195128181,3,3
24.22499381,9.362812668,35.06540692,47.69352266,22.40096757,0.983880361,2,1.136252757
22.07238634,20.80476588,33.13015174,45.69639741,21.01807235,0.594730259,1,2.430485876
16.52539043,42.67579998,42.26041185,11.33001152,11.78460381,0.762693165,1,3
20.7628836,8.005868477,20.07918285,18.9360518,20.33755824,0.819343377,0,0.870860736
21.06715046,47.40545785,27.05279015,33.55136215,6.320486344,0.667680597,1,3
19.24130671,49.3842579,33.45693099,56.6797086,27.60808613,0.70408027,2,3
22.36444236,8.985567822,24.45733154,27.10367284,45.35256838,0.632283445,1,1.126622716
24.34367015,18.1072635,42.69666334,41.44367351,40.78988583,0.649373478,1,2.494824987
24.25568513,21.75802997,36.18987794,10.60418728,6.283453874,0.928449629,1,2.811865574
19.50839371,39.93761159,31.94707487,45.55634608,44.65671468,0.185738474,0,3
16.13238046,31.81670655,40.36754398,40.15341314,25.3546173,0.274730036,0,3
24.84841199,33.99645652,31.27215479,45.76973733,13.59011594,0.093258549,3,3
23.38898086,39.08794203,33.9663253,55.23303065,38.85853798,0.837324463,3,3
16.24662681,10.30905497,20.06877489,17.32494666,19.52930976,0.448755324,0,1.302237532
24.20841883,42.49442556,29.14251325,23.0794798,16.39932904,0.907104561,1,3
23.69896362,36.75289119,23.46976181,59.78904461,12.25932831,0.411675713,0,3
20.18838057,30.98037763,37.24221702,17.81419793,26.89798581,0.442614158,0,3
20.91275436,45.03809007,31.97567397,46.03135033,9.20272998,0.448356501,2,3
18.99002704,36.51378592,27.54393893,46.25379553,40.35259081,0.612493092,1,3
15.54761639,14.07649832,31.69580848,44.14968731,26.18035595,0.766124117,0,1.63961785
18.35197242,24.33854215,25.2407472,21.37202947,25.11393876,0.351292276,2,2.885846022
23.02853449,27.23192901,43.12716581,20.75670316,5.083428042,0.630165453,3,3
15.04632023,7.484793204,21.34931581,43.3170534,41.80387371,0.203967437,2,0.924968928
18.33499172,47.9586881,41.63542588,19.31250922,27.17766766,0.554047105,1,3
18.98168694,10.78597674,32.78396972,43.07816659,24.79525339,0.5465849,3,1.467322548
20.37395603,36.38575703,35.4736624,34.6264141,39.26231984,0.888715866,3,3
24.19855616,27.78039662,27.56514052,29.33144338,7.83043471,0.895845224,1,2.955640634
18.46345994,6.153451245,44.16744042,25.01161747,21.50062052,0.487211158,3,1.593871385
18.46953202,46.61363641,27.04627396,57.37884667,30.90802809,0.024599466,3,3
22.37501248,43.3326564,34.72194993,35.40468289,25.72599032,0.844621951,2,3
19.52217941,28.59160676,44.83541763,38.06259813,13.17375004,0.000622471,3,3
17.24604823,15.30240513,42.02735991,57.46280423,18.46744285,0.478253636,1,2.11739765
19.52439516,10.47303008,33.40824563,42.6938659,18.50902509,0.019790158,3,1.724077458
16.4085702,21.35266157,44.75936307,57.89264639,49.63868612,0.352591294,2,2.872022816
16.76386987,16.49427265,37.53424654,15.31833703,19.67887035,0.636764686,0,2.429003103
19.98367773,27.80110405,25.2175104,52.33198159,14.23319281,0.371200903,3,2.911773817
19.1892545,48.48841833,30.13990526,26.7707314,42.01867189,0.926891359,1,3
24.14845901,30.8729072,28.36233335,50.52437625,23.95270648,0.640763633,0,3
18.62393899,45.04689752,28.60034271,52.78183121,24.97386625,0.646443873,3,3
20.8058835,34.28954769,39.01141098,23.57439431,29.70000786,0.374437046,1,3
21.32264288,26.3860937,34.60657318,30.44153083,31.80601388,0.038543524,2,3
15.13094457,43.45734032,20.95231779,46.30071772,31.57500202,0.738179723,0,3
21.63537372,26.21156496,41.93621209,14.95278154,6.552487508,0.716244731,2,3
16.78035967,44.08826767,27.41990351,47.77667672,41.84790948,0.530125027,2,3
24.61070317,18.12095463,44.92687192,15.5236463,13.76837686,0.416268039,2,2.946287378
16.48662728,10.79658832,43.85476826,55.72278661,18.15539575,0.53831705,1,1.715098049
19.14624124,43.4891509,43.51326792,23.81696466,12.8043284,0.746815404,1,3
15.85349668,31.43368237,40.2781901,38.77996734,39.51844959,0.712785431,2,3
24.96874252,45.00915792,25.51533329,15.857675,31.26460967,0.658109662,2,3
20.0219501,47.20222431,33.3158186,23.47465773,38.98832687,0.903777267,1,3
20.95385017,7.413277567,25.60756567,30.19775217,34.40292824,0.609888377,3,0.987991569
15.67076477,27.54361858,26.49188639,34.35244383,9.687138549,0.014509648,0,3
22.4996047,21.87340471,35.27379424,10.00337488,18.56748991,0.618063836,1,2.954067945
17.09905593,33.16362787,21.02083863,54.43278812,27.82693218,0.612559246,3,3
23.98054289,40.71160387,44.23646417,10.38374048,18.72252641,0.069636164,1,3
17.0513964,17.62655972,42.96682931,48.68422815,14.3286757,0.427729754,1,2.494176457
16.90687721,30.0559273,29.5191893,33.52894562,44.14153861,0.651096262,0,3
15.36549668,36.8927861,32.8855612,36.19400125,38.65026538,0.704501232,1,3
19.72066945,11.04939873,31.65298548,20.41327397,20.53490272,0.893049625,3,1.509381837
20.64841133,41.63301077,42.05499447,40.36841752,39.42555632,0.841380981,1,3
15.65708639,32.27493199,37.21504691,36.86159546,33.23923783,0.116551809,0,3
22.75527617,47.72918467,26.95278119,18.21182033,5.170358013,0.608784427,1,3
19.53288835,20.27880136,31.17103136,21.90595007,22.11179117,0.596481411,2,2.549614309
20.24390269,9.866567405,30.72414939,13.34518145,18.07193746,0.303747918,0,1.72546928
19.40762747,27.79255405,43.98337921,13.3141786,14.80588798,0.184105706,1,3
19.00763061,8.861484727,24.38277276,10.6887893,16.32152273,0.199508659,2,1.492265342
20.59640331,48.62869355,22.23940843,21.02371627,47.4064181,0.177547769,2,3
16.55240246,6.740823122,42.0154708,43.98306137,26.88426806,0.806263672,0,1.231635556
16.8192813,38.90767555,42.41714974,25.81076941,43.14689232,0.148393051,0,3
23.61785621,28.62960792,41.7934772,27.13671349,14.63977185,0.264391977,1,3
24.46115462,21.58792936,32.77442289,16.59526966,12.84817098,0.217788405,3,2.9764268
18.73309316,7.962897403,36.49361071,38.77353338,44.99553147,0.712856832,0,1.26857968
17.70744673,32.99751159,34.08407619,27.10718208,27.30671086,0.158395894,1,3
21.43999543,31.33491482,21.73619565,43.81584017,45.28184564,0.024064953,2,3
19.08734171,17.63974729,34.89587242,47.07297344,7.836298379,0.374225422,2,2.269328031
15.25386356,45.95997656,20.34035368,39.23464376,46.2395985,0.305094261,1,3
16.56152597,18.68495033,28.12468524,23.80347684,23.69503924,0.397704705,0,2.36909742
22.15972229,25.23764348,43.3073144,35.43038997,11.99167193,0.753815739,1,3
21.58923942,29.46931052,27.60113174,22.59654023,35.75222102,0.012366909,1,3
15.27095993,9.510434518,43.49566607,55.14564177,40.86062075,0.037707602,0,1.830588769
17.21972162,46.94727736,26.25334893,48.3192875,7.131862741,0.255644632,3,3
17.31074797,21.85412686,27.86405601,34.6502953,49.42381885,0.889208486,3,2.323107357
21.71892744,8.635064624,35.71018741,58.27285716,36.36620993,0.169074501,3,1.386580221
15.19710538,22.42810282,39.04067432,37.33777234,19.46308962,0.997037957,1,2.67226939
16.04108582,32.00911462,32.5346942,26.42677385,11.80822081,0.805692566,0,3
22.99916085,28.11437023,42.05289218,14.77336504,22.66391366,0.456136553,3,3
16.78544662,36.25438883,21.00601054,37.18728224,14.92545473,0.747862245,0,3
21.52746108,7.496777393,43.05487097,53.02083058,27.23689506,0.518815125,3,1.395224237
17.38182781,17.80432746,24.907695,53.33593641,40.18517188,0.565992265,2,1.79433375
15.99441393,41.86537596,42.10596863,40.22835333,34.7058675,0.580771742,2,3
17.43172191,8.595215951,30.02157949,29.67191816,24.61707072,0.648720513,0,1.239161473
22.22266932,43.49686796,40.8189264,42.5148154,10.35247661,0.06076419,3,3
23.55696468,9.135324143,36.79163875,48.10701773,48.07206151,0.616498105,0,1.350601143
23.30219865,42.55043967,24.39854081,30.58123922,17.16667365,0.716948582,0,3
18.9718353,21.23547805,42.95118925,33.81270846,17.50255456,0.310723135,0,3
21.68085137,32.54940785,26.13793476,44.03081537,34.04759998,0.97857883,1,3
17.04984295,11.8799202,26.10350297,53.83263031,39.672933,0.144445086,3,1.44755994
17.9314773,7.977592478,40.35447242,49.55051891,49.28687444,0.910442523,3,1.192181878
23.96335819,14.71721918,22.64683139,11.11956847,48.61239173,0.676449408,0,1.777195909
15.13001924,10.75342181,25.55089766,16.21861719,46.11922359,0.664314478,2,1.432695358
15.85508531,19.0582654,32.59193934,52.63890901,24.58911053,0.87602266,0,2.027824097
17.07886255,28.14724609,40.76192572,51.6911414,12.50013469,0.831729211,2,3
15.26532204,31.49417586,23.68709937,29.44033916,31.30120415,0.345434432,3,3
16.81435435,40.54406483,33.69170586,39.21389612,5.77654275,0.705369802,3,3
20.83041561,34.5307952,37.7810148,55.29224912,13.83119775,0.050602583,0,3
19.21424551,32.39412463,41.51488062,55.57793405,5.113822856,0.464018432,1,3
23.92671711,23.53019124,43.38913901,49.15464229,13.12411607,0.937777261,3,2.838888704
23.17443562,26.32137957,39.61599786,20.47944692,26.36407055,0.274089448,3,3
18.41817352,23.65343732,36.32070996,46.51414037,22.699594,0.049970789,3,3
17.59423433,42.89747135,30.84050213,15.05492162,21.61834542,0.582944992,1,3
18.79692408,15.35002036,22.80275385,54.69692297,42.39287888,0.355099763,3,1.57057472
20.90294943,5.257441919,37.74342981,17.45744018,35.37483371,0.37968347,0,1.419442382
17.68063641,34.30939538,44.81843261,43.11743201,47.13942933,0.582457187,2,3
21.24148908,14.11079826,38.41901487,40.51216371,25.04034908,0.621589059,3,1.975797489
19.09411652,45.05518113,20.41777734,48.84498279,17.2503354,0.437321966,3,3
20.52047181,43.65708484,32.40649945,37.57887512,10.52080421,0.507549242,1,3
19.36126529,8.452731737,35.36616581,12.97832877,35.24123281,0.993255757,2,1.397734201
17.9446576,9.787478244,37.24185503,45.2923127,42.87834898,0.957147958,2,1.288645886
24.48453307,27.28272165,37.99314589,29.15772794,13.26827139,0.707317072,1,3
22.63605794,32.41501982,33.95271103,26.01425006,44.5438735,0.161479527,0,3
16.40113176,17.37087519,25.58400832,59.58367748,28.68242908,0.359960084,3,1.814070979
23.68467976,37.25589725,43.55501654,39.5199883,11.48362845,0.883088224,2,3
19.87431198,31.77122094,37.41666169,45.53595366,33.92884962,0.423565916,2,3
23.94552227,19.61708494,25.92100092,36.31630685,28.40237337,0.955367649,0,1.984894965
22.99855256,6.141716962,28.05804581,48.4986323,6.268259629,0.488301783,0,0.820302675
19.25213504,38.75676266,43.04819177,47.60363677,22.96594421,0.861769134,3,3
15.22469308,14.66391496,42.18712967,42.85730578,40.31545968,0.0353789,1,2.426366644
17.68677359,42.55131846,30.12866096,59.88715307,29.9940689,0.434163695,1,3
20.41634215,23.9130617,20.95768055,32.9896767,17.69185068,0.700261851,0,2.409867829
21.3347822,30.96848492,21.21243422,45.30961741,46.78887935,0.863564532,0,2.919051192
17.57887685,44.28269287,27.09795727,49.88889814,15.70005671,0.609632893,2,3
16.39356074,43.86303504,35.72805548,28.80173548,16.37312031,0.173262026,0,3
23.34930237,21.71838089,34.60486588,32.85875138,20.95877058,0.885794165,2,2.553849022
24.84402181,14.40000017,35.84569467,58.45836332,45.25420376,0.574813163,1,1.762866292
20.25690182,39.8815735,37.9320743,11.61455086,27.84314279,0.108018182,1,3
16.71679286,24.48860916,20.47580634,26.7647827,35.69805767,0.463846777,2,2.631816579
17.72307327,13.64188971,22.62713988,34.31064812,48.93188776,0.698943394,3,1.425848789
15.18390677,45.6991404,28.9870863,10.07324965,40.24833336,0.451015746,1,3
24.14298807,13.91468874,23.87149994,54.95635505,12.76700534,0.870790107,3,1.202226935
16.17751083,6.161322569,21.88300106,24.31222001,40.47592681,0.423694315,2,0.890596268
20.76516476,5.91259882,36.0241099,22.88524161,38.67517172,0.58345269,3,1.271484784
17.74055221,33.00419104,40.38341194,51.01630977,15.46776475,0.211170436,2,3
20.54178003,34.77537773,38.81566644,23.89916143,19.64074239,0.51268635,2,3
21.51420388,18.99687673,40.42599447,42.8811297,36.95577079,0.22285731,0,2.70698087
23.29741804,19.40049452,36.6464136,51.0751572,15.72768923,0.225187148,1,2.538251426
17.06421272,20.27722618,38.38363305,49.62384239,14.36840911,0.279902542,1,2.670987358
15.10995829,35.6071346,26.79446936,49.09753687,36.65627475,0.044199267,2,3
16.3688563,7.616020596,44.82520091,14.43187849,44.62679718,0.163309642,3,2.029801817
24.00018642,46.81023587,24.57914136,13.99234838,8.375750718,0.424360625,0,3
23.73890078,15.01344699,25.36234686,25.33850179,25.06584809,0.131060499,3,2.027840994
20.97413102,49.98529424,27.2230458,11.79739406,32.32288491,0.133384751,1,3
21.0051686,12.71852122,44.38331075,35.02148683,35.43245536,0.967931828,3,1.917115031
21.65036675,39.71959058,44.70721473,29.73910331,49.82881606,0.427097363,0,3
16.75371279,15.05356452,39.87234374,37.85129563,35.72113821,0.4037327,3,2.254055271
24.14411946,8.638106074,35.72643996,24.93942693,32.90693508,0.267735655,1,1.671429843
19.18770525,44.3719996,33.00156438,34.28770015,49.53803685,0.512447159,2,3
18.83138528,43.64380666,44.26552114,26.73723829,7.730066317,0.596064902,1,3
20.18917705,23.16066766,37.39057007,19.76040461,8.349660327,0.418185522,0,3
15.46965967,36.60782641,43.61825321,42.46833406,30.23071369,0.393808516,2,3
16.66283369,30.06796697,27.91376999,43.67179507,21.13990765,0.700426684,0,3
22.38033616,43.38302512,28.34436981,51.46158464,9.351388119,0.949776701,1,3
15.82798668,19.17751862,41.36811485,53.73758916,18.79020032,0.877822071,3,2.320402097
21.03152109,28.565258,23.74637301,45.22309522,35.34595193,0.118620267,1,3
17.4534911,26.8417567,43.64819653,44.37490433,44.62767337,0.65230867,3,3
18.89295614,20.92576218,32.68685887,12.83378327,9.24460145,0.007047613,2,3
17.88693737,45.11547791,43.16034696,15.48896207,29.30652781,0.633091777,3,3
18.55672716,12.46450661,28.41981972,50.62813552,18.32520042,0.464353589,3,1.455319835
22.19045905,11.72788878,37.8989726,21.64756308,35.02967735,0.491113052,2,1.974055808
17.97121716,30.96092909,32.07187805,27.77825301,29.72531725,0.588025608,0,3
20.6640464,34.58724035,35.67009076,17.26486768,46.70199527,0.742655381,2,3
19.76050402,13.75786644,32.60931233,19.75759843,6.695774913,0.729457803,0,1.900458836
21.63671165,22.5822849,44.17789043,48.77086177,26.15167737,0.044479032,2,3
24.36829739,47.59537293,37.30263495,23.09298098,13.67417999,0.736494386,3,3
22.32572097,16.09778402,26.28297422,32.45174831,29.15517689,0.829815981,1,1.746452069
17.14940379,35.0762316,42.74192305,17.58356865,43.41107048,0.068172624,3,3
15.31183135,38.30672272,27.35074345,43.89649532,46.00924375,0.322946601,0,3
17.62264044,25.16579148,29.29012748,46.41348671,22.92042484,0.792064077,1,2.632749825
20.95077931,47.1886694,22.55309245,28.08461589,41.53012355,0.493106816,3,3
15.51425813,38.14955308,42.49916299,49.23733231,17.62286336,0.694891069,3,3
19.96366247,25.60660609,27.15280058,21.9953326,5.283722584,0.502315808,1,2.994642732
20.96842849,30.62008408,26.47294045,44.59519311,43.48575759,0.97822245,3,3
18.34243891,36.16760495,43.00656495,46.49822907,10.37355091,0.936193073,0,3
22.70912204,31.64855812,40.13817156,58.43286889,5.792500551,0.281145242,2,3
16.06598253,44.54139127,23.52697304,21.61608326,20.92089485,0.385884822,0,3
15.75137782,21.0599898,39.2331126,14.685524,22.07209953,0.431345998,3,3
22.28188756,18.4948583,42.82582745,23.15177111,8.474907685,0.104204333,1,2.993393534
19.95491316,14.62275003,21.96278046,16.14310983,41.63821909,0.404074947,1,1.830899113
21.88402396,6.700233563,40.63037487,18.48471542,23.25167286,0.774847821,1,1.452098121
19.34827339,6.935628397,33.6855013,26.70572559,27.04656262,0.846896281,3,1.125907486
17.46402033,44.15248369,36.72993623,30.69953734,16.90813706,0.88613275,1,3
23.19102318,35.52769159,32.32135847,55.18621129,28.01780386,0.014559,0,3
22.99415879,34.72395869,37.44507712,19.78078858,39.50291258,0.788806039,0,3
21.94696471,32.65892685,20.85244654,58.5879488,45.7782222,0.502627684,3,3
17.72145137,43.21486151,39.06766808,50.50766049,48.67383203,0.206159145,0,3
20.90230667,26.61201165,20.83359245,54.07356949,24.20257661,0.498745023,0,2.565546041
18.60973897,44.16848729,31.38249619,56.47219949,49.55152364,0.844260467,1,3
15.91582073,21.17502618,23.77412483,47.66205986,18.27300703,0.434249368,2,2.216228163
24.17313575,46.7018377,40.58935693,49.43899158,5.313917088,0.990461081,0,3
16.36818631,36.4395641,27.84152273,31.89091483,39.54276698,0.616683185,3,3
24.50237354,16.57297112,31.35233862,35.52251173,13.02960418,0.489763669,1,2.102268114
19.46005773,30.38382148,30.71876853,56.62427134,7.360467716,0.294889328,0,3
16.85132929,28.98637527,39.31254914,28.91279558,46.58040152,0.011051063,3,3
20.41900947,11.20544698,32.02860899,12.09735365,40.63148737,0.610548357,3,1.761917283
23.72945836,31.60593076,39.72395838,48.13771927,9.619916069,0.577495546,1,3
22.32224886,19.16535307,21.83770692,38.65787559,39.96095686,0.516814355,3,1.999472937
23.06561148,7.355694506,24.7898492,50.74379812,42.97998638,0.537704454,2,0.785607549
21.58783367,47.6895271,33.78835624,13.77756333,45.73857493,0.843522371,2,3
21.92276565,33.86706661,43.67720812,41.06159952,29.46623304,0.316869925,0,3
23.49195652,44.46135193,21.86894617,22.3852944,36.65354317,0.550253944,2,3
17.49668009,35.42252023,21.0771054,55.16342972,39.30076755,0.679947626,1,3
19.89424964,21.06426615,23.91376687,15.49549699,35.98875208,0.209818927,1,2.643687744
17.21209442,28.07096325,36.02882822,52.15346364,34.10751291,0.924819415,0,3
24.87668008,35.40860422,29.97482292,14.4277126,29.64016638,0.737122525,2,3
24.4405934,48.21135463,40.63880949,11.25486777,26.56379544,0.0532954,3,3
15.39426811,16.41512566,21.79832879,21.7529715,49.82562588,0.865106698,3,1.718040462
22.05575173,44.37396764,24.91035217,26.65222705,20.19023512,0.929870145,2,3
24.25248317,46.58350124,27.50066014,41.32643859,8.97209467,0.793670048,1,3
16.80575345,35.16869816,35.66825217,16.58622987,39.42666343,0.426224602,1,3
20.67945231,46.90699823,37.12931726,31.86649668,14.622097,0.9943769,1,3
24.15488298,22.90453644,23.10508235,20.21318011,28.97120118,0.124435899,1,2.796273305
15.33945979,47.88572792,43.59511772,52.76516608,9.311068247,0.536605841,2,3
21.97420267,36.62522947,28.52610338,12.2483254,32.86777374,0.170390804,0,3
17.97349007,6.890259534,37.82921908,27.79688633,47.48033318,0.439348803,2,1.452356658
24.24396195,45.80927743,33.10519297,41.568704,37.52171207,0.927424307,2,3
24.71058245,26.80127641,25.56895284,55.6544089,14.65406502,0.794261128,1,2.578751415
24.44266489,25.71471432,41.15570808,53.39967113,48.70121204,0.782081942,1,3
19.74214217,30.49099727,40.4559507,54.75959998,18.8189119,0.353853801,1,3
23.62042651,11.7223046,29.90179635,13.14266468,24.64767439,0.934270177,0,1.57039527
23.44549399,26.11247219,34.71518964,52.04616307,27.41526592,0.368260931,0,3
18.19100473,42.40072475,26.4456424,48.99562893,49.58234345,0.039973436,1,3
23.28915474,5.696710661,37.24629072,55.12158246,8.100113032,0.637801262,1,0.941097634
15.37007635,17.28127221,27.72567032,25.57881336,36.35277325,0.362647617,2,2.21520429
20.96269878,5.11045639,41.10196836,55.58825531,21.28688941,0.153724888,2,1.248366254
17.30008837,23.70700891,25.43462761,30.13205425,8.52463936,0.934658062,2,2.449872238
16.20566886,37.77419797,20.37008557,41.70498428,47.07642459,0.637239534,1,3
15.76953202,40.94473231,26.71270105,31.20894956,31.54362436,0.94052969,2,3
21.96288776,47.53353925,24.77631216,31.38242153,38.90831034,0.582978682,3,3
18.39874964,32.38270758,32.70716099,37.33185094,15.8173446,0.06386366,0,3
22.24766772,16.458209,25.09258229,27.79633548,39.26934152,0.029940514,2,2.189306698
15.65356341,46.58665771,39.07974677,49.63684971,42.2813948,0.900561435,0,3
18.15290338,39.88920892,26.03426595,41.68193677,24.38732287,0.038727937,2,3
20.39491292,30.84928174,37.6742045,44.48778808,30.73804127,0.615175797,0,3
22.90723165,36.30380971,34.46177308,21.55174001,48.73426407,0.297975807,1,3
18.18752503,46.59423598,44.65624641,58.47876442,43.10283388,0.687658139,3,3
21.25891376,37.05773128,44.99752443,43.00880489,25.01825275,0.284722429,0,3
23.85977748,21.57685284,41.73815208,19.85979323,34.90582364,0.03722217,2,3
21.15863188,37.0862691,38.99958423,47.52451217,40.29041646,0.730838473,1,3
17.32959475,6.812517323,29.66141035,18.68570516,6.094796926,0.31090263,3,1.327657044
15.24400782,22.38870028,38.83191818,13.16924481,31.4764694,0.550798927,1,3
23.70098874,23.28453643,43.91688843,36.37766981,49.3037876,0.77386582,1,3
15.21269411,12.50772055,20.58443938,37.67619771,47.62312924,0.702823302,0,1.208746406
23.74701673,6.038846625,33.4478675,19.44827874,42.45981776,0.348571105,3,1.350045239
20.28937134,11.00215565,25.44995761,27.41894721,9.779634191,0.747826659,1,1.300444683
24.39067699,34.45796731,33.9469079,57.28846478,49.73186536,0.925681007,2,3
22.98783236,41.10299674,31.66117724,24.2501616,32.42921689,0.609974593,1,3
24.97934111,49.46915717,34.39421454,17.77840304,15.03087122,0.703506061,2,3
18.50711815,20.58635764,33.77405554,59.62809793,35.34209103,0.86590814,1,2.155202566
22.67188289,31.972065,44.00267598,25.11527682,43.54356029,0.843640616,3,3
19.01930914,47.17152351,33.80465272,44.01268366,10.05474924,0.351601327,3,3
19.7987562,12.51688016,41.1558022,21.57800907,46.23971645,0.991700597,3,1.9119177
21.27505463,37.29405139,27.99550717,37.50605985,46.40919266,0.028566,0,3
23.73677114,38.97404299,30.95251722,29.31409933,5.60589828,0.986707572,1,3
24.84083469,9.003899114,31.7603369,58.07896306,45.51436047,0.245997133,3,1.255279611
22.68273414,43.75622233,26.96820108,31.64029373,47.60680632,0.44043705,2,3
19.17766782,41.58972712,29.49475654,39.20870921,6.696130864,0.883688738,2,3
19.21357002,6.503135296,34.96282699,57.2383133,18.23748456,0.244328839,1,1.121193544
22.37582302,9.09879867,34.50469408,59.461715,21.78983781,0.224781635,3,1.353028369
17.38777146,7.210710225,35.91088361,15.0829182,20.70007124,0.643108762,0,1.445716913
16.10474113,20.06345893,28.79544789,51.7160356,39.15514568,0.705450526,3,2.096308537
18.54622158,27.91800458,27.89578738,29.10582471,21.11470067,0.007470684,1,3
17.87238992,28.95564776,35.29044707,39.74143531,48.04604645,0.450444236,0,3
17.9630812,17.04500419,23.32154371,28.75240395,49.77466814,0.489108978,2,1.949806681
17.33607751,46.0218599,26.32578859,30.05581028,19.25684918,0.2718352,3,3
15.4209319,21.57182554,21.05319342,17.9428768,27.89603389,0.546109715,3,2.406472043
15.17873935,7.049757018,21.81527131,38.63832292,30.09676281,0.154577606,2,0.96847938
24.8772239,18.51022002,26.08458198,37.3357973,31.07312735,0.323605802,1,2.185347194
19.27773134,28.89992401,20.48823201,19.46778943,21.83940474,0.713239234,0,3
18.84326647,23.36998202,26.1352648,37.08652147,12.46970759,0.873786538,2,2.400415211
21.79647283,17.32291336,36.37440808,58.65509413,7.455224378,0.589378962,0,2.063531183
17.18253888,10.90954624,21.52767696,45.72042979,9.785689954,0.074844539,1,1.313917288
24.49961184,41.8624025,30.91841694,34.04912798,45.55810569,0.67874587,0,3
22.86345014,49.8265359,42.82771967,55.80419928,17.6168753,0.897597821,0,3
15.89411002,19.82939601,39.78212072,38.76571783,8.457034244,0.504314043,3,2.669196092
19.17580776,22.17294699,27.63593756,16.75239994,33.05883648,0.493691966,2,2.724122635
23.79118308,32.81168861,43.12013698,37.37548239,8.388821807,0.991413579,0,3
24.44732022,37.32986636,28.24116242,19.04865577,8.152382285,0.636297788,0,3
19.67401511,22.64132907,21.81288741,48.37524194,32.97067276,0.806028902,2,2.104462283
21.13411389,45.72182826,44.85139892,58.35871071,31.61278599,0.646493485,2,3
16.67033946,30.20017952,41.75056318,28.04092923,6.866477913,0.220915687,1,3
24.91168626,25.26755344,31.64831958,31.74589401,25.72150255,0.284078184,2,3
17.31671701,34.10027389,36.6594131,31.07482334,24.60957386,0.665705759,0,3
24.42731774,47.87617317,36.78070195,24.26499879,29.60101084,0.45607113,3,3
21.49646649,40.75485325,24.86205577,49.70899824,38.20301197,0.40434779,1,3
21.07736795,6.800590874,25.00121583,40.88641664,17.72600214,0.022451953,2,1.093342805
20.12688511,19.95394598,31.73951758,13.20257784,24.47511276,0.884369067,2,2.479168206
17.30669812,26.17451082,42.7893285,51.94031675,40.6734208,0.88449779,2,3
16.76528032,19.15329075,20.24984437,19.35441156,46.51503757,0.460971125,1,2.166294209
17.20486209,36.50844024,39.5626409,58.95755809,45.10953379,0.700739209,1,3
16.86438262,42.18211174,21.43816959,28.83315695,26.49339284,0.177819354,2,3
22.79584474,37.91052928,31.95555287,40.82248236,28.43896087,0.503811025,1,3
18.50125259,49.51999791,35.94682083,13.89118094,28.8097449,0.438865642,3,3
15.57842677,17.26464416,37.16898168,27.23316373,44.09220064,0.656613571,0,2.364792049
24.6910263,44.37452728,21.46198159,50.11769787,42.79727781,0.469645901,3,3
23.83785885,39.49801993,30.46509043,33.8604246,19.01896378,0.498434283,0,3
24.27752283,21.29804409,34.59593151,55.23017418,12.32823602,0.295712457,1,2.582844156
24.94907823,38.03560446,21.65113843,38.75692205,22.05385527,0.048423168,2,3
16.73895249,9.683418039,23.37736391,56.42860977,17.97828725,0.917025759,1,0.724788291
18.96242019,40.52000671,36.59122474,59.13049535,47.78513262,0.012231624,3,3
22.58238476,28.95487712,33.04095491,32.69472798,16.96620557,0.281324429,3,3
21.96020618,18.15305777,24.04571653,38.25782863,13.15430068,0.447610782,1,2.010445984
16.53895906,34.50997858,33.38098342,51.74603216,45.47655782,0.319092354,2,3
23.15833125,33.87289994,42.81730934,21.07665028,8.891537196,0.55191787,2,3
17.24440572,14.42688002,20.38968962,53.08147869,16.71197231,0.461613015,0,1.360723028
17.23817615,6.367883667,36.06584434,39.59600702,24.76000373,0.255476236,3,1.31528499
20.36974423,24.51301641,21.84126087,46.27500677,31.77983202,0.088020131,0,2.672583537
20.92939935,30.62803412,20.16123607,13.99270113,19.74528034,0.137535271,1,3
20.80086208,44.44723753,23.76636222,48.30938417,27.33052986,0.486320069,0,3
15.91486837,46.7697558,30.5726658,25.53934523,13.94740339,0.845945534,2,3
23.77460863,28.79623482,40.05859997,50.26161384,30.84233541,0.100638892,3,3
17.65600043,38.92115677,27.04463742,35.45762692,23.35175637,0.677206385,2,3
16.29514921,24.76864725,35.64183031,23.73071674,43.21668593,0.792091146,0,3
23.8874808,38.57369705,30.27891595,57.63798485,23.708036,0.276772278,1,3
24.55651498,14.21606862,25.8582948,48.25311989,24.9716938,0.668239493,0,1.466899077
23.62127617,21.69791307,32.85617786,59.28430369,31.64787452,0.686657945,2,2.328825226
23.09516075,33.54025995,39.93661226,28.22349492,10.54265018,0.707792731,3,3
21.55241981,5.817108452,40.81230925,42.46098168,12.05578295,0.890809092,0,1.072106791
20.50857371,37.51075897,41.1629883,40.57943389,40.56069863,0.398526064,3,3
15.8698676,42.59909756,28.46394531,44.37783705,17.30384506,0.243689138,3,3
19.08453213,22.96137475,39.83640162,11.9158283,35.8113618,0.543844868,0,3
18.72688517,25.15740877,25.30446138,24.58596619,9.384213649,0.062548373,2,3
17.59753784,43.30769955,38.46062753,55.46687869,41.98309971,0.33392093,1,3
22.23420114,39.90445859,43.70961066,31.19100274,49.47026499,0.883225127,2,3
19.95875735,17.96672701,20.34359587,58.03218395,21.81609253,0.53205756,0,1.628441943
15.81046216,19.5789248,31.00909828,20.67515863,27.74885459,0.436675304,3,2.56643985
17.20183202,35.54952046,36.19427471,59.87119867,24.92203909,0.265683911,2,3
21.83258764,30.34391416,37.54439426,44.87904545,45.23844869,0.250375685,1,3
15.76130859,12.3003307,24.40219396,48.8196712,5.447031696,0.236612021,3,1.436936812
23.51206914,18.94684592,44.30458188,29.84305861,34.40566945,0.829233668,1,2.658456567
19.95146527,45.49924746,35.3816342,55.35040606,34.35657228,0.985020372,3,3
19.80586577,35.96784965,24.10851503,37.27314505,22.20732537,0.534798433,1,3
20.92407785,49.3688443,20.51306279,44.04691901,14.8700139,0.079833417,1,3
23.24680966,39.51556385,39.58160497,14.74041357,15.78572066,0.751039046,0,3
18.47809208,47.38884945,21.99261849,41.58403504,41.02088545,0.877054423,0,3
21.78016153,14.72848582,23.52627303,53.95394941,7.974639337,0.931228171,3,1.251904104
20.65731964,39.71681937,34.37075067,18.91416141,30.37208658,0.628775346,0,3
17.6702827,5.909788407,35.08763759,46.88629673,18.80782713,0.506880833,0,1.038263376
23.78629986,35.18420098,37.17217796,11.27003795,16.93615156,0.620527314,1,3
22.97426022,26.11770252,29.83785032,56.31015083,27.75819495,0.012950718,3,3
21.58451835,20.60420324,39.34746672,59.1458558,45.40376778,0.655419875,1,2.452834052
23.50581729,43.80819585,44.35896499,27.70900334,32.81413636,0.709646393,0,3
23.67294201,43.44204617,26.77737358,15.35369249,40.48747825,0.722030348,0,3
22.08362977,6.00357672,37.57571541,42.92881841,32.03077007,0.563071781,2,1.142057445
23.37013328,32.42773051,43.21171631,11.49172571,36.39721009,0.700044371,1,3
21.97471462,21.55245009,37.15716907,34.12431406,24.4583442,0.638832391,0,2.733157976
21.80140772,23.70474507,37.02773747,23.58895876,46.66917358,0.11552842,3,3
21.18611378,42.44183326,25.59431423,33.6669527,27.58725592,0.898366769,3,3
22.5271664,18.94278972,33.37825501,10.91377574,29.82986012,0.622727508,0,2.586385961
16.58605105,47.43719648,34.06307109,12.58060915,28.62344765,0.72779437,0,3
23.80870759,13.08352219,37.50323906,10.79879144,19.22850591,0.34288752,0,2.279028513
23.71843528,34.82250905,44.92053625,40.9565935,15.4057296,0.919239516,3,3
15.29247283,35.24472802,20.84109556,38.00464588,8.322573385,0.502615766,0,3
23.25816751,16.34878226,21.63081653,21.65789993,37.31787419,0.679005992,1,1.799823449
16.28869867,19.6137774,21.94875174,42.33215645,18.01738684,0.952182061,2,1.793590203
18.35118854,42.56593217,38.57447836,54.21036284,22.51390834,0.916082745,2,3
22.43508256,39.28123647,23.40884488,23.86610505,46.39676732,0.644798771,2,3
16.60759896,19.80931461,35.56129686,51.59969039,30.49013072,0.165741392,1,2.567440424
23.17967024,29.02804461,28.11672195,43.1254568,9.368512876,0.950568431,0,2.933489743
23.32134178,7.775613331,31.43299891,11.69102216,40.98253608,0.984135697,2,1.216349893
20.07467734,14.39356471,25.391579,28.75749479,16.52587696,0.103396695,3,1.946469142
15.06385872,26.86192515,41.65266403,35.38786079,29.87176292,0.450297682,0,3
17.87038133,8.868818088,34.6537581,46.5849595,27.94916637,0.548255564,3,1.302029702
21.16926918,42.94995597,43.61408159,24.35652791,15.71354791,0.09208154,2,3
24.81186178,37.31027945,34.36490624,59.13650524,10.20969657,0.189679949,1,3
21.31813527,47.46351518,23.09770076,44.22698703,14.50677229,0.537705391,2,3
17.59803581,36.20601077,24.27176085,28.64068386,9.38020098,0.963089448,2,3
21.34005703,47.31806175,44.72684941,14.85125195,17.40326085,0.027809976,0,3
20.3998538,29.95306501,38.13912993,19.06838801,49.87838798,0.912443074,0,3
22.79845395,32.0098375,21.23196875,34.380388,23.09415194,0.89860817,2,3
16.06980639,48.96369746,37.59452513,34.73476775,43.87497761,0.857178635,1,3
22.61027903,33.89581161,30.30432617,48.38593824,29.71299615,0.377550929,3,3
20.41266579,6.385395599,27.68020967,46.30883128,34.99623857,0.490823537,3,0.852713134
24.62992004,37.57112495,23.85151984,20.06365193,12.03565864,0.403594639,1,3
18.41872166,45.74609115,40.99759886,39.74783103,17.36626403,0.947586186,0,3
21.32621893,40.80111124,21.59603447,11.03109004,27.96995404,0.52135062,2,3
24.32028106,31.27249727,27.24588656,29.92736997,44.65145454,0.080612609,2,3
16.02509728,35.20865809,27.65957235,48.20526203,6.929961615,0.274059844,2,3
24.37228487,49.55863052,24.0226321,29.97542966,27.81139818,0.462033213,3,3
21.87885722,9.079793983,32.70462208,51.77981199,7.295549563,0.953555932,1,1.003557382
15.67837059,35.02601729,20.29256567,58.80776451,25.55702044,0.568951091,1,3
18.00963567,17.75289626,27.52438789,40.36063013,33.29906717,0.696072623,2,1.941126609
22.08172089,33.80406785,43.3407361,17.25020382,38.51254361,0.088519847,2,3
15.67350601,32.34306091,27.76323923,28.9838604,11.23394024,0.877324046,1,3
20.8217046,11.90555744,29.01148468,10.47416775,12.49588776,0.539018222,3,1.783354445
18.45883057,14.30359906,31.82912621,40.13629619,26.15292148,0.921228413,0,1.629353611
21.20915518,32.97333101,34.04233437,51.07842505,49.91164061,0.445476685,2,3
15.45742034,10.77034763,40.21771612,41.49700395,21.0221076,0.683083997,1,1.661113262
23.71536806,16.93313938,24.75803058,49.30431146,24.23873423,0.470838594,3,1.790119213
24.73488969,42.58604965,41.79365943,49.99519636,24.46010343,0.14255793,0,3
24.68877855,19.71911777,38.93873393,52.55062881,8.631536961,0.272049978,1,2.608338298
22.49651832,26.96270703,38.06625837,23.33318915,39.83774654,0.067257294,2,3
16.3008624,47.35131508,22.17011434,53.56342614,16.3895686,0.440266343,1,3
22.58263196,15.221709,20.54101725,42.70469992,36.66501756,0.649341543,3,1.455153704
15.24586916,22.53317078,34.85031752,24.48627783,26.37904455,0.243711276,2,3
15.22123552,32.2905999,41.57834906,59.36473575,32.5300884,0.490388058,1,3
18.23610219,38.99025183,34.6110366,57.50911969,7.428723642,0.458973334,1,3
19.8864319,45.5744024,25.33087164,38.72204916,45.0484558,0.533420491,2,3
22.70407418,46.19628444,22.26299745,52.16041892,15.97355462,0.184584667,2,3
21.83295377,39.94880335,37.48991132,23.07472444,35.15429244,0.533984088,3,3
19.45902706,15.27488765,38.04425693,30.80184983,40.91086004,0.364205557,2,2.305509386
17.73626666,6.116419852,24.31329252,19.19858804,29.30174228,0.286041849,3,1.087078264
24.971245,22.26982687,20.70475789,36.00513213,20.18003099,0.585982014,1,2.264098955
19.26181302,11.36969829,30.20708783,34.8000715,49.00565185,0.148036804,2,1.72185364
19.51387024,36.96744413,34.56796755,20.6406613,17.5297871,0.900658651,3,3
16.63623821,34.75087641,37.65006024,43.64008469,47.68980517,0.934852813,1,3
22.94809549,6.978723873,40.24862523,15.88951478,12.03008602,0.66060969,0,1.550293236
21.93682226,42.64672006,35.26343568,13.08457255,22.51499592,0.30315469,1,3
17.20769613,16.19344698,22.77201521,29.24524843,11.23230129,0.62600587,2,1.772956453
15.82381046,24.4502184,37.0645418,30.49123889,5.100821288,0.601523467,3,3
21.80499302,35.0570181,44.60441607,25.98703033,16.71163432,0.391250982,0,3
21.54511214,24.32384541,42.63961461,22.89733188,8.924468041,0.287247247,3,3
17.73259527,24.85795113,41.79172273,26.93881725,49.38554854,0.168452952,3,3
24.50863562,7.95325979,27.55425383,18.1687787,39.27439931,0.21738384,0,1.4234214
16.51057892,23.06495972,38.76970441,30.17262346,5.166715834,0.653029924,0,2.970578256
19.32334801,39.41815519,41.27758615,55.23016868,15.06409632,0.885894331,3,3
24.4361592,46.18293517,36.95815512,21.22134406,35.15559086,0.384956055,2,3
19.19727317,23.60737117,26.26404391,44.22255522,22.93484509,0.121899485,0,2.733029953
21.38525948,24.06136221,43.8458493,17.08922552,42.43291534,0.012806302,2,3
18.97594398,36.61821978,31.27048529,27.6953312,27.71873503,0.405905655,0,3
17.74215202,47.42474005,23.24513897,26.05873903,34.41431389,0.232566951,3,3
24.83977648,17.01774231,22.74444738,56.85146972,31.86668289,0.322555567,0,1.730129996
19.09334006,24.80648929,36.18797468,31.39910279,33.71760053,0.241669875,3,3
23.94099204,40.81879596,30.94274116,44.52329719,15.35444842,0.664147632,0,3
17.29954606,32.43621062,22.36209688,40.12314045,21.79802476,0.638514301,0,3
17.13104704,9.976385478,38.5091143,17.05150376,7.278316379,0.912304525,0,1.654608391
15.31134083,33.2479731,39.98312918,56.97702255,31.44364316,0.699744915,1,3
21.51666825,13.40358281,38.13539077,27.29346459,25.66663079,0.164941381,0,2.256132637
18.68526344,27.95971703,25.05652194,12.23791779,39.23222671,0.751594429,1,3
23.6435825,28.80964704,37.2443864,25.02218534,14.28721091,0.181267863,2,3
19.73209907,44.4291513,20.26807007,26.78168629,24.65654522,0.558600886,2,3
24.68193428,25.81224233,27.62780349,14.63726637,13.13354449,0.077078209,0,3
16.85525516,17.574909,29.97053829,40.99887032,32.62906514,0.047325057,2,2.322857611
23.68623168,15.39348567,40.88117372,27.33821028,43.16136154,0.464229993,0,2.396557259
22.76596853,44.34133445,29.75985933,41.45673032,39.44494618,0.104983561,1,3
22.70921845,12.69548845,20.28173615,10.33702818,47.48890877,0.306666605,2,1.688903132
23.44783228,24.16408524,28.8086603,59.10241995,48.72766018,0.338833378,3,2.616256312
22.61023991,13.42279017,32.47310246,18.52581793,39.74152404,0.769426919,0,1.854744127
21.26220322,39.79868181,43.72511967,42.96654934,17.90627384,0.332680105,0,3
16.31244878,26.3467688,43.52585759,45.78921516,14.86676197,0.494300185,2,3
15.32526179,20.80146608,24.52185096,18.58041749,25.13970655,0.77258593,2,2.325444499
24.20847848,21.24948383,24.62866354,15.58561411,49.72476626,0.204898307,2,2.68759854
21.16650315,43.3496393,24.08453641,17.62885959,23.57006094,0.804897392,0,3
22.96537291,29.91982794,39.72304831,22.34091279,13.95807848,0.831794797,3,3
19.81522352,37.3040533,20.15055101,18.4116059,47.4954295,0.988846795,0,3
16.17308189,45.36673323,23.17942995,43.69997135,22.36630899,0.444047679,0,3
16.25185792,45.57837542,33.44899079,31.04166019,36.09044993,0.370649329,1,3
21.85565287,19.78290745,26.18905167,36.88957973,40.46688404,0.702005271,0,2.131360701
19.30305895,47.86030684,22.30891146,12.36683944,42.94201559,0.058151117,0,3
17.00524727,6.119414691,28.99695031,53.06244816,41.95761742,0.039751512,0,1.028006242
19.91594547,21.95760025,26.85519013,18.52857766,42.63110883,0.334990863,3,2.73815182
15.64208937,45.31094859,32.77760766,28.00761657,35.04440424,0.729515088,2,3
20.81971402,17.35865959,44.48083985,13.59508199,23.17239812,0.116454444,0,3
17.68993404,17.28866526,23.10761592,16.83965673,35.02790843,0.635546848,1,2.012950399
22.97559101,18.61800283,29.31816762,43.2899705,42.65304503,0.269505265,1,2.271420199
18.10361959,32.55410232,43.29962545,44.62935011,20.77891091,0.651674673,2,3
19.55220149,24.7249749,41.92182609,43.84827423,18.34285956,0.456976124,1,3
15.1162054,37.70306764,29.85677587,37.60683939,20.46682477,0.115151675,1,3
15.72446888,45.27097892,37.47383161,57.6260832,29.80775282,0.247282815,3,3
18.92493556,35.33897187,22.19642534,35.35885804,7.359974367,0.219713754,0,3
19.79938835,14.20100241,37.81352639,32.47060146,40.05368686,0.164584593,0,2.27355281
21.00020548,46.97068561,44.32144324,22.37727829,11.24833813,0.468345448,0,3
17.91662579,16.9021793,33.43720382,14.94247646,10.97773956,0.954665539,0,2.178033856
21.94981886,11.74524329,32.46225568,37.4077465,13.89466127,0.6580888,0,1.553477653
23.60122397,9.048527549,24.68296549,25.74450933,30.96173457,0.836002031,1,1.052172162
22.79850989,30.35226833,35.84470497,36.20126916,17.85057691,0.981080189,3,3
15.39618825,10.11931081,34.76093202,20.30595391,21.5640648,0.540622663,0,1.697257944
19.80506947,11.24491479,36.29832649,51.90863361,46.92420999,0.238070076,1,1.696314321
16.04930178,18.50137163,20.65208217,59.98486048,43.1240981,0.927811007,2,1.474785793
17.42045016,17.67438544,33.71808721,26.12017551,43.34857399,0.698983989,1,2.280681034
24.86662593,32.19077796,34.87337109,52.11638036,30.9938825,0.958941261,3,3
16.42495543,41.75353758,25.18825339,53.64930682,43.99097663,0.651031962,0,3
19.98888153,39.26073453,25.20832144,59.80368944,40.03546214,0.77514501,0,3
21.18155734,16.81180046,26.90545421,27.13600649,47.89565613,0.890636195,0,1.861350358
22.02464971,16.03897241,37.79303979,47.80206969,7.896578226,0.759249312,3,2.006019881
20.59648683,48.46061885,35.15665159,21.44045018,6.292721014,0.562645772,2,3
15.09770847,5.370630872,41.14406615,41.23980006,12.87634733,0.471920932,2,1.260173492
18.26461308,44.58742399,27.3914643,45.24212847,46.80881692,0.823377335,1,3
20.17711643,13.98778336,42.8017015,47.05603463,32.25042977,0.771985813,1,1.968948467
15.87866499,47.62779454,38.59265405,20.35860843,24.1750633,0.366430824,0,3
18.50626931,20.40382782,29.87529175,52.43627852,28.07199777,0.498331967,0,2.262697071
15.33203109,24.81582983,22.38155164,31.04859302,42.33220647,0.634990756,0,2.599653396
15.78578497,36.82042763,26.42459156,20.81847589,46.80994981,0.028370219,1,3
18.96923276,31.44510732,43.91920543,37.12655442,37.83644754,0.2475687,0,3
16.32715754,19.30726984,27.7590844,53.16785648,39.19315248,0.250214395,1,2.199244035
20.67540848,29.92239121,28.247524,58.35439549,19.41701199,0.883231559,1,2.90866352
21.89464969,37.8818098,24.73972328,47.41039109,26.01658379,0.331487753,3,3
23.00586699,6.905072566,40.17126503,10.28114431,44.83445871,0.545143388,0,1.654166287
17.00150244,5.503968737,26.89110576,16.73503802,40.36703495,0.831586467,0,0.863623452
16.67482582,25.61301226,28.25645621,13.81369932,35.79219133,0.259693813,1,3
16.0456784,10.9326478,30.35870271,15.06068715,7.936107615,0.123757077,1,1.892736127
21.3643025,34.89549312,30.84320699,29.1517478,6.777824875,0.948359807,1,3
22.06475726,14.63236053,30.28351976,26.92466574,10.86849244,0.704682936,3,1.851098586
15.31586145,24.47829981,32.59359238,15.68424906,31.16259946,0.177053766,3,3
24.36212246,13.89519216,40.36282199,54.11176758,29.13740813,0.819711554,1,1.783973163
15.51971284,29.68176136,40.48212602,40.77137882,47.42108719,0.787126613,3,3
20.41296335,10.22240567,39.95782834,49.82316545,36.2641838,0.837541097,3,1.437165975
22.09060519,6.039808375,22.52812098,28.57746944,18.22876778,0.276212577,2,0.931037221
23.70969124,7.300923715,39.99197008,30.51180081,12.26733322,0.448579673,0,1.533750196
22.14086932,47.94162987,23.00629434,25.88106053,43.22899577,0.693673743,1,3
23.01728083,11.40287984,23.11809425,31.9213306,25.68308467,0.390667574,2,1.396344032
18.39450193,36.88152139,43.69656929,40.51886312,34.40612738,0.069972172,2,3
23.14825114,8.05667919,40.48494612,34.64920039,30.4314623,0.136449754,3,1.740449242
15.80114846,9.867215851,33.81026167,51.89585031,9.835535576,0.597113505,1,1.296215052
23.94816656,27.89943131,41.87425511,55.00695843,7.567627266,0.3751682,3,3
20.47592376,25.91919186,44.73411606,33.48419267,21.96581854,0.005380132,2,3
23.1729777,47.82111392,35.26605167,21.98739902,21.26976339,0.766854527,2,3
19.52318285,47.51759539,35.32246092,57.25962097,35.32091508,0.416703743,2,3
21.43577695,40.08238891,38.86067573,46.75193215,33.44901841,0.313769285,0,3
20.26402661,32.09458236,25.80347381,42.0063543,48.60234178,0.713519179,1,3
22.31589522,25.47321428,24.17812154,47.27068668,43.61447762,0.455108819,0,2.652997537
15.81629982,21.02803404,38.98951875,13.79908912,27.34621366,0.694831109,2,2.917047584
15.60352084,47.61893961,28.62261987,13.38131638,27.50114087,0.013198082,2,3
17.47103234,32.13089651,23.37675891,17.65603263,35.33581531,0.009420114,2,3
16.5954468,31.05826375,27.87194315,17.37254837,10.13407622,0.55990193,0,3
23.71783567,15.43555048,28.9659217,31.03352374,49.99507541,0.982212034,3,1.707644517
17.19213987,7.101401805,44.13069149,17.87020411,28.34636456,0.272357238,1,1.86628257
24.75865256,47.53348609,37.44899278,52.72628221,45.94571933,0.682893557,3,3
18.36895792,19.11808665,33.27140793,38.90484655,48.53103506,0.172257543,3,2.545678359
16.82117916,24.91650605,44.22182847,28.41309482,31.1739233,0.311548632,2,3
22.89698507,10.15879746,42.57849351,13.48112691,9.650689139,0.07807489,0,2.261314149
21.58707776,42.66159485,32.80002142,39.5513898,30.80056138,0.88079316,3,3
19.98195716,6.243432479,42.64199088,15.82664103,31.89390967,0.310437402,0,1.732257833
20.55363551,42.52958429,30.10761645,47.16101252,40.51369115,0.230466447,0,3
22.19201778,11.31282558,25.76051663,50.13790484,7.170317015,0.730604178,0,1.123285308
17.28454741,44.89538507,25.81695442,37.1988129,25.98419152,0.199440156,1,3
24.96333916,37.83976868,36.55788811,17.48014296,46.52466163,0.24027536,3,3
24.74793162,12.41016181,32.52675802,49.34313619,49.60845854,0.103616254,2,1.78000196
21.50325686,30.46180968,36.47377118,25.39138946,13.61222054,0.962871909,2,3
16.99542451,19.06953415,37.15189911,21.13265714,44.17695467,0.24763775,1,2.810204605
21.80228242,13.02048945,20.55807182,33.52783205,11.58127527,0.995663303,3,1.154208034
15.72198409,43.66319897,21.35098981,56.13231207,42.85284956,0.176149441,2,3
15.30652502,23.15852449,33.31694316,24.8686646,17.47749774,0.02065185,0,3
17.57682889,22.93446715,24.77588694,55.27892505,48.18313697,0.895693613,2,2.118673556
19.62622957,12.64490037,35.81334422,12.68266544,36.29735379,0.580017252,3,2.041432897
23.68272505,22.23795542,33.80464348,14.17618525,22.95997706,0.35141,0,3
22.2716907,44.22275808,34.64400896,44.92805126,17.64379985,0.513339662,1,3
22.42706521,21.34079197,27.5613845,19.52963307,15.58568874,0.260726955,2,2.727132206
19.25493334,47.82216031,35.99608766,25.83103416,35.63565471,0.63475885,2,3
18.45934993,47.58390046,40.73731591,16.81864905,45.31059512,0.616468558,1,3
18.71038763,11.52043967,44.95178134,26.61241346,38.97238863,0.080192289,3,2.344216399
24.87649564,12.97900641,40.96110965,24.02299969,42.56561921,0.910688101,0,1.967696915
15.40109191,43.82033316,33.93746899,46.81688195,40.16226954,0.460525342,2,3
23.67031496,22.67424135,24.83573979,45.10116941,49.06164499,0.195154132,3,2.546693368
20.78675409,5.196829203,37.0361469,57.74635882,39.10122171,0.307383859,0,1.023065632
19.38615419,17.32423189,43.44134464,46.22108426,14.46028333,0.866221755,2,2.28514629
22.2525766,31.89330469,25.29666349,44.74088765,40.62193095,0.383185172,3,3
19.86668941,40.96696847,26.39989051,44.71019445,19.49312124,0.561961171,3,3
23.73423238,11.00248777,23.72521359,54.14837278,49.81099382,0.947689735,1,0.875760634
24.00701864,9.974361399,38.41804109,24.81183664,21.9502679,0.651716438,2,1.704060924
19.21720927,46.49416941,30.16403759,25.00460546,18.17571901,0.675716744,0,3
17.76827797,38.80167655,21.56739097,47.06069049,15.76471935,0.248568837,2,3
20.92350329,31.54008204,41.87374979,21.43525686,34.63315934,0.668295185,1,3
24.12363346,39.61340555,33.94179762,55.60100021,9.914948977,0.393802744,0,3
17.10662189,24.29844626,28.2773573,36.73908625,47.91019468,0.911042485,3,2.549511098
21.22966584,39.13050863,28.5995744,25.0062464,18.24407054,0.129538848,1,3
21.3156022,21.73113461,27.2562805,48.80499648,18.2930275,0.28564035,0,2.450786005
22.33113022,15.98425576,31.38700431,25.61603149,7.072974307,0.066000729,0,2.355498374
16.31567685,37.80560396,28.42604221,58.16391585,16.0707883,0.380903849,2,3
22.15824965,23.88525315,33.6986576,59.14946049,23.85407101,0.148372666,3,2.846132963
24.09032521,49.16196969,39.33793131,43.3398121,21.63228756,0.845143754,1,3
16.79683109,20.7268332,36.86153209,15.68169449,17.28589646,0.925043202,3,2.682062511
17.37543325,46.47773392,27.36142232,23.1604425,6.833472703,0.669425645,1,3
24.71395094,46.98331469,33.21852529,35.77084811,18.52616181,0.1033346,2,3
16.80976953,15.88338262,41.003154,52.5723725,40.02489222,0.341630882,0,2.258570896
23.54385093,40.91995317,21.70515587,19.24432485,24.74565284,0.964491892,2,3
19.92277856,24.48835273,21.95743167,15.22017295,18.08489064,0.136301224,1,2.960397321
17.47231074,46.28861273,33.9042517,13.72387416,18.71564604,0.556489383,3,3
23.70749901,25.25559227,35.97787821,35.34837812,29.94969094,0.352929476,0,3
19.45305255,38.49366728,25.28532539,54.23504848,18.6031705,0.999162612,1,3
20.14817354,26.01353341,38.63050317,12.11796213,33.38587939,0.285389065,0,3
18.59233369,15.25103401,36.15658443,20.6160767,49.52545312,0.047772265,0,2.500275982
20.92950851,13.9707558,43.08223171,44.66285079,6.852937899,0.702182815,2,2.035430055
16.63523873,24.14440374,24.22385505,51.29317176,12.59315401,0.32673933,1,2.545600826
18.91081537,38.99725957,38.78435663,50.36997646,13.05983954,0.657581434,3,3
24.69412322,32.22821683,22.09107726,49.25340287,25.11816431,0.104651987,2,3
17.58133433,35.98831805,34.13231024,16.48999004,6.863842042,0.523063201,2,3
21.56736665,17.70468578,33.79737849,29.86187911,26.488471,0.375231548,2,2.410813296
18.25190064,26.66459057,29.70962612,59.23723314,46.80161411,0.536767134,1,2.796024029
22.73473126,6.997786924,41.11427869,59.44437858,5.520383991,0.853472398,1,1.049074664
16.30873661,41.78895872,20.10926612,40.1213696,21.42224902,0.972747288,0,3
24.69821045,49.5451473,33.00448505,45.46336024,39.24021974,0.753132149,0,3
19.53789541,23.30955782,25.42883875,57.56418981,11.95225252,0.766858315,0,2.219512684
17.36050463,5.493364391,38.58746548,32.49639306,8.490155114,0.52893609,0,1.246153313
15.73496747,12.64066878,21.07668566,16.84334289,33.38503418,0.097399944,2,1.749489666
16.69757905,34.3637095,40.7888672,43.44744378,5.447790907,0.667059546,3,3
20.19773949,32.54356932,40.95230567,58.00511525,41.0796721,0.147779872,0,3
18.37003176,40.45391238,40.82165031,44.86030469,8.00837391,0.245661057,1,3
23.28883366,16.42478049,23.81421317,50.16605635,28.59594167,0.707582513,0,1.580833335
19.30887524,39.3634362,35.76016296,31.1374402,38.30574696,0.656992594,1,3
17.48714273,35.95928097,20.35918398,14.82315771,15.89049449,0.314325942,3,3
21.17144987,19.5266524,41.19906478,18.44410433,9.659307287,0.772044236,2,2.755504238
22.06777217,29.54696666,38.07437984,59.13274147,12.90302449,0.939315784,3,3
16.67041908,11.62732138,33.27884327,34.65921585,43.46076074,0.545259621,3,1.652804945
16.67619216,25.36540265,38.26478583,10.60102951,36.76011312,0.677686659,2,3
15.36671427,44.65388028,22.35810242,57.76836404,13.91441221,0.271779584,1,3
22.36402015,23.95361209,33.2163958,34.8889956,37.22543587,0.970807045,3,2.668280924
21.63804528,42.78050179,27.2819123,51.81341991,36.88781766,0.273704912,2,3
19.74630876,31.56140144,44.31548658,37.4229071,49.89762941,0.887409024,1,3
23.44170449,13.63445209,41.42794877,15.08511418,22.62002106,0.927869112,1,2.129591137
23.05670153,31.14978101,38.3318924,40.77847911,43.91840724,0.719628595,1,3
20.85354364,27.76924981,43.34369088,59.87001382,25.08992087,0.811587428,2,3
23.68271281,22.93886008,28.67108261,11.73688913,45.39921006,0.457856808,0,2.903291467
17.0584121,10.38336978,42.52199747,52.08970988,9.122022459,0.919546789,2,1.4750664
16.11919619,23.75188987,28.1309558,21.77403978,12.88906836,0.742646245,3,2.723823994
17.69749612,8.274306931,38.31991799,29.69331114,43.24794634,0.326743992,2,1.644456186
15.57086856,9.444607313,38.41042279,28.63547559,41.86851458,0.034945168,2,1.920980818
20.31169528,23.71624398,20.45874691,54.93985971,18.74452063,0.540783226,3,2.233792418
24.36605692,18.74216669,29.02649246,35.22430944,31.85592432,0.840650325,2,2.069198161
15.39343541,46.64949466,20.48581681,32.35871434,22.22148749,0.860668119,2,3
16.22109914,21.90676124,44.92730044,50.90125544,5.464280719,0.835118725,3,2.761680888
19.52199028,39.10361549,23.05491905,12.44535672,6.174685696,0.214746485,0,3
24.33875018,28.86113869,33.57027239,14.32281575,7.441536447,0.42614848,0,3
18.16156105,36.68385509,39.76390597,11.08444284,31.73324694,0.613825855,1,3
20.07234809,16.70521924,25.03159006,44.3991452,17.56524809,0.667556492,0,1.727138561
15.41572859,47.38572378,32.1263167,36.28080685,11.47767342,0.334583422,2,3
16.48343201,28.85398236,35.18571902,53.80110629,47.35089988,0.692642324,3,3
24.86630123,42.40958321,24.00511886,34.92664515,10.45934002,0.590897007,1,3
24.65118696,21.42705621,39.4638865,21.09097864,35.32917724,0.566775575,2,2.96387093
15.04939981,9.509510707,27.48341143,50.25736866,45.23720823,0.663024824,1,1.032978687
24.51811785,35.31702415,25.27557691,24.71619271,12.37233503,0.603367929,3,3
21.39119938,5.349184175,33.95721866,56.78448911,14.6628357,0.166874635,2,1.015543498
23.67918295,26.38818395,30.25784069,22.52119439,30.82160901,0.874416327,1,2.984992977
19.54739856,13.67608562,43.00714862,18.38603264,27.88019089,0.240569753,1,2.497034979
20.15596029,33.2318977,42.00156745,34.66619958,28.44623376,0.744488781,0,3
19.8884658,49.07389429,32.08376658,12.5257559,29.96051423,0.176456673,1,3
21.66864258,25.89813078,28.98159437,11.82058642,47.74563122,0.660966413,0,3
16.39651255,41.78742154,28.13794954,34.80072726,7.422711889,0.895683759,0,3
15.2997359,27.85028841,26.68909058,20.75534404,39.22018343,0.009710515,3,3
18.07929942,27.3128014,33.61369634,10.46763192,15.46278901,0.979677667,0,3
22.04680763,46.86905719,40.12446512,24.80284557,21.81549516,0.029675867,1,3
17.01853452,45.04846409,27.76891521,33.86836769,9.018100533,0.011367621,0,3
21.73432433,40.36102093,24.75235224,29.71443507,25.05320461,0.857560098,0,3
24.69912046,18.3315089,31.88709515,16.77347331,41.18986635,0.708704003,1,2.373967327
15.93900716,29.52537871,21.72586042,38.98374139,9.443315234,0.105810658,3,3
21.72602118,15.0753755,37.53197515,45.51664956,17.40216192,0.937414907,3,1.834729439
19.43750219,24.97625141,32.95895666,43.77695811,21.78777689,0.671932241,1,2.822521328
23.68142254,26.78958796,32.4093702,29.68809606,9.675464139,0.111043544,2,3
16.77149789,42.42380181,27.51113449,16.87980756,39.30425645,0.860553596,2,3
21.92625952,45.32127644,42.61683594,34.97433867,40.41261627,0.480904852,1,3
23.3811529,23.65790281,22.2621573,54.52158775,42.6152749,0.27813369,0,2.423579468
24.44614219,5.796700028,41.74560022,33.43614245,31.27532922,0.82504105,1,1.224308061
21.83248028,43.77982279,29.41763006,19.78405249,27.82574694,0.738446454,1,3
19.97174764,12.84254053,42.0155879,14.65266515,16.81486005,0.623043802,2,2.226725097
21.1784724,32.98468838,38.21903646,57.1963319,34.48210853,0.898513152,2,3
23.68904984,6.12369052,22.60426817,47.15047044,25.00535685,0.86127981,1,0.5
20.70609747,22.97779139,40.78840716,25.64834864,48.68493827,0.226791658,0,3
15.3038706,49.3682136,37.05442084,24.76762031,48.56807736,0.878686154,3,3
24.30948696,9.53121205,20.80754782,54.76092434,45.73423093,0.37403984,1,0.912076969
21.89526751,24.06619184,23.34256705,18.87841174,21.20401121,0.431774336,1,2.780033467
21.76513386,18.82174776,35.8907014,36.75186448,21.55876049,0.972332387,3,2.224846651
17.15675152,45.72896555,36.56501257,45.67521376,43.37029238,0.759874329,2,3
21.5888547,44.12030486,38.66628582,29.8195176,37.81107193,0.321485954,0,3
18.93864406,15.69644421,38.00613502,11.99511713,36.69624364,0.64792589,2,2.392601473
21.51232977,8.653450417,36.48799887,21.38794069,17.5824955,0.539324336,3,1.598070096
16.0659303,33.22122773,39.15597254,55.09040687,42.50068752,0.116603237,3,3
21.57845305,20.13659203,34.37714265,36.15594834,31.07392575,0.887752338,3,2.354128306
24.99413726,35.24379758,26.51978464,50.77206232,25.10895084,0.821881484,3,3
15.48212039,6.445389023,42.80941534,37.78427714,43.94399558,0.777710357,0,1.304821464
24.77174184,11.00296558,20.45535077,57.18010479,22.73943937,0.559153388,1,0.930763842
19.06907961,35.88675047,29.164043,55.45670378,34.42666153,0.22083744,1,3
23.7075345,14.55667949,38.22175733,34.1444021,25.96573319,0.883896029,3,1.946334491
22.82385484,43.59144541,30.67890103,25.91370127,31.67320128,0.352965644,0,3
20.67016261,7.636589947,20.62086019,40.08343937,6.824591224,0.020118118,3,1.040127548
22.38449209,14.69668923,21.64952258,43.74438408,25.75018234,0.981774178,0,1.262988745
23.78515561,49.93521118,36.21593423,34.91775462,30.04210884,0.861157103,1,3
19.04140322,24.48842462,44.12161499,51.11416105,27.17237006,0.622680355,0,3
18.27033162,36.63345486,33.7965909,19.16642609,43.13346676,0.012407139,1,3
21.67593386,13.2198372,32.66894545,26.72059153,19.00057887,0.227716057,0,2.029884624
23.07845942,32.44409307,27.95813033,44.31881787,44.7834439,0.452049888,2,3
22.62285135,37.67477308,26.41726685,22.33419327,23.15578865,0.628084923,0,3
22.97813649,19.15144861,20.52462454,31.99223723,36.25370295,0.708154517,3,1.925299382
19.35583315,42.30037004,26.82387169,58.18667733,8.90252276,0.788272698,2,3
23.17834216,32.15379103,31.22776102,41.29379863,14.00693376,0.555660926,2,3
16.20209055,22.51053543,24.94874458,57.45286173,39.2524705,0.656183428,2,2.180058031
20.44489098,30.0939077,22.18369971,46.12207016,5.554790849,0.811242698,2,2.882005376
15.0575866,30.95423813,37.94319668,46.23333848,48.58374826,0.71984131,2,3
18.2458583,12.44908817,42.36550673,39.59285868,13.57830055,0.954812332,2,1.783757622
18.66461535,23.12295664,43.41930174,17.11042974,45.55867938,0.8746459,2,3
18.96172692,20.45437646,35.44996821,35.98571454,28.21752627,0.169361278,0,2.782565469
21.95467207,23.04062252,21.31936456,22.63331003,30.40589151,0.947419127,3,2.314665073
18.88558101,39.24997648,38.52156575,59.93362772,8.785930459,0.204175993,0,3
19.48693623,26.71422834,22.75238263,23.34809701,21.43484394,0.991263786,2,2.700722725
17.37544131,47.3142269,36.74370294,21.53429217,12.02984874,0.701329542,2,3
18.73251792,18.2154386,39.48414589,41.19415776,28.66691725,0.627531553,2,2.411974703
17.27269627,23.70666102,38.14661777,35.54744066,29.78294656,0.324322776,0,3
15.73195924,40.41305647,43.79709514,11.06764566,36.93501273,0.133107525,3,3
21.03448593,29.5711067,38.45365711,16.47665895,44.52251711,0.126173016,3,3
21.68212799,29.61626659,37.33024445,50.55214709,26.06809173,0.866575193,0,3
21.19490346,7.400307335,26.5435793,34.18459776,15.50121665,0.432441846,1,1.06674981
19.63494044,22.93698482,43.11921716,17.30076074,20.01072476,0.559851857,1,3
18.7978578,17.18301796,24.48859677,33.26212814,43.11904158,0.931836108,3,1.73604902
23.6333365,49.97008053,42.62241529,22.65745415,11.56385683,0.255354705,1,3
20.19081785,18.87597818,27.81656358,21.17957306,33.22652353,0.763937485,0,2.221052131
19.79181878,44.80234407,23.25408985,57.88626382,5.588864773,0.470464762,3,3
15.25642066,35.43051808,40.66707568,28.10122634,16.05511978,0.212754659,3,3
18.41247828,20.34123841,20.06238634,12.32155523,31.61338239,0.852971681,0,2.15316866
18.80195619,29.45904703,40.80220794,58.51633363,25.5385418,0.679949173,0,3
18.98822781,42.8241146,26.55779605,49.74197874,27.20972706,0.094921683,0,3
20.80172369,44.75157341,42.11803182,22.72066533,34.72529227,0.541757195,2,3
20.33602547,12.21772438,37.28697956,30.44459174,15.5563711,0.851763852,1,1.734343913
21.07905093,20.28079135,36.65458332,53.11447873,17.63622231,0.066934808,1,2.685286388
22.64883262,20.08504311,29.13298908,27.87067597,35.80061933,0.416274797,3,2.492759789
23.12985739,6.892015823,21.48507435,38.3702021,29.22311334,0.805214471,1,0.619061471
22.18123076,31.92069919,40.75182746,36.74284348,5.656407092,0.85835728,3,3
24.55523696,43.46690238,24.27259488,30.06472743,35.16475079,0.775362776,3,3
15.18232583,22.17084745,29.30646605,41.97509509,32.90414183,0.305709575,2,2.621361208
16.95777986,38.30161752,35.00886714,33.66453687,8.537340821,0.506929561,3,3
15.07562875,33.24651861,32.05634346,11.06152458,38.63837727,0.741277977,2,3
21.47474714,21.9041931,24.96651588,50.71915538,28.49456565,0.152587753,1,2.439151075
23.98030549,11.34769098,23.51540892,15.65778914,14.21362778,0.594997763,2,1.464539289
17.43482297,36.91957337,23.08115681,33.20449654,30.17103657,0.720373725,0,3
24.27034545,43.4554326,41.57519704,38.99503955,31.79563314,0.849991869,2,3
15.6026739,35.86345216,20.78898873,45.27530271,46.40534281,0.111671724,3,3
24.34436027,5.804531782,44.42535649,30.53982676,38.39649915,0.329674695,1,1.59106278
18.51622687,14.73048025,24.96321726,46.77742435,18.58659595,0.541653949,3,1.566554049
16.01420828,8.12659932,22.75805742,16.56750424,10.31598354,0.7010569,1,1.055058354
19.85871759,30.66737448,34.42429137,42.67227741,43.39328324,0.730036296,3,3
17.56776568,39.04149555,21.99964895,51.31694638,43.07304595,0.253259174,2,3
17.84872902,9.976063418,35.06133158,54.47219864,12.88895066,0.013876612,3,1.614657102
18.07289965,42.72520193,41.26566612,38.9783248,7.795903334,0.693816978,0,3
23.03025898,29.99790403,21.19745054,25.6447599,37.03390924,0.909126287,0,2.995361345
20.39161277,36.04860555,39.99671511,18.16782559,37.51618239,0.797517045,1,3
18.11307699,48.71308319,29.86193602,27.27793764,12.97146892,0.622466103,1,3
21.10333783,8.765644471,23.98726585,36.99871866,35.06953368,0.977570441,2,0.817367568
22.16150674,45.55508103,24.40241201,19.8165112,17.55156851,0.433116778,3,3
17.72624001,10.67462132,42.96911359,57.62574528,16.72776626,0.525049751,0,1.66098359
19.13549102,22.6831463,22.7651438,54.85677144,19.60330703,0.012286764,2,2.47244166
16.21886093,43.31474133,41.66956968,11.64785974,28.41783649,0.945951363,1,3
16.8114935,45.78144065,33.60611552,38.09808991,41.20042655,0.583346655,2,3
21.81117854,27.78672531,20.97640447,49.46543951,27.43896879,0.390799984,1,2.787831626
16.81438348,31.73470872,31.61190364,22.269598,18.4119213,0.044564336,1,3
20.25163384,36.86663006,40.43623786,36.19481162,44.77884344,0.362419064,2,3
22.09046262,42.47414008,38.15506969,30.29959412,7.479048085,0.003598102,3,3
16.06876923,10.46800263,32.21956044,19.82731321,40.86911678,0.324335138,2,1.76034491
20.6731222,41.45311887,41.50124699,40.73686919,40.29717911,0.951454924,1,3
17.56562784,26.65742677,23.00911904,59.68460877,16.40960646,0.154267364,0,2.758733542
24.62926875,25.27805413,42.74852633,28.26436301,13.92328321,0.545411109,3,3
19.83545647,24.07548884,41.16103021,37.61895041,44.36152527,0.18661732,3,3
23.0599255,27.91452134,37.70692064,26.39273408,30.14920821,0.78337913,0,3
20.50226542,47.5272749,40.44719355,53.84743084,7.070511093,0.562397807,3,3
15.43412533,29.66916978,33.59538767,53.23013502,45.08746324,0.202236018,1,3
21.33151376,47.89298922,36.87906073,18.9386694,20.7052693,0.866241298,2,3
24.51403342,13.11305588,34.01495177,54.99744371,20.39704492,0.784023783,1,1.503150985
21.0161182,37.58611905,28.88571326,17.57543555,33.94795717,0.951301329,3,3
23.19188859,41.55077924,34.22151993,14.77199798,34.75899243,0.000628193,0,3
23.84206463,35.56079741,26.43663331,42.64673079,20.89922544,0.457116947,3,3
17.28079772,32.31150261,31.00697927,29.29520529,11.44755176,0.9998413,1,3
17.1204484,30.41657515,27.01938518,36.53702967,29.85213935,0.811187917,3,3
21.10980989,43.74187172,23.07219474,42.6285391,33.13306241,0.831286132,3,3
19.1102847,41.97409687,28.04654641,12.64186189,43.71000643,0.621132463,1,3
23.39861303,10.50299245,41.29968045,24.64765855,26.79979943,0.712899652,3,1.824028849
24.00023123,43.18644457,29.52701927,33.04531559,34.05632358,0.805326259,1,3
18.53421379,23.63308787,38.70009122,23.32937049,7.448397252,0.092280648,0,3
17.36870559,16.41635735,24.37994636,12.44856921,45.25353051,0.692580584,3,1.98352463
22.80525515,44.13958556,30.61047898,14.33382866,19.72471159,0.8154081,0,3
17.74806036,24.44111598,22.87140173,50.08739344,33.4499506,0.040865788,2,2.685184828
23.22614319,41.37641106,23.46552658,55.56933796,46.22232341,0.297053181,3,3
19.23738254,16.85316254,35.4359095,17.61166512,41.4736603,0.324011616,2,2.528390778
21.67549899,5.176819464,35.18704544,22.46309786,33.69667359,0.854582395,0,1.038661285
15.95535314,27.29566368,25.33429768,42.61247024,36.66235226,0.78035139,0,2.75774256
21.23859325,9.510271549,31.86057986,57.7135888,46.44073022,0.656421471,1,1.10769986
19.51767679,38.946918,41.58265417,24.97948546,41.54419311,0.804723181,2,3
20.86608463,17.42338112,24.35503772,52.76068131,32.44365772,0.453429701,2,1.799851039
16.68014208,24.9640541,20.48026333,35.30123222,34.64162178,0.87488059,1,2.388628237
22.36873745,8.916510429,36.29987852,57.82793195,11.62707909,0.234215843,2,1.406259752
23.62797078,17.89966618,21.3374552,16.81293312,26.15754559,0.704576881,0,1.980797353
17.167398,40.16706095,44.49850596,58.68361991,18.54489415,0.241751185,0,3
15.95714556,11.82145604,35.24050709,32.04893139,24.43867855,0.039861973,0,2.016408873
15.23638586,34.12218025,31.75990882,57.64691952,34.80110931,0.28415124,0,3
21.419715,46.28416338,30.7498135,32.93451085,11.71179921,0.492906828,3,3
21.07094036,35.59265419,34.32676646,36.50410671,5.781918365,0.843436015,1,3
20.46697413,41.49597602,22.26561092,50.23875049,22.86159815,0.508856489,3,3
17.31947096,9.903723319,43.25047647,46.13142504,19.49829415,0.179150603,3,1.881165329
18.90905996,16.28293217,35.64105171,40.98016602,23.91944269,0.992765971,2,1.910143628
20.94476335,45.25424835,24.59946244,30.84900118,46.90494142,0.270073068,1,3
19.96766859,37.17975261,34.06452634,49.62191837,36.81878455,0.985294725,3,3
24.8778552,33.77992219,23.33141265,57.41141666,19.73564486,0.936334682,3,3
16.36439753,34.86950313,20.43881794,10.49054485,13.067547,0.542441509,1,3
21.95144554,23.63902494,35.76292463,39.39225482,32.83152324,0.091963083,0,3
19.04318768,7.005048423,36.21208355,53.29904645,34.59093132,0.695414811,1,1.026876424
19.28199615,40.29986939,34.59241457,42.65562687,26.76302077,0.845717662,1,3
22.17597766,35.54209563,24.58708011,50.04146289,14.57423486,0.4453011,1,3
21.92436151,26.27620089,35.08574646,54.75305519,6.284986738,0.239040459,0,3
24.91255994,45.48918269,21.41277352,47.54755079,16.95473139,0.802824165,1,3
16.28394289,20.12718492,35.23095889,45.85087007,25.57267247,0.545077826,0,2.456036175
16.04109649,18.24447849,33.85042548,58.23729457,40.45704289,0.197630005,3,2.271607417
22.24338817,44.27583463,36.38137077,53.18423289,43.4189223,0.949538641,3,3
20.78386917,40.86444446,42.38689014,50.76889348,23.58205519,0.948098227,0,3
17.74160667,28.17409148,41.25895263,14.32016802,40.82558246,0.367049673,2,3
15.79419369,10.88306328,44.51635479,21.95149416,49.70087706,0.064003109,1,2.320668324
15.8565825,14.67821622,44.40602582,37.83780122,37.24746687,0.630788535,3,2.254250203
23.94190875,34.53025957,39.30799233,45.47800525,37.78695642,0.317226735,3,3
16.91867325,22.3268557,43.91049055,25.16074467,45.92914257,0.066355261,0,3
18.23371562,42.64129362,41.68209715,14.66640566,20.21648578,0.891806414,2,3
17.26656402,47.74797542,38.18956125,25.55495934,5.504242688,0.998116315,2,3
18.54996306,41.25366164,21.88460637,48.55145903,49.41397723,0.350405514,2,3
15.69423843,21.98954403,21.22624721,53.87005147,27.0710635,0.744746263,0,1.995422331
20.19059791,40.49088932,40.93998919,55.64518242,40.35549169,0.065770792,0,3
15.67612564,20.81487531,32.24139645,28.94333396,41.56210119,0.36970544,1,2.681914686
23.00356508,12.51950395,40.36516711,28.62692874,22.88825047,0.108751766,3,2.256810795
17.33712082,6.502694219,27.82295677,30.33537355,29.3572871,0.055349937,3,1.24667261
20.40011915,22.35725207,29.94124646,28.79047347,29.29619867,0.588791041,0,2.651466501
23.80079088,45.66016867,37.50466803,43.30983038,14.90972042,0.802030988,3,3
21.50877369,15.75439645,42.88316842,27.91616311,10.29375203,0.452970251,1,2.499231836
20.32957787,14.29309242,22.19403686,11.01719683,29.46075372,0.52417911,0,1.796848947
18.24333753,48.64193534,41.53695362,31.95123003,10.40644521,0.270730017,3,3
18.33001913,6.125185078,39.82531812,21.20760331,20.57399257,0.736387281,2,1.359759438
21.69486955,40.36019677,27.88848177,11.44035689,13.37374992,0.361073267,0,3
24.94139361,19.46164801,28.88041535,33.54214758,36.81122487,0.06749902,3,2.539674327
21.6183919,6.686958059,21.16153693,20.29772796,44.24039841,0.165507711,3,1.088349235
20.57783417,46.30111431,20.39351528,32.63709074,31.00615744,0.128468605,1,3
22.3065051,11.28390486,31.92515316,23.88749933,23.45701132,0.435877789,1,1.73574837
19.65205612,29.83006777,22.38849114,40.18544351,49.84891884,0.065212675,2,3
15.60142343,17.33243933,24.85004536,59.54386934,5.954411086,0.806484322,2,1.562897924
20.62296816,7.933676098,41.16917999,37.36159604,18.69534879,0.90800519,2,1.338055054
24.57625285,7.246511855,34.27570978,42.34479584,17.54029187,0.248394179,1,1.319529797
16.75302942,10.20005145,35.84081093,55.96378789,21.02916191,0.485509757,3,1.412306085
21.90004891,8.211515625,24.68698327,28.70002089,15.37680835,0.519063064,0,1.097519264
17.00933689,39.2251152,40.71654511,18.32742249,16.89182759,0.985001216,0,3
20.35827684,26.8504791,41.69949431,24.13986415,16.59546995,0.065619578,1,3
15.9667645,20.43014411,33.08318984,30.13974704,27.75848228,0.667882368,1,2.510448752
19.50370936,23.82660096,42.8139443,42.25088406,22.59748747,0.345764983,1,3
22.56163329,46.8026031,41.12071562,10.22940147,33.76760459,0.501806212,1,3
18.47571524,45.98383157,38.28310442,52.66916074,28.14805219,0.217034571,0,3
21.64911724,37.20544161,38.35189789,13.80469865,13.25398336,0.16024228,2,3
22.95449961,44.81070698,22.63483685,55.03275745,41.45202405,0.243565299,0,3
24.27177819,19.38416124,26.77090094,57.47172606,26.24878393,0.071261964,1,2.220431246
17.34642082,22.14991967,21.6711805,59.50513971,11.89541831,0.278090297,2,2.203268105
18.99315916,32.61704818,20.21703023,50.47550922,12.50959293,0.690350922,0,3
16.52416013,33.06316763,23.95773828,17.0927763,40.86357847,0.651481935,1,3
24.92483502,26.67649271,42.01217957,45.30835216,36.63469329,0.554496206,1,3
24.27000968,23.02960318,25.99685148,20.16606453,27.79375786,0.000387413,3,2.967667682
20.3995713,49.37811402,44.25384906,54.85639178,18.77366794,0.125782,3,3
23.42033294,41.95056318,34.93227499,25.83029628,25.72349166,0.842869429,1,3
20.20957977,24.5741089,25.93146219,26.33979885,33.64175917,0.27173837,0,2.92252579
21.23585688,37.72816148,32.42827009,55.8826648,44.56770428,0.912198889,3,3
15.89124432,17.1302762,25.47737057,10.66155354,30.01405405,0.874546115,0,2.018384712
22.5527042,9.507619681,44.59933895,19.69830757,17.45308826,0.154927034,0,2.162960007
16.27713484,20.85939615,41.1816246,31.09661333,6.923296161,0.898152042,3,2.69861828
23.2606763,23.13377601,20.65596972,45.03607837,12.89547752,0.627834831,1,2.237631726
22.82028088,5.744170605,43.69440079,42.3783083,34.25799293,0.630286805,3,1.291970601
22.08744698,41.66564007,38.02662768,43.47059376,12.21966351,0.852679866,0,3
15.36160381,21.16370311,22.0595313,54.00110142,26.66927989,0.405055765,2,2.109149124
18.03128356,31.11881746,36.76594366,16.05152061,36.4529757,0.735263296,3,3
17.6311257,8.328343427,36.17316745,36.10808481,18.87012056,0.667764356,2,1.343643565
18.60136407,12.87485729,25.46971865,46.27388446,35.10976504,0.771514668,1,1.287980172
15.87642747,45.03621764,38.9611675,41.80592215,31.14824277,0.660188949,3,3
24.36957823,32.39093875,22.17661758,32.415706,24.75225981,0.080054801,2,3
20.53802241,47.76278226,32.23612953,10.85572929,45.37604655,0.292711002,1,3
18.05524311,49.94375155,20.24808018,13.02261328,36.14265007,0.939920873,0,3
18.96981517,21.73370519,44.21843722,15.94706634,21.22686649,0.223425189,1,3
19.47202541,18.44613788,38.78909079,27.16138764,41.19190401,0.472260401,1,2.629839405
21.00594333,43.62602248,23.9713019,15.88267263,38.21459964,0.356927976,0,3
20.15679428,49.93751422,28.541851,31.30411565,40.62577845,0.086298723,1,3
24.19391973,33.33385554,24.01405945,18.93209953,33.84301924,0.181188689,3,3
19.96963483,40.78133251,39.1654366,48.95830988,22.07167771,0.286667121,1,3
24.92158015,40.17856365,21.47240814,53.57438084,20.6860332,0.463318486,2,3
23.51424958,20.99028687,41.01016639,29.4823754,34.43681123,0.874523986,1,2.733948486
17.08510514,30.84216711,43.55490847,35.56658827,10.89050036,0.515616282,2,3
24.30595215,42.48756236,36.91569857,57.67481208,41.89614577,0.651904961,1,3
16.16366398,35.96512443,25.32413625,36.77538777,21.66509228,0.425955152,3,3
23.17449708,5.952371629,29.0022524,59.75366079,33.36673952,0.870062352,0,0.529411126
18.80623293,20.1517551,31.93099687,17.10654968,27.45787617,0.662621454,0,2.577165848
23.7797432,11.50140635,35.11561931,53.11132103,28.36969214,0.090630253,2,1.744232941
23.6805669,15.48374954,36.71657725,34.86015013,38.21027658,0.477501207,1,2.184908758
23.059254,45.74702649,33.85536788,11.13570556,33.20015242,0.827234205,1,3
22.90030436,6.660198001,28.78284802,58.61114707,16.26390448,0.733655353,3,0.67250892
18.04679139,14.89103204,42.27293201,58.25239499,8.340166914,0.905311148,1,1.863021414
15.80919283,18.93062085,22.03480145,29.16354201,42.81053303,0.227667839,2,2.222086127
19.02980179,32.75978324,31.65640136,57.70710355,44.82023336,0.977172164,2,3
16.73524515,29.03457605,39.38912096,17.05048211,12.40234398,0.285077668,3,3
21.94951089,14.82212673,21.52181663,44.00550706,18.92646801,0.050179878,2,1.734461551
18.46099727,12.39084803,37.63338042,19.59644934,17.70540719,0.495672627,2,2.049730009
24.75610201,15.65591156,40.49279057,22.33236182,47.18518523,0.110338738,3,2.636857854
21.40972077,27.6138332,36.52078246,48.96687186,14.21498219,0.681310941,2,3
23.22480564,17.20300036,20.32342231,28.86790423,12.49426544,0.900556271,2,1.658790268
16.32524673,47.64211257,24.50342568,10.35637514,13.18273474,0.921343272,0,3
23.62014482,25.87393496,28.55282697,30.71192121,37.84411292,0.607037243,3,2.928516562
24.22757191,7.645820745,25.84225089,21.40346603,44.96089299,0.535264871,0,1.144323342
19.87061919,37.81698826,44.06630351,44.16649568,22.70153348,0.993991423,1,3
21.06252938,19.79803797,36.28984785,19.72243484,11.1235957,0.579425719,3,2.702528184
22.64809801,34.40700194,27.42427393,52.11267642,31.35748988,0.927458324,1,3
16.74838627,17.58174667,43.24243747,23.35465061,14.44707312,0.916595051,2,2.507745218
20.02566076,30.68346838,38.51485499,29.65141291,7.886815131,0.289513796,0,3
18.98663028,39.74686272,27.1151803,24.90184304,44.88041203,0.013751076,2,3
16.46373992,46.76039338,29.47203924,42.19616739,44.18785744,0.439168408,0,3
18.67534422,16.7507215,24.98572146,15.05817706,48.91595721,0.861370136,0,1.926662693
15.68172309,20.06856279,44.27684996,33.90496863,26.33021397,0.836134217,0,2.725634483
15.25811907,25.89198891,32.9324124,26.72274076,18.23005392,0.603669188,0,3
16.35166289,46.7228677,42.40141719,54.20689816,39.64026855,0.15665841,2,3
24.63115112,45.56240856,28.66249428,13.67060468,13.12227194,0.107587714,2,3
20.49529536,9.044522605,41.52104008,51.48475325,15.94814346,0.954681984,2,1.296298405
24.65822161,10.93684216,21.34717121,18.38402383,16.50571818,0.421397682,0,1.41071751
19.32497878,27.29791298,44.55225794,14.428883,47.82287345,0.648161017,1,3
18.11816133,9.797867276,42.80085918,20.11614291,37.84203135,0.905864415,2,1.752388397
20.06141863,20.5511393,29.08007362,15.1326491,11.01626567,0.869893176,2,2.438176638
19.39511689,11.67734202,39.36805413,36.04919741,9.178064516,0.566903182,3,1.836059108
16.05664684,33.62181598,38.80644816,59.41074765,42.92666841,0.487905181,1,3
21.40826315,47.72729443,42.53136993,11.7163676,41.10234454,0.735259213,2,3
17.16038183,49.85301966,27.68137453,33.05641747,35.19475601,0.349645692,2,3
21.19587955,21.88585096,31.63800013,29.30351646,13.82452936,0.62539063,3,2.637454621
21.50201092,31.95556867,41.62499032,26.98032071,26.61275925,0.023152434,0,3
16.52024853,43.53204441,39.46448635,26.59318052,32.12266755,0.824312561,1,3
15.61349627,10.28579328,29.83666797,54.75063783,46.94618871,0.998032275,1,0.976612411
22.80761586,36.0303985,41.14313082,10.94880751,12.62406831,0.954706492,3,3
19.59800424,23.39796478,21.17385098,48.74581937,28.19510632,0.359894841,1,2.378185896
15.58163796,14.27657721,39.55115757,22.64665894,12.09882375,0.531101282,2,2.25401241
24.94866317,23.12391284,25.16914649,29.16477554,24.97322033,0.236216963,1,2.741606597
15.57780561,8.418212913,27.1530227,31.00749564,14.00607386,0.302987405,3,1.285353389
21.95035229,36.29332169,32.33037109,25.2365877,42.62837937,0.457346102,0,3
24.83678925,16.37342009,31.24336253,14.67794309,16.46313249,0.747080907,3,2.158467543
17.39180104,19.01325403,33.01425267,15.71654244,23.76971223,0.017882391,1,2.835693872
16.42249369,10.44865842,33.61938989,24.9065562,23.35044436,0.39377413,3,1.719559545
16.21384939,43.90966013,28.28819228,51.09045264,43.9832732,0.556496918,3,3
18.03275148,27.20499257,24.38068783,16.73138264,39.10088591,0.215183042,1,3
16.01045811,30.7466095,39.21203073,47.13199166,7.590897006,0.078478698,0,3
21.92161342,30.62447074,29.99940373,24.44348647,8.018935573,0.539573859,2,3
15.62291798,23.47219015,32.64602156,54.17324676,29.80387603,0.637809984,3,2.574782274
20.09422128,13.66384619,36.11741796,31.41642377,24.24735623,0.64100229,0,1.935633169
24.96696854,38.53097368,42.74094806,18.58616566,17.40128992,0.356584385,0,3
23.1397027,10.71753194,37.68882078,59.29222251,40.66794222,0.237361796,3,1.616444097
21.15219438,9.674320563,21.13648064,18.83172596,10.78858274,0.220386439,1,1.373470932
18.06253621,36.95652669,40.96400908,38.38099106,48.83256108,0.04052394,1,3
21.23895836,14.39766592,44.73387538,38.4643239,6.084612804,0.184683352,3,2.453910856
20.27041464,18.80477381,31.81212563,28.64067256,10.32038261,0.818606127,1,2.24517178
19.26083384,26.38523602,44.23975841,57.57442963,19.00924944,0.003051266,1,3
16.30710377,25.22080925,33.68321856,52.19372812,27.91170929,0.043888603,0,3
23.86604215,36.88606063,31.4903999,51.49097804,14.72612713,0.12701894,2,3
19.49784649,33.0544307,28.28511912,58.70759677,38.1296817,0.420240583,2,3
16.94622512,33.9978273,36.4388719,32.85546691,21.08938565,0.333737834,1,3
18.67759351,37.13244488,25.74551051,14.85928878,6.734225003,0.177835858,1,3
19.14129753,18.16757273,22.62335546,48.27279627,44.49748853,0.110949474,3,2.032666422
23.27537896,19.50499903,20.68092756,29.04062897,47.47395529,0.938862537,1,1.880026597
22.33614381,24.70989866,27.30950282,19.51725759,32.83536301,0.911250221,3,2.73050894
22.69304894,18.83579779,29.8942708,34.16236716,41.29413749,0.771898608,2,2.152482496
15.11031264,49.3222041,33.80191741,56.28594701,10.45001924,0.252021975,0,3
19.16153998,41.63233669,27.31874563,18.56785095,17.09691268,0.323698032,3,3
19.81344152,12.40946097,44.60148931,52.43494076,19.63542595,0.665844968,0,1.870390516
15.19192277,5.251737015,27.29362921,30.91024708,48.23389251,0.291698895,2,0.980009423
17.59813209,6.925247071,31.02438471,16.84009904,28.0500188,0.530622813,0,1.292958467
22.60289823,15.9828553,22.58190414,52.4191152,5.333610147,0.651283844,2,1.501182593
16.37109706,10.14310786,26.51566283,58.48101706,22.10836203,0.519196297,0,1.053757895
20.35310131,29.00021517,21.20830349,24.56353579,5.348777039,0.413284764,0,3
17.15201872,43.60978502,33.98771584,25.17681049,15.70125832,0.347894014,1,3
15.12120775,38.15375994,38.77661708,29.52729915,25.46150302,0.777749916,2,3
17.41201458,14.70240784,24.89274536,50.70651822,19.55268749,0.738998995,3,1.423434283
24.75873755,22.96846652,29.19777345,10.52085984,6.473039553,0.696228064,2,2.816783137
23.01537112,27.85523943,20.41540567,21.19782759,10.23510751,0.374677113,1,3
24.59576644,41.45926323,40.98805139,45.29499056,29.78989526,0.775736626,3,3
19.87854044,42.76047214,39.49908812,30.28197252,36.3022207,0.957703632,1,3
16.09736199,45.93732404,21.58135077,26.51478115,23.20470555,0.688979519,2,3
20.47959489,27.91603627,29.12169023,53.61414445,37.91667859,0.407899251,2,3
19.54377335,36.24236359,43.88216535,55.86669601,12.34997998,0.796481263,1,3
23.44357083,10.03101671,29.8006764,57.39931096,10.49260765,0.609302076,3,1.117813403
15.98082581,30.4380032,33.15521692,23.62752663,42.77541722,0.877677045,2,3
19.88241137,16.19113143,28.88107153,55.62563048,20.26460068,0.713182532,1,1.668967956
16.50048665,24.42725983,34.9032847,46.84827774,24.45115649,0.769920054,2,2.752726002
18.24675927,33.53227287,44.45392189,17.71073742,47.6411721,0.667436463,1,3
22.37357077,16.5643672,44.93756259,40.51350142,24.08505476,0.092020459,2,2.70321023
19.76018129,7.348327601,39.36787445,11.31674097,5.157054763,0.48511722,2,1.691369222
18.75888285,5.460523538,30.10777745,45.41890779,47.20873728,0.056489875,0,1.06721092
18.94476279,5.9971791,32.36080502,46.67837613,5.635338507,0.447549153,3,0.987853073
19.59446768,5.375738188,28.9182832,49.46692543,34.80288277,0.716426989,2,0.648633844
22.85016544,9.965977545,44.63936575,18.62625271,19.53009093,0.421255472,3,2.08768635
23.92084689,15.77699216,37.69400765,41.41249705,26.16758405,0.001630252,1,2.419226041
24.55334687,14.95496814,31.22328614,18.94283424,29.62783255,0.369285093,0,2.162202129
22.86903386,49.40584674,20.30288175,57.33250417,23.38070258,0.067758983,1,3
18.15406896,18.77027473,33.01208536,43.75053463,39.84659542,0.780596388,3,2.149626778
21.88134706,10.73393525,44.59820504,14.7662924,46.88178843,0.783751569,1,2.020461651
19.37603124,29.55031449,33.07652272,19.3516115,8.888542345,0.806378589,1,3
17.54670622,43.60808549,24.56066714,43.17300491,41.01137966,0.030327191,1,3
23.40871579,35.51271696,20.55234368,33.83352481,10.79020134,0.032269309,3,3
15.38426349,18.32369401,28.86759395,46.81488331,8.612473246,0.903449359,2,1.87474902
24.01761992,30.27272719,42.95570139,24.03943995,48.01241537,0.12368388,1,3
19.61477465,37.16851884,44.9138527,42.89587684,27.01840017,0.67009023,3,3
21.37201477,37.76470216,43.63419937,18.8480084,11.8671481,0.795454392,0,3
21.59353922,34.99423049,38.23549983,37.18551317,30.64807009,0.447863704,0,3
23.95117741,44.18646911,33.95356821,57.88997958,16.84567124,0.546472093,3,3
21.36669682,44.15474563,34.76715366,41.41111161,25.89390576,0.227380724,1,3
21.13933585,31.05214517,33.47480023,12.49968088,33.10968172,0.923599955,2,3
15.66652041,24.34353661,37.67623262,59.43810689,44.1171423,0.301801103,0,2.944946461
20.18408022,33.8706633,30.47183067,17.84331648,5.138662922,0.217811189,2,3
16.50169001,41.81954006,36.73010012,45.90345513,14.63632974,0.525403525,3,3
22.37433769,5.254344718,23.04030287,36.62650195,9.332174431,0.190513723,0,0.831922687
20.12221921,49.63986541,26.64238266,24.71803439,9.36939657,0.686691629,1,3
21.80227779,13.23021975,40.90007597,18.86552427,47.55998359,0.51511545,0,2.240144874
15.41672901,26.16120435,42.59372327,18.88511821,47.12373205,0.147804454,1,3
15.84792016,44.24133807,33.47520594,52.91998406,38.71886359,0.067246418,2,3
22.16323388,15.12681796,20.79089043,53.64562571,33.93783691,0.136953495,0,1.600778472
15.72084336,26.45578508,43.17433927,33.25727608,43.15867009,0.136624655,3,3
15.71256728,10.96619811,37.55160645,15.18107315,7.628393214,0.312850525,0,2.040104032
15.12108475,22.77843464,30.35069809,54.20825519,10.37686069,0.833270649,1,2.330815524
24.56501398,12.97109547,34.95947358,34.35082431,19.27008155,0.05729402,2,2.090270079
22.37508359,21.36324869,30.74437086,31.93812114,42.4621571,0.128088939,3,2.777711551
18.53251409,21.80588976,31.63348067,30.36785122,26.25046442,0.302899183,1,2.779910228
17.96535581,49.69268553,42.17024664,28.25070869,27.66086435,0.553333179,1,3
18.4970323,49.76658632,24.02710617,36.30027018,15.31694433,0.76288284,3,3
22.74653531,10.16538254,22.59172839,40.22706133,34.17743665,0.921191453,3,0.906729527
21.61370611,37.66859507,20.06821861,33.32161018,44.95289693,0.412088209,2,3
16.85195568,7.328546585,27.85000939,54.83240817,19.82813989,0.105834814,1,1.059946816
16.74109335,6.35864069,23.68534416,25.88306143,32.86336729,0.213515543,1,1.059787155
15.9839565,9.740025241,25.49963738,38.91559284,19.93770339,0.28724763,2,1.291210693
21.6030272,48.44685457,20.28097457,24.99769601,40.67236003,0.786097644,0,3
22.64372662,47.33885966,25.67988537,47.66750119,26.37318816,0.686643318,3,3
17.65046428,13.72675191,28.31778955,15.10605497,20.276106,0.209005323,2,2.061038298
15.20944961,12.2752551,20.78918741,19.43494984,23.90219844,0.838745505,3,1.306776173
15.82171667,15.82407889,35.19760311,50.0600705,9.105238463,0.859155844,2,1.825482699
24.67860035,28.19961473,34.22000872,19.15987976,43.9752719,0.882438775,2,3
17.95444777,30.63670844,22.42589446,41.28731731,48.11310749,0.275004189,1,3
22.69223148,14.97170437,34.87524444,58.5121726,26.48363809,0.133730245,3,2.007691736
21.24663569,39.04802546,44.96634797,36.14453069,14.96017436,0.103957407,2,3
18.8193964,18.92989262,43.61172382,19.36982232,34.90952896,0.400087753,1,2.95297129
17.05687262,46.49590965,20.06677483,26.03455228,25.35716658,0.42932481,2,3
16.21386418,34.55252179,39.88445778,51.17290382,16.35350364,0.868209998,3,3
21.15012968,24.63580374,28.84013191,27.58304566,6.729491457,0.267756045,2,3
22.74633781,40.54604008,21.59128426,46.17556795,45.03670033,0.626892142,1,3
21.43904254,41.80615817,27.39958034,48.86750314,40.85304584,0.78821271,1,3
20.30302133,18.07167225,28.04341291,35.05914236,42.30527259,0.269152894,0,2.256779785
15.41951223,20.28715447,33.08110598,49.16066922,24.79278789,0.267139597,3,2.506242489
24.68488778,47.11798192,36.52709418,25.84515022,38.89649264,0.669155262,0,3
22.98714192,12.41334673,38.72639031,35.80798234,31.15513687,0.72613628,1,1.811066386
17.92822037,6.896768763,26.14757606,44.3279132,21.86488834,0.959762641,0,0.638102293
24.79970329,25.43248952,28.04426426,18.40365737,42.92339397,0.849940671,3,2.869050851
21.0188159,41.05444551,27.70954267,23.68109837,49.94408966,0.822051404,1,3
20.82422658,39.72506478,29.0684217,42.60183017,45.46770383,0.692314224,0,3
22.48073179,46.3788783,44.99140772,42.76800599,39.92863873,0.118486634,0,3
23.11769788,28.9940299,39.44858257,34.66513232,38.63785875,0.809241225,1,3
21.56478607,9.50291022,44.37476163,49.77926784,34.26119794,0.935321726,2,1.463996202
16.28095746,31.49100385,37.32777649,34.1027451,43.41278736,0.390717816,1,3
18.38267506,40.02780265,30.15676754,54.06611327,27.18865615,0.313661958,0,3
24.2808364,9.199765412,29.74360459,46.79517154,13.17782796,0.522481642,3,1.182237491
17.24615612,12.76958305,32.21452862,25.73474317,39.56223759,0.9564556,0,1.615200694
18.72167024,5.553079752,30.42174458,29.76270042,46.37778684,0.050832274,1,1.246322987
19.32076883,31.71436608,40.70815615,43.38433429,20.36085314,0.708880641,0,3
19.3940499,44.90304764,31.62505033,54.72263094,40.23424841,0.814668333,1,3
21.12939582,35.17984922,27.39035901,18.93543664,17.31752164,0.788749167,0,3
24.43075838,49.19180394,39.37150672,35.73317694,47.4170123,0.566774405,0,3
17.40692712,7.836514362,41.36051023,15.93922107,35.75574464,0.920562997,2,1.542661401
16.21501376,45.63504883,30.5107239,23.97275777,30.61741942,0.134523759,1,3
16.9747049,41.63307293,36.6952143,44.29906796,40.09415711,0.245150597,2,3
23.869249,19.14086842,21.47011335,13.88673176,41.59540268,0.306956303,2,2.337411818
21.45810813,48.80869483,33.2366213,43.11792909,45.15664542,0.00867741,0,3
17.85906789,17.95719867,21.12452844,55.04055605,45.55037898,0.370669257,1,1.764130626
23.15946939,45.01871257,20.72977101,58.46851455,7.37108715,0.160659838,3,3
23.61369996,44.63368597,35.32312126,20.83161005,10.53084236,0.724626152,0,3
23.46514339,39.09459275,27.58338456,47.44489783,42.17273952,0.414952807,1,3
24.18926534,30.35617132,38.56342906,56.31852244,47.5723244,0.704459447,2,3
17.5224102,10.40012373,42.40206402,14.56846554,18.84523317,0.29365327,0,2.160903217
22.55041929,28.93872805,23.48477934,30.70118042,5.387081829,0.131917747,3,3
19.60539497,21.0558315,38.11307096,55.97048834,19.52173351,0.131989024,0,2.750319454
23.41998553,40.64976649,32.86299996,20.13937491,22.22888612,0.203263752,2,3
22.28490677,39.11581429,22.80298125,56.68803419,39.24650141,0.115215693,2,3
22.76447446,45.97756283,36.28981516,36.35960355,7.141309954,0.220547074,1,3
21.56161838,5.667357309,35.23667008,14.99465413,14.56881062,0.579034345,3,1.301827687
16.77428769,41.40964476,32.89104669,32.49386584,45.22858638,0.256336015,0,3
20.45026919,47.23079239,43.16178011,26.31305977,11.96691843,0.342946561,2,3
24.8466974,40.51852021,33.0269924,24.11020803,39.16614434,0.052733984,1,3
24.37388066,10.85875069,44.76287789,37.07377878,21.2589687,0.892209093,3,1.761128665
15.43173736,8.657559718,32.73072035,34.17963454,34.81970967,0.138160992,3,1.545903142
16.64814816,5.938035791,22.89630096,34.09835798,8.323092649,0.348665836,1,0.841697113
16.31728773,33.29353516,31.76178128,14.40708656,17.89510753,0.37947925,2,3
22.2597991,33.33526933,24.55821906,50.11590905,24.11553819,0.772126269,3,3
23.1778533,49.41111714,34.92833713,34.07196577,43.57456817,0.483542853,0,3
17.13511366,22.91194283,37.32830438,51.04529144,30.35731359,0.382956289,2,2.833540037
20.05852693,19.93578282,31.71088197,51.22973208,7.035138188,0.695874699,2,2.190373011
23.40703028,33.09912172,22.44257419,25.85676624,41.0839958,0.597014751,1,3
22.32801545,42.15239026,31.71603496,10.21731519,7.453467003,0.078134584,3,3
20.42237205,47.15482773,22.03635537,55.56228387,47.04649538,0.312700251,1,3
20.9034769,41.14058748,37.05314889,48.03473465,14.52728507,0.978608129,3,3
20.08360547,24.20032913,39.75920562,15.36259784,26.95667651,0.483335203,1,3
17.97548451,33.57114059,44.05950818,45.0863517,8.252643594,0.42419307,2,3
20.65021993,43.5334697,23.72005268,11.00116343,30.27705738,0.149919801,1,3
21.88885302,27.07743597,33.31050839,11.38795346,27.37529153,0.839070174,2,3
23.73322916,14.75089897,34.18843419,36.29116198,23.46118407,0.133307877,2,2.185138811
21.36291354,12.63755479,43.06191334,14.80187146,6.600781267,0.105083744,1,2.498592004
22.61121537,5.007098506,35.68191601,58.21682612,44.55213704,0.439000351,3,0.888438615
16.60071635,37.32070977,23.63774114,54.69156133,41.11864695,0.436646879,2,3
19.61557474,9.999374398,30.9087831,42.49060156,33.48635091,0.981468987,1,1.114589701
15.0933162,15.97275949,36.36906321,13.18544854,30.75034922,0.127533487,2,2.613956827
17.46678865,18.40443492,37.5071108,26.24176289,36.27258941,0.483827099,2,2.58634934
22.26461715,30.21709371,41.57684996,28.5861499,11.47955072,0.201245312,1,3
24.91809951,22.90807748,24.512678,34.04399179,46.96899108,0.701763892,2,2.416575151
15.991781,35.36032964,43.78855367,18.4451437,17.81029812,0.391686877,2,3
19.01494316,7.50373967,21.4784853,38.87558214,34.54206226,0.648467889,1,0.753333711
23.00070969,10.57726374,44.59405336,31.7885324,32.30400565,0.338411184,0,2.057103904
17.04035635,27.46451766,41.44417732,57.36484817,33.64762909,0.564545987,1,3
20.55084949,20.16341545,36.50681957,56.80976148,44.55284554,0.469136975,3,2.430569429
22.33071296,18.31160132,38.37488751,38.27369777,18.3160043,0.374364977,0,2.540403583
21.1598545,8.016263557,21.81730015,42.2174668,38.70266847,0.537524793,2,0.83793263
16.88024735,45.30736286,21.03699657,16.88982339,31.92759788,0.383798677,3,3
18.55384569,36.13183638,22.54414491,21.16616194,8.422714893,0.806018778,0,3
22.83791784,10.47281706,22.18399537,55.03577021,23.63696064,0.4952376,1,0.988771716
20.54226514,7.927068098,33.68453084,44.95829614,42.7078208,0.903127266,2,1.01437791
15.05229614,48.869264,25.38609968,19.47150986,19.1906325,0.222804241,0,3
22.6099076,35.65276477,41.50514093,38.5105153,26.70187475,0.11212388,1,3
15.35311355,23.7855232,31.14371558,56.73806252,26.98873557,0.38096736,0,2.658811867
22.45733783,36.57789683,37.38776191,27.25855531,32.81044401,0.183659561,1,3
17.0248056,39.03493039,36.32182732,19.29101878,44.78080369,0.393119393,3,3
24.5807348,40.09829911,27.99632597,57.10126385,12.80926395,0.207410944,3,3
18.67940751,26.50447875,26.07918934,33.06326801,27.70775972,0.868216309,2,2.755013352
18.26931616,24.34472412,28.56140713,30.86209993,24.09202667,0.56790453,1,2.793946052
16.4888805,5.496263792,39.91645935,23.37835999,18.31640405,0.497589265,0,1.397596792
18.05604215,46.69507018,34.65692121,54.57926475,46.38236796,0.787745094,2,3
23.76650762,32.14885453,26.33846656,52.28083834,5.367699158,0.130367013,2,3
24.96334338,14.14192717,40.44616108,30.14951997,10.49471567,0.857014721,1,2.032395527
18.68309531,46.38215387,21.36898465,11.53066399,38.00050025,0.483304058,3,3
19.48610631,46.17193558,37.47958437,32.33257153,16.85487221,0.13643323,2,3
22.22070938,49.5132874,30.97752014,19.04290083,37.54306675,0.819411466,0,3
23.8619578,44.33254534,38.28225965,17.13670351,42.45141248,0.46077521,2,3
20.93044334,49.90029745,43.18653201,29.65468059,16.45772076,0.604600542,1,3
18.91525698,16.01087847,38.75085245,14.95384687,13.63749295,0.893608886,3,2.296440017
19.12621841,42.90123133,31.04913388,57.87322535,11.53852847,0.890691632,1,3
21.95618146,42.0362739,23.77439204,12.37695909,14.00398749,0.892818892,2,3
15.03218264,15.39231616,40.1587744,30.06848137,17.02334251,0.416917459,0,2.368713886
21.19589337,9.429689705,31.51763817,18.1351351,44.09374174,0.749605882,2,1.437402618
18.5549301,49.07392312,21.88280809,44.44056608,39.6501986,0.23327086,2,3
22.94197331,18.32110482,37.97638494,13.94057246,5.082994261,0.831176989,3,2.542995761
15.9299064,44.19013057,27.29629915,37.34027871,44.33536139,0.341722306,1,3
20.88202267,5.18572196,21.22220574,48.65507476,8.546553487,0.463912462,3,0.507472075
19.8097289,5.946116325,42.56877537,57.50299175,34.48695279,0.891391648,2,0.99284507
21.42325526,25.96420889,32.0775273,44.92637815,11.81636457,0.805739952,0,2.813538042
15.64853594,15.74216078,27.02402633,14.97458788,7.802411473,0.952511205,0,1.849015474
20.79983787,36.04285775,37.90966395,14.42602749,39.18968139,0.36347299,3,3
20.61484588,30.45039465,42.14755944,46.57990243,26.02414012,0.15108527,0,3
20.60660094,8.486860885,20.00767688,20.76647025,31.9578131,0.910410423,0,0.852738737
21.03487667,12.31827333,37.19630463,32.36196543,24.14088585,0.493154387,0,1.901507306
21.76467937,22.46221715,39.17529235,58.83105507,8.022733813,0.889400791,2,2.519053847
23.04989,13.35218288,25.24818568,50.99533992,38.28281748,0.732073593,0,1.300834282
17.6982072,40.65000563,32.24059579,52.32966787,41.91580045,0.874802906,3,3
23.2504941,23.7231606,22.23214747,53.03849524,6.863924439,0.654722936,0,2.255641222
19.98255682,9.204434008,38.66874706,40.97726701,21.90727386,0.812372014,2,1.393442959
15.77058279,26.7954306,41.18640046,47.19669619,30.07924417,0.120335999,2,3
15.58550929,9.087718148,22.70466643,27.94804573,32.23325402,0.968294689,0,0.901966227
18.34238319,10.80217874,40.41150634,59.92231133,31.01688235,0.180979223,3,1.737555361
22.84896977,15.78244244,39.28925426,23.98110848,36.18232943,0.024502768,0,2.635823584
22.07680935,43.67874674,28.67283301,39.50037017,48.50672911,0.530807375,1,3
22.88614965,46.60756395,37.25723825,24.10308392,22.57639345,0.711912263,3,3
20.17269056,42.18159782,20.0012031,15.60355253,30.04806051,0.716418434,3,3
19.40198998,20.03347478,43.29494136,38.37929074,36.45853833,0.339232845,3,2.89310286
16.47452527,17.26008985,33.75958088,27.66743354,31.65907199,0.753831836,3,2.197738094
18.28192754,29.71200609,35.5084716,39.16096338,22.40379635,0.842560054,3,3
19.34019366,37.48339222,36.61648534,37.93392383,33.08356796,0.610011742,0,3
15.8860043,49.70177547,34.03422543,37.11283646,34.25501887,0.385992007,0,3
17.20611953,10.92068203,41.41909719,16.1650561,31.32358139,0.613574584,3,2.004266923
20.98225294,7.218139956,35.2425458,32.00903872,14.22997973,0.8622304,3,1.145359935
22.35663114,36.246015,42.69399978,50.60019697,27.76916112,0.900471761,1,3
24.98347511,42.45016026,34.55829056,25.75717478,44.79605644,0.031516627,2,3
24.33113331,43.08569509,24.27806055,32.19157526,44.08708451,0.122398558,2,3
21.425652,35.53085971,42.8390639,34.69157952,38.78545662,0.004514048,3,3
19.21248053,47.93071119,37.04068746,53.13656563,36.37379815,0.492442182,3,3
21.36177365,27.99521436,37.48097486,42.77998846,11.8975612,0.436390927,2,3
22.85651618,46.12166593,44.63704376,15.01012674,25.6759099,0.545801662,0,3
16.18336191,48.55154616,21.87991386,53.25854929,9.992808939,0.683646732,1,3
19.0990489,43.12208557,30.71481518,51.60329877,41.77780023,0.365783742,1,3
23.39802286,18.93913535,25.97738482,47.68229903,18.09694429,0.208577269,3,2.178714737
18.83832952,13.8297043,35.76066162,33.30290092,39.50896389,0.394820378,0,2.044553286
20.71872271,29.66540292,40.17029209,47.87726917,41.65605012,0.009011001,0,3
20.87769361,25.38566377,44.15776772,33.93710313,45.16232438,0.829446677,0,3
16.84476253,44.4991254,31.36490267,46.83117672,38.92235353,0.3837263,0,3
18.62235442,9.501425198,39.65545577,54.00550825,30.41280502,0.622788342,3,1.420541792
18.34511289,16.59830276,42.9262898,54.52707926,31.91832116,0.324725623,2,2.383072999
15.26196709,38.8309525,37.08313581,32.72892871,19.42620246,0.614812389,3,3
15.24191764,9.274399024,26.06831381,52.96713397,12.96482861,0.540435394,1,0.99649466
23.31697044,19.43439863,35.19635378,15.07286903,10.87862922,0.20855933,1,2.8616433
17.7307081,22.42199273,44.2488012,15.09097087,13.19105845,0.625324025,3,3
20.18078766,33.01672085,44.68884572,37.41334734,47.02783493,0.109622419,1,3
17.98725574,12.11596906,36.05899559,42.59223092,12.39949644,0.481085847,2,1.747098193
24.40679245,43.72720207,42.17469395,17.6496888,37.56818502,0.719878059,2,3
17.59296759,25.1394006,25.0087341,33.60900224,13.30828445,0.549062722,3,2.736943146
19.29656813,46.26597703,26.15196512,14.71813339,48.88803966,0.746271067,1,3
23.7273025,26.05414611,43.82219032,40.10497428,21.4963041,0.273162588,2,3
23.41933567,17.37681165,23.38088439,52.75470184,23.54613931,0.04881853,2,1.965087695
16.86101418,11.38229729,24.77766095,46.8819488,23.20302105,0.055970378,1,1.467347084
23.0264331,5.168529262,30.51371498,28.91457762,41.74066328,0.268725485,0,1.11046824
19.58186887,28.94708682,34.73960719,59.68968983,14.82307361,0.407667092,1,3
19.82968872,9.822051362,35.09543047,43.14674882,42.39611312,0.537505205,3,1.451832728
16.33479972,22.62774936,27.29940022,50.76242172,34.56764845,0.757661295,0,2.286300079
15.80601514,31.51722926,43.01534745,43.48486936,14.91260755,0.839609483,3,3
22.27939307,17.40586536,42.87749769,59.47081455,7.943339563,0.693680974,2,2.228287827
19.96461152,12.88509316,29.80170133,51.06798836,39.87466436,0.463208955,0,1.539614999
19.36850703,39.86247302,30.85729424,35.97116089,14.85333706,0.264487016,3,3
22.29508229,47.60560275,37.56242792,28.34397814,45.00800734,0.427802325,3,3
22.65512899,9.519818804,36.57489741,44.10774146,10.84033748,0.273396152,3,1.593369637
16.58908168,12.0015646,29.55742537,39.51109044,32.73640542,0.624462614,0,1.478061761
21.10225149,48.20056958,30.35610629,41.46752955,36.14757772,0.81820686,3,3
16.35354082,6.700289982,28.70097359,27.15058831,34.59660866,0.518188744,0,1.096127863
22.51375086,48.99345514,25.88462517,31.43642103,19.22134165,0.045839475,0,3
21.56955156,5.209001739,31.45345907,37.90482874,44.39855854,0.939748628,3,0.720426208
24.56614621,44.3150895,37.1608533,51.9641701,39.64123925,0.294284012,2,3
15.68958016,18.82963314,38.54916763,48.14544589,27.95928537,0.914510339,1,2.229225941
15.57054721,47.23649862,39.47184121,15.93279353,32.14818626,0.813068303,1,3
17.82187075,19.26253799,29.36830034,22.2777125,30.48670521,0.413125113,0,2.475857462
17.61705684,34.44378447,39.11589986,11.33288625,47.60143598,0.056703767,3,3
17.46978799,8.601465639,20.16290789,10.3980284,45.33859566,0.947703904,1,0.954411257
24.06254581,15.90484152,31.92624844,21.21877346,15.59737783,0.659053667,1,2.112977865
17.495462,39.81557059,39.84761,49.9660474,16.82419,0.249653983,3,3
17.71949726,28.79086342,35.75111802,55.23738291,49.16471325,0.533536203,1,3
22.59398262,46.75860778,31.8515781,29.58841829,15.64523159,0.635370509,3,3
19.49739842,24.29381338,36.11605017,38.15992983,47.9065696,0.226659327,1,3
22.76710557,44.14155646,42.67365008,45.3026301,34.23891673,0.0935405,2,3
15.65366158,25.20299469,34.15954502,57.64683496,7.254924757,0.267465546,3,2.948749847
19.87571194,49.06617254,39.99465479,55.64661186,20.10772398,0.047602668,1,3
15.336136,48.19254716,44.51856813,12.85961517,26.42693324,0.06998651,0,3
15.62653203,19.81115175,37.63920505,22.40829216,42.48918012,0.156585043,3,2.9333799
24.06437453,44.86656517,34.3331441,12.4572272,19.7863436,0.158406371,1,3
16.39245371,43.14251184,20.93714868,40.82712105,18.97602405,0.247951585,2,3
20.32420682,14.48061788,29.36194746,45.52466582,46.41184666,0.937429232,1,1.502832096
19.11095603,33.09306804,34.13606834,25.41417062,8.556545543,0.575820023,0,3
18.47343326,8.270704202,39.93016429,52.69259541,29.81845466,0.42250518,3,1.419897353
23.99833346,42.65198243,30.95261974,32.64063752,27.69076714,0.563799669,2,3
15.21823397,12.85456476,44.00145689,59.91907575,7.58006421,0.005711553,1,2.150125171
21.63789686,8.186661562,26.79484382,10.01998463,8.949164923,0.89474691,0,1.164254316
24.63394434,23.0098593,38.61417988,15.47448542,22.18853448,0.532313141,0,3
20.60168183,30.96149624,30.47578543,25.08966215,11.03725487,0.451650665,0,3
24.36822462,43.47126314,32.14971236,11.2753799,26.5132357,0.941601939,1,3
15.52257879,48.84091365,40.06255085,49.11697289,32.39999984,0.730408084,2,3
19.18793319,24.77716307,27.40538154,12.63858939,36.1128508,0.33742084,1,3
17.60157791,7.720111534,22.42030141,47.44898166,29.59115297,0.936157481,2,0.576785977
22.30820965,38.71020106,33.00638962,12.62842294,22.08470072,0.851997625,3,3
24.8129709,30.43279653,33.2198653,22.63636323,10.8391382,0.954533729,2,3
17.56530062,25.15511052,39.92919431,52.06384078,16.13684367,0.096223937,0,3
21.54174601,18.91709955,44.20798016,57.55476471,23.87397547,0.955284889,0,2.312119201
16.98097633,27.60793375,21.38251716,30.72631713,46.58515175,0.542882839,0,2.894839356
20.65330255,20.2405822,34.79223684,58.49694822,14.11702615,0.67221508,1,2.262722426
19.63932487,39.06553405,37.03196326,41.34404619,23.60049039,0.2122389,3,3
24.7200533,29.47521634,44.64503377,30.79175612,37.95389858,0.14040149,2,3
21.08527273,44.45814984,43.56475536,50.1400672,36.73415084,0.079387498,0,3
18.49506372,29.45947616,37.81126912,24.76642601,48.45166675,0.422313092,3,3
16.14095785,15.7218086,33.04473528,23.28981307,13.59055835,0.22134947,3,2.330099171
16.51246829,43.2991347,24.03809806,42.82738385,5.743382522,0.081622909,1,3
17.2531693,30.07485702,29.60441388,29.5243681,19.50454674,0.955066196,2,3
17.50966661,14.30784672,34.62805813,16.79590135,11.73616756,0.733391343,3,2.050398591
23.50616058,33.05785145,38.13000991,13.34821176,29.68110736,0.517854508,2,3
20.61222788,21.09725442,35.88498894,49.39212881,45.44505749,0.743347483,1,2.440296711
20.23390911,42.99825255,37.85307005,43.79553659,35.97020748,0.611458172,2,3
16.14768872,25.39848824,30.72881261,30.58991123,11.11094854,0.178032594,1,3
23.60139693,37.68986111,38.19068226,54.81138176,10.2240511,0.633436444,0,3
22.22814303,9.299129344,23.5935314,30.54283762,46.0152416,0.681012269,2,1.07042947
15.67668362,22.82109558,24.06465779,45.51477357,26.94242975,0.237470839,1,2.510381663
22.07835097,49.24586464,24.07080365,55.45576376,46.56528464,0.320144647,3,3
20.43538217,41.38071303,42.27162393,52.03577294,38.1297972,0.38330066,0,3
15.81725346,12.19733611,21.90085158,35.55523882,49.70068073,0.60254664,3,1.292936289
19.58300642,17.49938223,40.03770932,44.03181962,44.20524842,0.126807982,0,2.580806346
19.84696287,19.8417114,25.83927245,30.68328884,23.63954865,0.743478124,0,2.166908271
16.6577454,34.26645022,31.71074851,42.35985861,39.12025224,0.346024271,2,3
24.45698147,39.06476418,42.89891489,22.87762192,26.20526753,0.69177262,3,3
23.49975371,38.7286974,34.64843074,31.73710569,15.48825319,0.932887393,3,3
21.69022337,27.94433253,25.25294216,20.47728688,15.84631664,0.869874647,0,2.9964878
19.62295561,41.4869242,27.10225151,11.90924763,22.8794965,0.737581129,0,3
19.11765542,24.66851372,43.0111656,39.42699253,10.01598017,0.193326984,0,3
21.50973467,10.57462544,30.67859813,53.22146727,12.99948282,0.732074369,1,1.181830624
20.45431869,30.39988287,34.67463708,11.27891373,27.52739077,0.635789406,2,3
15.62273106,47.85356231,31.49830492,19.80148704,47.92651148,0.772546823,0,3
20.12502649,40.68471431,29.4609522,33.00925296,30.99588539,0.868813921,2,3
23.06403617,31.04152915,25.58197817,43.29484084,23.38235371,0.311475114,0,3
19.59239878,34.10625472,37.15478751,18.56145968,15.92151439,0.644304072,1,3
15.51956578,46.87529122,37.95605066,12.83474145,13.81555871,0.275138185,0,3
22.86278199,24.27542575,26.87212729,35.95243589,34.62831632,0.346284939,2,2.790613323
17.01363782,19.91273625,39.72527108,50.93548565,43.17463928,0.520644544,0,2.545772199
17.58620835,48.97587043,41.36338001,11.76174547,22.94851669,0.434163392,2,3
16.64706353,43.85494101,43.01687741,27.46847252,29.77965709,0.600630602,3,3
18.30215065,19.53696131,24.03031035,43.17573714,36.80270426,0.75876147,2,1.943568369
22.56751506,25.87012688,27.59809209,16.53710031,7.623300878,0.605020025,1,3
20.1938586,23.67851581,41.50883369,21.79733884,20.79036713,0.969800495,0,3
17.04881274,11.70930554,24.96350507,36.77463219,37.83888004,0.738120009,3,1.266241063
23.77830078,48.10186957,20.08671148,57.66158482,35.80785619,0.985011826,2,3
23.79581855,23.1940594,41.77068276,24.36713091,7.400647599,0.743440724,3,3
23.70578425,44.38980872,28.16123604,34.37637106,15.70183243,0.507918872,1,3
17.38796211,13.52103025,30.36243813,29.99654315,35.59807465,0.411005763,3,1.858715982
19.51239344,29.65418648,31.15835064,54.8698336,17.21372191,0.73566039,3,3
24.84989656,6.078262331,41.20686502,13.5944932,41.64846323,0.687124391,2,1.501881273
22.72012476,39.38992177,28.44730361,38.30737957,6.327718664,0.668764704,1,3
15.27167421,31.14112542,42.30699715,52.30598496,13.56561632,0.721783844,0,3
15.65204591,33.15153126,35.42347845,59.40587885,17.6590841,0.872172113,0,3
19.63931377,7.327439715,33.1821681,44.93627488,46.63804257,0.227760308,0,1.275573339
24.09220206,14.49672486,28.14036268,28.99677378,40.83435304,0.564894729,0,1.815269473
20.38701798,8.344889256,26.09279241,30.59121763,44.78652889,0.603301188,0,1.096685902
19.97812508,18.00114421,35.60146107,27.58411099,24.82156162,0.292856838,3,2.564560261
16.054737,33.23475535,31.172354,40.18065499,42.01529411,0.987949615,0,3
21.56780105,30.47836929,42.76290025,46.97028854,43.40721073,0.785537916,3,3
23.22103161,32.54674197,32.2909679,50.97337818,22.99805707,0.321266103,2,3
18.80420008,29.71630721,32.79487292,30.82965548,49.75078315,0.358434356,2,3
22.75611851,17.28629581,30.41808203,45.83542511,43.30573831,0.718258149,1,1.925082323
24.64476654,16.00283738,39.73157492,55.8111296,48.83436359,0.011493421,0,2.360811562
17.03766459,11.16768576,30.62097995,56.04123972,43.99236989,0.464040338,3,1.345035342
20.23329631,43.20818937,26.73354999,45.20145014,39.92916381,0.343110972,0,3
17.87137958,32.74157113,41.55077186,41.84510964,47.47297431,0.854002968,3,3
22.92854419,13.39299556,34.92070553,36.57630378,23.89186601,0.79129491,2,1.741912581
20.77593366,12.97442209,34.78775549,19.15988341,40.25000451,0.332096927,1,2.099386762
21.34582418,44.28660207,35.27055518,16.18148263,14.58010427,0.864796977,1,3
22.9791416,38.42288887,37.97099371,34.28555034,37.97572346,0.913600006,1,3
18.95970473,34.6729586,27.82669973,17.97220781,40.34089774,0.552458849,0,3
24.15090068,23.30888484,20.84610927,38.84999628,37.24359844,0.159237003,3,2.557640329
20.33028867,16.78890039,40.26482902,42.28513652,43.24158794,0.770328083,0,2.2130356
16.57954823,49.07528434,23.22262635,36.28077988,23.60009511,0.31934424,1,3
21.95899118,40.87578088,38.04549343,11.82133563,29.51456594,0.52728139,0,3
22.9326135,18.58006504,22.05788246,12.88639794,5.480033481,0.045588665,0,2.441610941
18.16761677,43.14041583,29.38269605,15.66705923,11.57239234,0.500090423,0,3
23.57179257,39.15193769,21.57565175,17.68229025,33.98872665,0.380264533,0,3
24.06143255,18.36862474,33.05534199,59.49413069,30.30427398,0.686065293,3,2.000733254
17.76904487,24.19487844,36.32839432,27.22475084,13.87996311,0.04078368,3,3
24.83521473,13.36790504,24.28582853,24.59866868,15.95591574,0.624945472,1,1.587858699
16.40711528,9.997359997,29.29069046,12.61333178,20.48369909,0.771956074,1,1.463980994
17.02015668,37.52429148,43.25598728,41.76601953,37.23866208,0.012778147,2,3
16.84224839,17.03803358,31.05972793,42.60953926,32.43724712,0.749963345,3,1.938050557
23.9398971,41.90267146,40.06358922,18.77243448,8.130706888,0.130204027,0,3
21.54292552,49.80239202,43.17961863,55.96207705,39.19726171,0.698056115,3,3
16.52104283,8.447891627,44.35864562,50.02467733,16.81968034,0.455276376,0,1.595525722
19.40323418,26.28658063,42.45805049,21.51596584,35.22918553,0.551991306,0,3
21.15298025,41.09281517,27.93513323,34.29248655,10.55132801,0.33734725,2,3
15.83464085,40.50279034,44.06432215,32.91954281,49.90645745,0.245466406,2,3
23.82416368,39.19987212,40.30988104,27.42602222,8.615082681,0.071047358,2,3
23.03603535,20.70477209,40.92938959,50.88173564,38.37803128,0.864689987,2,2.493627845
20.05206774,25.42339651,20.3793246,15.46322428,29.35986617,0.610429216,0,2.76180362
24.67126615,31.77357608,43.85597158,30.76571199,8.867263608,0.982799159,0,3
19.17760979,48.82732626,39.4522556,31.40155653,6.20647059,0.8504519,3,3
24.84110319,19.73962719,39.19918741,33.43628023,21.31995729,0.869633267,0,2.511422864
21.67919999,46.54147495,22.03811827,53.06749955,41.10007694,0.597849681,3,3
21.34671273,17.12106132,25.81421353,20.90834351,6.851805813,0.080942704,3,2.323025129
16.65954895,49.50835095,44.05654163,15.14615868,36.69793985,0.913396262,2,3
23.81927758,35.16186591,32.51692687,40.89042314,34.49193243,0.117886234,3,3
19.27489688,25.85801662,29.94645046,18.69172375,16.94919545,0.517146009,1,3
16.62233406,32.60256926,40.99852043,13.74660429,8.487141608,0.856855738,1,3
15.1260752,17.26390261,22.18351035,31.33246103,46.18948822,0.472408014,0,1.916311988
20.59755684,17.33782359,30.42355041,20.98232154,18.51574112,0.165670354,1,2.455242313
20.27399622,10.10995447,29.39251936,28.06083094,10.01224543,0.373196849,2,1.523539359
22.19353622,10.1322634,28.74628468,22.98555401,35.66826853,0.98838736,2,1.247386609
23.90258053,20.64522837,27.69230609,14.63182314,14.7506553,0.999759186,3,2.341401882
15.79406585,39.32849651,25.25187392,38.01736015,26.403384,0.71083499,0,3
22.3149649,32.35870254,24.32277007,11.3509209,7.268249491,0.887992309,1,3
16.87411944,9.616305215,36.01015292,58.3187674,49.6842777,0.044206728,0,1.556677914
23.58177053,43.35064362,42.98487103,27.06652609,25.1429507,0.275971575,3,3
23.19063514,32.06154321,32.72129113,44.75787552,49.95994916,0.368959549,2,3
20.40793755,48.23850096,27.44936381,50.51814363,22.35536946,0.011997647,3,3
22.10242799,35.15834603,23.97900494,23.95523978,20.65336502,0.376961556,1,3
18.14350113,12.88286887,40.75358413,47.43693546,46.15575477,0.093031585,2,2.125854544
19.71167899,26.3202513,44.28730141,51.62104277,19.82596342,0.517409302,1,3
23.21636898,34.18239189,28.72888504,22.06586169,24.44024963,0.004419309,0,3
19.59265197,6.271911547,27.27376064,59.62473384,8.514969652,0.270449889,2,0.804844227
18.57798265,5.670961887,35.03732382,11.03443414,47.99580746,0.866283403,0,1.19152094
19.94212447,10.82313503,39.38322452,20.85002401,8.831805838,0.213058054,2,2.080058386
23.28249252,16.32489958,31.38507009,49.00103781,39.70332201,0.06484343,1,2.156226868
18.35208047,24.32971056,35.75182875,19.70655125,29.23769272,0.249730784,1,3
16.73761593,26.93482132,37.9137267,44.91299317,7.763231482,0.827558706,3,3
22.1201402,11.2112424,44.0148072,52.77652025,5.076672262,0.587187363,3,1.766925596
23.25978213,35.30262106,24.12593326,57.96071363,47.09991373,0.586074369,2,3
16.00637479,31.82621278,44.93456235,33.71237577,38.39780319,0.000574012,2,3
17.39874113,18.25088445,29.80391638,58.55545615,35.88963096,0.472151214,2,1.996922156
16.4197199,5.614694755,38.08000357,30.58111483,24.73504388,0.26561804,3,1.39218276
18.47941412,8.494156191,34.31035945,20.90640198,15.7376204,0.336209012,1,1.615925741
19.50350979,22.6262649,32.16671543,35.69609265,35.59383836,0.598686638,0,2.678546092
22.48826337,11.9288458,37.45188422,42.49116222,32.37354809,0.874339775,0,1.579199211
21.51147585,21.95688228,29.89384626,32.8981658,37.68539877,0.181656906,2,2.772339659
21.20928567,33.2682172,23.15274953,38.3486222,21.46066333,0.768222024,0,3
18.52374947,29.62568425,32.22233458,30.82045939,49.41156922,0.048902177,0,3
23.41447553,15.40291474,33.04789677,36.2380977,8.015389494,0.326729166,0,2.116142473
19.71287167,20.47201211,25.04755383,57.6297836,8.586572767,0.21891269,3,2.196365491
24.79104938,32.63140393,43.39048391,34.99155763,46.25941314,0.915583984,3,3
21.34142138,43.73847626,25.68689117,22.65898164,34.14678957,0.177997906,0,3
16.26264742,38.89460474,30.23068985,47.93733108,19.68503307,0.578631918,1,3
21.76177562,29.90300121,23.87324217,26.87922289,39.2878741,0.164783166,1,3
18.25104015,21.30318492,33.39491615,50.81035854,25.37480245,0.473483715,3,2.498636921
21.86327197,21.42730749,27.6909402,12.84209945,5.950467896,0.413399901,1,2.730641144
15.69641148,44.57377896,32.231813,26.60889886,34.29966512,0.041357192,2,3
16.74881437,6.765960922,25.61542291,14.71799541,15.94003717,0.825867594,2,0.970329772
23.55737259,49.459219,21.3443782,14.26589121,10.19008025,0.780112715,1,3
17.27179557,34.89689349,39.48066628,42.91947796,15.13729321,0.277858372,0,3
23.37041125,35.65119646,36.0271571,29.26674007,26.42710465,0.613995137,1,3
17.79276088,6.709902679,28.51848389,53.5739471,7.243539408,0.362669581,0,0.904532136
21.4288191,32.24881737,21.18735562,35.82025689,44.74185741,0.769227143,0,3
21.94150574,26.8150127,41.63937657,24.76716106,30.19631075,0.692484456,1,3
20.12654753,9.76005081,24.24487512,46.0444444,18.18482811,0.090466981,2,1.278489651
18.05310677,17.50649048,43.26855546,41.20083958,35.91521816,0.844188165,0,2.358831752
17.12644376,45.06415053,31.96488446,49.97973104,41.19064236,0.179426105,0,3
15.33189355,29.74947871,28.50966775,42.17941382,32.62660826,0.174109702,3,3
18.03946401,23.60374588,38.54398692,18.35067085,14.11226069,0.733746875,1,3
21.53162791,8.270697013,41.92098515,43.51550188,9.962978907,0.183251061,3,1.697655323
24.38304818,37.13546873,29.26783909,29.57745988,43.69548637,0.122396954,0,3
23.71204482,36.62828705,30.1835938,33.15715151,15.56093361,0.335582827,0,3
22.66064777,32.63196231,30.82895548,56.07822879,5.90370938,0.838712481,3,3
22.88447343,27.96181908,43.05807654,27.99820231,33.93059487,0.176808758,1,3
21.64984903,24.5202981,37.31409979,40.59795715,11.87983984,0.339072993,3,3
17.60286858,31.69719918,26.19115293,28.17408667,49.59364189,0.286253951,3,3
24.07195031,15.50279533,24.62499244,14.73637427,44.13788743,0.356060865,0,2.045718439
21.70732312,47.35665789,25.75919159,32.6762671,32.38005767,0.714271794,2,3
20.60440631,31.49575381,26.58909723,39.85307522,42.52395392,0.405465581,2,3
16.10989469,19.00366,25.75458728,30.3751646,26.17410653,0.759576681,2,2.075312256
19.47055544,25.23559329,36.46266118,29.53330923,40.481881,0.640403138,1,3
19.60358271,41.2558155,22.89833777,51.01892569,34.09400986,0.361099182,3,3
23.6456361,12.27272273,29.68396224,11.48425861,6.289009159,0.432240782,1,1.885774704
20.4664822,18.17760301,35.62633932,24.77926984,47.69409504,0.703622712,2,2.405700891
18.80400549,35.57786102,27.27149935,50.58786327,43.74138102,0.534755413,1,3
24.76800329,19.19701429,21.63185962,56.02650743,47.90333258,0.868340161,1,1.646328261
16.10720593,40.66257568,22.04559807,30.61497929,37.91146706,0.933183418,1,3
19.22548428,10.87040692,23.14916941,54.43971216,23.54274147,0.717707326,2,0.955428888
15.42024675,39.32087767,40.89607562,19.94650611,14.31433505,0.98920712,1,3
22.39904121,8.075827168,36.44658764,21.07135339,13.09983564,0.596536787,1,1.513487044
24.18076552,5.56666757,21.61306028,52.30956883,11.52123118,0.03983079,2,0.734091016
17.8003733,45.42005835,29.77672198,55.16288707,14.92743392,0.504852056,2,3
23.58341677,31.16026476,26.96462932,21.1402884,29.7786206,0.230009279,1,3
17.9221823,20.83221037,34.45100279,12.9662095,35.76852785,0.33371318,3,2.935069111
24.10770162,15.46675866,33.07014874,14.51620685,19.13254525,0.490070052,1,2.258817063
22.53961904,32.75986025,32.02810058,23.06904177,29.69361363,0.295050804,0,3
23.04906777,27.90509826,27.86280926,48.07245386,20.35636968,0.309621639,2,3
15.18006556,49.6218999,23.4449943,35.49959139,36.34294882,0.402016336,3,3
24.62810357,49.2447194,38.55940957,32.77944211,49.48187991,0.286457348,0,3
22.26670992,33.57610548,41.99641922,39.20699656,36.00576358,0.169500995,0,3
18.04751095,24.92917277,43.60377273,54.51115567,7.656375958,0.765560263,0,3
23.29394665,27.10134361,21.46547427,14.52151898,26.4755731,0.395211762,3,3
17.81521198,35.71155798,38.49771779,44.73620638,39.66743717,0.8317573,0,3
23.7275384,9.570854491,38.16258649,56.33954228,29.40087228,0.88271699,2,1.224417748
16.1258039,19.77584332,43.67774035,20.66750209,47.79783634,0.750963486,3,2.851352247
22.03685977,8.387250845,26.32286486,51.8886158,7.464725564,0.396673162,2,0.998931174
20.40698477,8.301234178,38.55447596,44.90123554,18.10199945,0.721322113,3,1.305599205
15.9653447,13.81276589,21.36565722,10.7234268,14.93231484,0.155220504,2,1.908620642
17.41893828,26.83639646,35.78114302,21.58058402,39.54299908,0.661115759,3,3
15.12404036,40.31484445,28.7711956,40.29223804,28.57068808,0.406032064,0,3
19.68767965,26.8473151,39.22273599,35.12001697,11.22548951,0.655644415,2,3
18.01265261,20.09644748,41.58260716,36.39681263,17.85169686,0.754790592,2,2.654368231
20.98357484,8.705884565,29.12052606,21.59652123,28.51966953,0.562686488,2,1.343964202
17.97237808,29.76329854,33.13965232,43.75017354,49.82580416,0.642478593,1,3
17.99919112,17.20708639,22.93510156,23.32091855,21.39315608,0.213527931,0,2.145238873
22.43193199,32.67203801,30.42267413,29.47174832,12.05717438,0.592699555,2,3
15.48142836,48.97344826,29.02000983,28.44579579,27.36799366,0.460474289,2,3
24.02894995,10.00914447,24.57808649,43.60125111,18.95838698,0.42805286,3,1.170145056
23.52263874,14.54564294,42.36196562,14.51263808,30.46850707,0.410315754,0,2.516345557
21.67804683,26.28925421,23.70219595,20.27709505,26.00196363,0.310924028,0,3
20.9322157,48.58762169,35.89348394,20.02485353,36.02704648,0.305334662,2,3
23.92302498,39.73143993,42.25356609,15.42123371,46.1430819,0.699706428,1,3
16.8533018,45.42031369,42.7992145,20.37974894,14.02314578,0.557799756,2,3
15.78969162,20.01716818,39.8309925,40.3530134,41.95310317,0.029952107,1,2.91091038
17.3951017,49.64173132,24.40352835,46.60840854,47.7169572,0.04852523,0,3
22.94578279,9.627476723,40.43578523,43.01517235,21.81243567,0.570119001,0,1.595395956
15.34670267,7.383780772,26.91412031,33.7594069,10.11482153,0.846283479,1,0.874779612
20.82806835,43.50211822,43.05995069,12.62172855,41.98600269,0.043977811,0,3
24.95437516,46.72691916,37.72716704,57.95035053,36.54931142,0.507206934,3,3
23.55696094,9.07634109,39.63168903,18.40382304,14.57204922,0.851135376,1,1.619084492
20.21445689,10.1042342,22.12581134,43.42106852,25.03506169,0.004447978,3,1.311515791
15.63640909,6.492837099,34.56912784,55.64453077,31.00964929,0.275793908,2,1.10724571
23.31373514,9.702840319,40.52855317,44.8888548,12.6434339,0.919920218,2,1.412387147
20.98978508,14.42389176,41.53975882,20.90248201,37.1710772,0.081469623,3,2.577288171
16.14932997,48.65344785,20.71579262,25.78981494,36.04472336,0.606996477,0,3
15.93857285,35.05371,43.47898081,11.51029335,44.92069756,0.507381667,3,3
24.09626819,40.03488615,21.08346833,40.63791204,30.5272834,0.151679363,0,3
21.69200263,39.92627317,35.36296699,40.64964904,30.84408638,0.04248701,3,3
23.29286799,29.07831874,37.33468819,46.27502907,32.87243102,0.502587102,3,3
23.789789,40.887004,22.68363228,10.54981446,17.32024676,0.735130189,0,3
20.71772352,31.81133896,21.20029664,50.89206444,39.13726331,0.177242777,3,3
20.17446352,19.15457439,39.62280386,46.93554787,34.81246676,0.691319829,1,2.421202175
19.3042741,30.24995489,29.61676562,17.04433048,42.76155315,0.546383312,0,3
18.16946588,29.00788638,22.67781288,27.38133046,39.58637022,0.357846426,2,3
19.34595961,42.05538742,39.06669541,41.92624465,33.73575037,0.664430496,2,3
22.73879656,49.17772478,41.22907675,34.78984375,12.24014679,0.191976778,3,3
21.01923431,23.49691544,34.68465477,15.7547132,46.36162954,0.456931321,2,3
23.9252329,39.35258053,24.03092021,14.36726876,21.52454816,0.549304982,1,3
19.43380014,9.489335182,20.38056179,49.07281496,48.39343558,0.45869554,2,0.908209658
21.07089579,39.95741163,37.52006203,17.7983559,23.08418609,0.397501377,2,3
21.31307553,21.71376104,33.75349187,18.6046337,11.56722317,0.74091364,0,2.739989343
20.91697162,6.77255733,36.26992854,51.54615627,44.81778864,0.656100967,3,1.042741305
22.02633773,21.34607804,40.32961675,40.60698173,40.77764331,0.639462085,2,2.753127502
17.37433468,32.47892379,30.85569442,40.23578041,40.38332253,0.891800645,3,3
20.12363778,10.36625755,23.11288672,33.96728857,9.023483783,0.993500657,0,0.970632098
16.04224803,46.58155216,43.49958213,38.44975072,44.56759249,0.567204533,2,3
18.84511328,8.495258597,33.63155318,40.08848452,31.83802867,0.348267878,2,1.395558848
19.87667069,46.85030239,35.38235298,58.39131174,26.16600813,0.778875349,0,3
21.5222426,36.82118831,43.33528574,21.14866537,46.09272296,0.142099063,0,3
24.50531053,19.83704789,43.28959141,20.72812099,34.97186086,0.512909171,2,2.962955374
21.00651067,22.58376565,34.30236517,12.86092439,10.98638707,0.524508482,1,3
22.43593916,38.33642141,27.44028562,42.90993994,28.37917292,0.983467868,3,3
20.06266059,32.06619954,44.92784085,37.45210904,33.6477465,0.991006815,3,3
21.34104031,35.22393147,37.02042725,15.56196019,45.4347814,0.799214138,3,3
15.70932216,22.51240774,30.21091692,28.22694676,17.59523458,0.473015688,1,2.739494027
17.54391581,26.95160668,33.99592007,18.93316027,40.74052485,0.54722579,3,3
18.61853093,49.54403678,30.39585126,26.57408702,40.99158067,0.319741632,0,3
19.72493355,14.62652917,42.20762881,57.56320847,10.76222682,0.829845704,0,1.879018941
15.45648746,23.80352839,32.06248437,44.16594194,5.775493224,0.746546194,2,2.634169802
16.40024098,18.13204344,40.5882094,10.37845504,31.16343632,0.771425288,1,2.676647463
17.76814308,39.43001797,41.00440745,22.62540369,40.52654988,0.138676338,1,3
24.71532691,39.38056815,40.60830844,10.51807735,29.94938709,0.398633971,2,3
18.31347007,18.16004574,38.05471531,45.74342494,41.60063683,0.53735169,1,2.35838499
19.82041058,8.662564248,41.37194292,33.4710901,33.00364132,0.124657969,3,1.848281303
16.96097713,5.51447045,29.68073949,59.70093459,34.39815628,0.368623026,2,0.759484169
21.10780071,24.235274,22.86658015,46.67916305,6.266949159,0.087432522,3,2.675238846
17.80683216,23.46519175,41.06135511,35.89564714,8.986919131,0.958841227,3,2.876853926
17.06992578,49.47754454,32.45421039,50.23527141,37.6263328,0.75126333,2,3
20.16572628,26.14109341,23.18440081,45.24018256,39.32794771,0.620748121,0,2.624146815
15.05505799,16.53882663,22.88281305,22.18880888,29.39800901,0.204856434,2,2.092326793
15.07664033,45.10532485,23.98105985,36.51291374,31.55743074,0.334127437,1,3
17.19068809,27.09805773,38.77433149,37.79993624,32.64646279,0.144484902,3,3
15.36721363,31.96290358,37.77141684,32.56158493,9.724609348,0.536119627,3,3
16.08025754,9.305091969,25.095467,18.95963114,35.05588719,0.82051599,1,1.167170457
18.38860649,22.23123833,41.17308545,21.16845258,26.53114895,0.019036522,2,3
23.0258568,47.49006535,27.03236989,24.05237005,32.11353395,0.10330867,0,3
20.72048643,31.52774229,39.82463958,10.51275747,30.3413823,0.229349774,1,3
20.12667726,20.50258348,32.22014769,55.84719461,39.33501118,0.714066743,0,2.208757954
17.93488823,33.15502313,38.28871706,44.30479958,19.33557187,0.893979839,3,3
24.31753719,45.96849903,29.53469158,44.48086579,21.80868103,0.753012337,2,3
18.97015041,17.32957702,28.67851493,38.61653069,22.62228379,0.52494755,2,2.040269118
15.87092767,27.73025233,41.03398997,44.46554041,39.31052446,0.105112364,3,3
21.17066516,48.14107943,20.88255636,59.09312749,24.40006798,0.754914374,1,3
16.13838393,12.75782645,44.36842368,29.25801688,12.96836473,0.10563974,3,2.409330062
18.45223143,37.38487665,36.20448896,45.62627934,49.23684367,0.347689855,1,3
20.07411939,32.65164537,30.8120847,27.97645022,27.20218388,0.307991511,3,3
23.74222525,35.5853809,35.70136328,52.71443994,9.916163742,0.359223463,0,3
19.9354658,20.80488338,23.06852366,52.90143034,35.16237302,0.329529043,2,2.155660302
22.02258766,19.12457181,32.85131138,55.11332127,38.26230609,0.769179717,0,2.071777822
24.92816839,35.78943518,44.62738808,10.27316621,27.51002775,0.171723734,1,3
16.3148912,14.69944783,25.88173595,24.90957225,34.09057482,0.84584605,1,1.660650567
17.74731526,23.88446352,38.05695248,16.69621756,12.7703689,0.858260247,3,3
18.94576076,13.46785907,30.8742844,32.69930989,21.55650734,0.490925823,0,1.80347271
19.21828179,5.373717851,36.31145371,34.77248213,12.28228715,0.106148748,2,1.34695438
19.11021075,48.6525812,25.12218072,22.79520214,22.42558654,0.575407239,1,3
24.07611003,24.42663404,31.76162457,46.1723246,30.3260235,0.820931372,3,2.629195291
22.14032644,48.62073265,44.50231785,23.48848586,24.91427332,0.289473519,2,3
21.07905214,11.31455839,24.88217878,52.69456876,31.69466783,0.837747424,3,1.015042398
18.09372718,31.43150508,35.9111257,18.88296841,27.5791628,0.676918853,1,3
23.23790384,14.04383148,34.38994372,28.36176474,19.3016468,0.987246441,2,1.773473737
24.55060511,40.55333571,34.12628966,41.11188792,11.45371992,0.824711363,3,3
23.21198283,40.26663449,35.37808224,40.26675352,16.37027876,0.201500464,1,3
15.01565105,10.06732171,32.55594934,13.9014556,14.03209634,0.44900406,3,1.728413896
21.3640137,46.04290038,20.42326876,52.31293061,36.83400322,0.103508465,3,3
15.51135381,13.75833412,42.50242029,39.90324667,41.898508,0.069670567,3,2.358713005
17.5760722,32.58398037,40.67447069,53.49297744,37.41748724,0.706054241,2,3
15.595247,49.3535129,24.35419202,53.38177891,33.96803661,0.912931805,2,3
21.03795453,44.70784406,30.33182943,37.29593452,18.85331092,0.973575517,1,3
21.86589913,48.04537679,39.26372452,55.53907287,36.99435016,0.270466354,3,3
16.14487638,20.4169447,44.50155788,52.42038994,32.2287557,0.201771342,2,2.899990163
18.83838883,9.7509039,43.77842616,57.90614723,7.110201501,0.560219887,2,1.575199846
19.56236509,13.4756093,42.48397999,52.52491993,45.84254533,0.200860073,3,2.13801436
18.69053022,27.52227028,23.95934743,51.06019255,8.59792285,0.29590709,1,2.892316472
16.21025,40.69533552,42.86187765,33.46802403,27.62185569,0.83722633,0,3
19.1894779,11.75691399,41.96112282,20.60155302,28.08811187,0.810462856,3,1.963148535
22.51178048,34.68791895,29.42374778,55.53543665,42.66532349,0.895073275,1,3
15.71007665,19.56099218,29.86306486,46.12745932,46.08803755,0.482243515,0,2.249138363
15.80180014,20.35409326,31.49772305,24.08739321,47.28541062,0.564085734,1,2.562416628
18.54771292,34.78629786,36.40439077,27.04978614,30.63524601,0.770589508,0,3
24.41725712,26.01497388,26.5208904,44.30392559,35.55690036,0.239265533,0,2.922855045
21.68572647,41.54149819,20.57371074,33.89086542,8.983393809,0.823093591,1,3
21.78669957,12.01633293,23.53073811,14.07412809,26.95622049,0.01755748,2,1.83647121
18.61919991,40.54767214,31.00289769,17.07239729,45.40355169,0.797659889,1,3
20.93660791,7.890586163,27.05006424,47.28243418,25.5063718,0.775907948,0,0.829949108
15.10131184,13.73242461,39.11291403,26.42847642,8.131727095,0.30177995,3,2.261831523
21.36096046,34.52673715,22.66725176,35.38247142,14.02885141,0.727912358,0,3
24.13286948,43.47165454,42.93663064,48.33107391,24.32781151,0.213993614,0,3
21.12573468,16.37058325,42.3831795,47.55877969,15.68877372,0.576232638,1,2.286126859
23.73698593,19.72362226,42.71892042,18.35075134,22.65316634,0.700586775,0,2.862525339
22.23973055,29.17043367,38.49024997,14.91969322,19.98328439,0.714698882,3,3
16.20558416,14.52077629,22.67499929,39.55761465,19.35180738,0.982935135,2,1.320867225
24.02453307,41.50203177,30.95343928,47.0816437,9.102407439,0.182005662,3,3
15.66443844,39.81364903,23.2851343,17.4519961,44.7221611,0.480798629,2,3
20.33967473,11.53812704,44.69247982,28.59776437,36.17178141,0.880104544,3,1.917532115
16.42137124,25.87233793,28.32596058,53.5138998,33.05218588,0.561512606,2,2.715537178
15.11706611,39.8672495,34.63326355,57.21115708,32.29112336,0.876389025,1,3
19.2203426,20.1798289,39.48482636,32.70348805,22.84260011,0.434058777,2,2.790079499
17.95040708,33.48980702,43.01540211,13.9757967,42.0491889,0.795351421,1,3
19.86000494,7.259590466,38.88869315,22.88482281,46.85179973,0.870049299,3,1.35837594
20.77199887,32.39099422,36.86259447,21.64849602,5.252776205,0.84643937,0,3
15.43739072,11.8693841,31.64954455,21.94818603,8.563931458,0.871365045,1,1.586758846
16.23003295,42.37624963,35.13500334,34.69408527,35.37390278,0.219554697,2,3
20.58642396,20.99522586,22.35409522,39.16128258,15.62300252,0.438984131,1,2.233554202
18.43167353,17.66992382,42.09806355,16.12547943,46.02672494,0.174571871,1,2.921720437
22.29173488,42.84000395,33.59443272,54.46780033,35.03358793,0.180541177,1,3
21.52291649,7.256481038,21.00337626,40.99869116,21.57310648,0.487827308,1,0.77186008
23.45604363,22.84739597,42.99755314,39.86258651,23.68770813,0.960087755,0,2.839321626
21.92492827,21.65015933,32.23254935,59.36394992,36.08971274,0.591911306,1,2.349839092
19.29931077,17.81601684,41.71472854,41.40719887,11.34338462,0.853845097,3,2.331098098
21.72966622,46.02894494,41.42219886,56.44795747,44.75353461,0.937183995,1,3
17.75381174,38.79177771,40.39378969,24.31284862,5.214726429,0.086575359,1,3
18.06313499,7.876542389,21.53507548,22.00647452,49.0526129,0.16206399,0,1.204393348
22.8898516,37.16093522,26.17666614,35.82593434,12.54404662,0.29084178,3,3
19.46419516,28.72846099,41.88869681,35.43044738,38.39501114,0.616777068,0,3
22.98380341,45.53905525,42.4747764,21.32418247,6.796611817,0.061729218,0,3
23.22422374,19.08255278,31.45172156,44.98278284,24.41430046,0.78665451,3,2.113490913
23.57562338,30.83728998,31.00103669,11.48169096,33.3641157,0.063788717,3,3
24.16635236,27.53398736,24.37851585,44.53152363,8.160235592,0.158431808,1,3
19.30985221,27.03024078,44.21026972,32.85889431,24.9482088,0.381707864,3,3
18.18866818,25.52474298,25.32846188,44.45037554,18.64113814,0.557719857,1,2.673392677
20.82198747,14.2533264,24.77341961,33.85403153,27.42096254,0.881504674,0,1.471820641
18.71172423,39.00694651,36.51822425,58.86668914,27.70594412,0.963729779,1,3
21.01074167,25.31012147,26.07110758,26.73424756,40.33542226,0.884642124,1,2.690385529
22.05585863,48.13323238,43.46929028,59.12864685,10.55770378,0.107044658,3,3
21.88405018,16.73637922,20.27267488,13.24869712,8.722382047,0.631229485,0,1.901292038
18.74552887,35.72347278,20.14383156,44.18803874,23.0850605,0.441714572,3,3
16.66860202,47.33226858,32.62192004,32.71096034,44.93839637,0.125792218,0,3
19.30529338,34.85562454,32.2015615,51.10688128,43.48712839,0.555112371,2,3
16.42594144,44.20728084,24.08410055,49.48080349,30.19968092,0.356658306,0,3
23.90097035,42.23664319,32.36298907,50.01050914,44.99482185,0.345787839,0,3
18.45877461,21.2052972,30.29152763,14.73692997,41.24046189,0.094445119,0,2.935655448
16.54459747,32.0055773,42.25823813,51.11828499,17.5072757,0.978852966,0,3
15.2544776,12.03176029,20.23134801,20.70200787,12.65478262,0.7259599,1,1.307554267
21.45822386,29.09866472,44.40674513,11.28401319,18.55204254,0.280334211,3,3
21.36902317,15.36898873,35.60981911,20.88693598,15.22030453,0.917475157,0,2.056285905
18.40604167,38.46815667,23.79608614,33.96425523,33.02234567,0.948087196,1,3
15.71711889,28.76262899,21.16900035,47.105568,31.32046007,0.810374843,3,2.705653142
19.09628895,23.50523132,33.45264146,20.93162404,31.92968226,0.659315164,1,2.926637358
18.11217495,17.09586933,25.87225415,15.6503774,13.51865914,0.37637662,0,2.22730332
21.7712064,49.94143168,27.52913843,42.29836275,40.63382264,0.434346508,3,3
21.05779249,8.22697344,26.12830412,59.19490182,24.51317376,0.455011253,0,0.87418617
18.64593728,6.960230626,36.25430784,40.0435151,26.26033642,0.948762655,2,1.029683512
17.17892554,14.77658302,33.83822405,44.55286821,49.86328308,0.760134605,1,1.78000312
24.88035966,48.69826064,21.94936059,38.05837219,17.70223037,0.292014303,0,3
19.54001621,49.06571757,33.16316333,49.11742221,22.73621018,0.624640587,3,3
21.88274236,34.47174806,39.77974414,58.79022101,35.44084436,0.593900537,3,3
16.40552968,44.60480002,22.02986477,37.20646147,44.61858591,0.812126999,1,3
19.855897,14.62827789,42.24347441,30.83952559,10.7051453,0.095308396,2,2.514894148
15.2753672,48.74189424,34.45766624,53.01715306,38.07706129,0.701271592,0,3
20.05455118,11.42531826,43.76561173,58.48641719,46.32262367,0.33116984,3,1.850936458
24.64017407,9.550633468,23.70353044,16.45908204,24.0316076,0.129632041,2,1.515774187
18.84206713,10.04951927,44.83912498,38.90854827,17.90271153,0.731773331,3,1.744617278
15.38996013,30.79075655,36.10682165,49.62299963,35.4981716,0.331646024,1,3
15.30955791,40.14384803,34.18735499,36.66697026,16.07331431,0.730123744,3,3
18.8798676,21.500023,32.8819906,30.45984841,22.29303859,0.16243695,2,2.860251695
16.60024936,49.00531945,20.59135933,42.76149106,45.36110183,0.985927824,3,3
15.23352096,24.54890622,43.49097979,23.50640473,31.56496487,0.803408016,2,3
22.56213614,11.77018478,36.09986182,27.45668715,9.273976997,0.289151786,1,1.961204441
19.58523009,25.96850367,22.29066211,59.61383294,19.83638892,0.740524254,1,2.373471981
17.89244772,35.55667244,20.52380426,41.82326672,33.22693243,0.135799876,1,3
24.00083183,42.45016012,21.26959098,53.64636492,26.66739367,0.653437452,3,3
16.1613896,25.64457305,35.23489409,50.38842565,34.71526925,0.059636865,1,3
24.55918829,31.71230717,35.35038537,42.61362772,39.2648638,0.33338746,1,3
18.13966717,17.03051205,32.49168229,52.03645412,26.62768041,0.978462545,1,1.776511467
23.88403672,34.06624369,27.66914552,24.35792477,49.41282588,0.120920374,2,3
21.02942876,49.36873748,33.29356829,41.85582244,46.16032441,0.597424032,1,3
23.2670736,7.207410766,32.90754552,39.53017448,7.695833273,0.070605386,3,1.387054823
24.84013163,44.89388018,20.485389,41.12098004,16.9894012,0.669401212,3,3
17.88405438,30.30271262,27.06173076,18.43159636,18.52445805,0.278662153,1,3
24.61135485,16.34443968,21.32963354,23.862152,13.29306605,0.309975601,3,1.951822432
18.89481895,47.97003695,42.50386879,24.33291594,19.04074264,0.337802535,1,3
18.85511905,26.75094364,38.13057907,40.09730813,24.11692848,0.205156815,1,3
18.40387104,19.92606133,44.90287925,58.62734402,7.319794055,0.941657385,3,2.432266642
20.41407607,13.16739327,27.55428158,57.70337756,10.72851063,0.905831842,0,1.205265683
16.54145043,16.00034946,41.96214619,21.35947765,9.331064546,0.87001523,3,2.350170761
20.53711485,42.47820687,35.0763567,25.24226215,7.084262262,0.106445547,2,3
20.41704812,32.64845042,31.32813517,11.80309461,26.66736591,0.233444839,2,3
22.61901813,46.09605288,25.56432778,29.94077949,20.02113875,0.612225859,0,3
23.33649962,15.43858035,38.45980413,51.73370608,47.09512533,0.970371001,2,1.823328944
19.4044135,10.45123582,42.60351872,55.78758695,9.624224095,0.604817382,3,1.604956312
18.02333249,5.273938894,25.88270995,21.82482398,46.67159011,0.327101762,3,1.008351767
17.59334897,27.85379169,24.38475837,23.28972367,8.894552783,0.817404111,2,2.956605156
16.94623837,49.92381187,37.40554788,21.04249083,32.8647806,0.13543055,1,3
15.57647582,36.2734371,44.42432907,27.50517838,16.14786518,0.881741883,2,3
18.42447979,18.87775664,38.74887753,50.23796993,42.20625409,0.97467679,0,2.18968682
17.70247692,44.45863624,27.11451848,42.34287349,7.766367217,0.967652654,2,3
24.66417386,40.17750197,30.4988856,49.29704589,47.86286701,0.147696563,0,3
20.57708826,5.693682473,29.60794089,39.15155532,7.126574015,0.549607507,0,0.889980304
18.47277039,41.75872162,41.30237545,22.8866539,15.85009707,0.58491903,3,3
20.80467601,18.52370408,39.28426947,21.39970901,25.88831267,0.19491859,2,2.850389671
16.39196701,11.73530591,34.72438587,10.45003529,39.0226049,0.546777347,1,1.953121093
19.44043749,15.18488779,26.87397776,49.04910684,47.80007229,0.646537574,0,1.600528182
21.26234321,26.0860912,43.44971319,52.35606131,24.26190941,0.328961745,2,3
19.88897832,24.11905672,36.33288062,48.41412998,39.07895422,0.315680767,2,2.981020009
19.01778801,17.99992847,44.26191616,13.72010289,37.72231495,0.0602385,3,3
24.93848389,12.7498245,34.50292583,48.11108136,30.70260029,0.95682556,1,1.465556384
23.80314762,39.30038553,40.52981896,12.28837266,36.09136292,0.803615928,1,3
21.23405958,49.55494027,40.32763448,15.27965329,6.713000738,0.759449131,2,3
20.69377361,40.00062112,28.43321942,32.02376865,24.87098304,0.02177892,1,3
21.2066048,18.31716355,44.10051807,33.80735045,40.36373123,0.624309105,0,2.651505567
17.01312108,16.01640326,20.54853669,50.80593183,26.33995153,0.180628535,3,1.688217963
18.95137743,14.79496442,39.21777272,43.9763446,44.30770629,0.661717531,2,2.016133321
15.39459533,11.15127835,44.13892714,17.66600893,42.51370445,0.621155491,1,2.099187572
19.75546037,29.80987474,28.47270508,21.30733916,43.85507136,0.851925358,2,3
20.43024584,32.24301674,36.20276469,24.28375941,10.84985085,0.255434095,1,3
17.27749736,36.74761973,34.05558125,16.18363187,15.98635061,0.027461779,0,3
24.64028847,35.60960169,39.03768274,24.38224432,6.331877295,0.914110879,2,3
24.09454611,18.15499901,41.65444804,46.42990778,49.22603271,0.908636028,3,2.28536441
22.22143235,19.86399524,35.07611423,22.07007351,15.62621627,0.455859541,1,2.706972826
20.33386629,35.66815409,40.39761466,51.76798235,21.51920005,0.078088059,3,3
23.6996916,20.72514384,27.8071394,33.47584976,17.37169013,0.497968989,3,2.415676038
16.30652344,14.56804353,25.71467647,26.14678806,6.790713028,0.524014221,0,1.790485245
22.90509794,21.84512692,30.76669224,30.62090523,16.75661043,0.821725472,0,2.492997311
16.24820814,17.24378709,36.94341499,45.47483703,9.418804979,0.717101444,1,2.142526783
22.94210663,8.974072455,24.68117372,35.83963516,22.74273889,0.070804576,2,1.326314397
17.75767568,42.3562506,37.0088048,10.3639332,48.50708533,0.705337611,1,3
23.77090581,43.39001251,29.85234121,56.11619233,36.42180674,0.135739469,1,3
24.44042094,14.88876351,39.88938185,13.29980015,36.81053554,0.089472027,0,2.640788397
16.48795969,7.914748979,20.92089543,56.93106744,25.392917,0.398607131,1,0.720223839
19.62675605,38.24723468,36.69956595,11.40764118,41.50868048,0.077363607,1,3
24.80987378,14.51878816,36.24555842,48.54896675,45.87278751,0.829268994,2,1.759939933
19.83407436,22.70459702,43.5233869,36.73373541,48.26975027,0.463129185,1,3
23.63547523,7.886086351,37.83418884,35.28630903,9.454560024,0.587003756,2,1.403383295
20.88731522,15.18213131,39.90754741,13.63892513,44.58398039,0.576864524,1,2.423643199
18.75329908,40.68060252,42.6147754,21.93725052,15.12872976,0.978109786,0,3
17.85783556,41.19784011,36.87629796,48.87736585,22.87701059,0.915782507,1,3
17.03223091,14.31881712,27.25384087,54.5629915,20.54647376,0.849128059,2,1.37014913
22.61798191,20.11612303,41.74434499,36.45593405,35.3808518,0.383269227,3,2.846896515
18.86540507,11.04072886,38.68945299,27.66716982,31.90660431,0.145099701,2,2.04449977
20.11275462,8.337768363,30.6109401,12.9971604,9.909719365,0.591867003,1,1.428236401
19.9232548,49.64772715,37.76322932,44.1089263,40.22701833,0.440316075,1,3
20.77279029,34.50172781,41.69222193,23.92233053,24.78404308,0.225526652,1,3
23.65577146,29.39434291,44.39130328,12.75068575,5.09998295,0.097692115,2,3
24.80739344,39.44743252,43.8087876,43.29258645,23.65264701,0.436093297,2,3
19.07584209,42.80347219,28.13319567,34.28598968,28.23492091,0.65086772,0,3
23.27518922,41.30216456,30.54234284,10.59810749,8.099360834,0.625389814,1,3
22.64527795,5.744275218,22.73841512,15.54620196,11.80108667,0.77392144,3,0.789951953
20.73528951,13.40635542,26.18860718,44.96009646,49.71074772,0.466554627,2,1.530710836
24.56047144,34.4707386,42.06053021,13.18356665,44.20379309,0.321639575,2,3
17.00474516,21.90917065,29.02124816,53.29815324,10.99973387,0.538700417,2,2.355960263
16.0926421,49.2117193,35.51381646,25.56631387,31.11392299,0.97500606,2,3
23.53961967,34.94321567,36.64914046,14.43332352,22.06594837,0.045090538,3,3
19.39149817,48.04470089,39.54573188,47.98786891,29.46831839,0.528665803,0,3
23.46968854,14.06509167,24.57000076,36.22136172,26.17408371,0.329264502,3,1.698663324
23.93090205,43.87806627,27.62032837,25.33200162,7.166701626,0.105350239,3,3
15.62457594,19.46085376,31.20840854,30.30491708,19.19391399,0.434670566,2,2.465981207
23.83464763,49.53041637,29.12102653,11.07061978,10.64842619,0.64116413,2,3
19.48319055,12.09599024,44.57263082,43.13492688,27.00356415,0.528165567,1,1.999921333
20.10432489,28.23529185,40.87352008,28.28868445,45.8292524,0.02917647,0,3
21.26592511,40.67800402,31.99216887,45.70187849,49.79897477,0.579117464,0,3
24.26382607,24.46891163,41.98171565,41.4085573,47.49138808,0.232002584,0,3
15.19116094,26.06378271,28.69132369,42.5627093,49.35637062,0.341476555,1,2.966390357
19.76843468,49.3860108,39.6457081,49.64463555,5.68608421,0.312204743,0,3
21.87722042,24.13886676,25.59188995,41.55790392,37.82511403,0.858513308,3,2.422113982
22.22706958,32.18324453,39.30805113,30.93629646,17.28269646,0.047573018,2,3
21.92532432,7.45428473,31.41133508,29.49637809,43.95280902,0.347996752,3,1.323510819
16.34435129,42.89945361,22.68748302,15.97910534,41.61800708,0.394816337,3,3
17.99395588,34.1675622,26.83156136,48.97217066,24.06535591,0.618834263,0,3
18.58715525,23.18090463,30.0568656,48.05542209,26.29673038,0.788964848,2,2.444949338
23.04437208,5.727629298,38.73232279,22.31491835,16.9291251,0.727665138,0,1.276858604
17.78759872,31.62509693,21.82456787,53.13409563,17.99618163,0.752622103,0,2.98234328
17.10704964,5.569602282,36.48867488,39.45016289,49.15284905,0.192387016,2,1.282554254
24.57448019,5.054162626,37.90034102,33.93434212,44.99837999,0.911737274,1,0.973548905
15.08863285,32.7244353,36.34803425,10.87481508,13.63410375,0.414148679,1,3
24.97820856,13.50576803,39.01674095,29.13705929,17.3986105,0.011109031,1,2.354209726
21.76821299,13.63493974,24.4542154,42.03353841,9.889159688,0.668096182,2,1.424251012
23.28469299,34.39722046,34.67758388,14.48739188,49.49918523,0.604002799,3,3
17.94619396,7.416373457,43.52862368,32.97836544,45.82444327,0.125957635,3,1.799828996
15.14315278,19.10325027,35.26960675,59.67179757,29.84440941,0.959867605,2,2.009326806
22.37869519,11.7244356,35.28340867,45.82693186,36.18018968,0.561564431,0,1.609505648
23.34144597,31.10793664,38.41099105,37.34354438,38.65761228,0.469263986,0,3
22.40476132,34.77943196,28.3301058,36.65164425,14.17150524,0.398122222,2,3
16.42850287,37.45111341,37.51189753,12.18825411,47.05998518,0.209851378,0,3
22.53427922,16.48540476,42.90584583,57.86572187,28.70342212,0.952812809,0,2.023671714
22.68922782,9.016238824,20.27238683,56.40888301,9.160319188,0.702158639,1,0.66220196
21.58540516,8.540764562,41.75282603,44.12023553,22.86871735,0.567603749,2,1.520833094
22.66115933,24.17681968,25.46545828,14.95058248,32.07409503,0.631200202,1,2.801424652
23.4592144,47.56299841,31.39808184,20.39169484,20.87704362,0.840420458,3,3
21.13604114,14.79780654,41.30869502,19.19547679,36.46419925,0.635720281,3,2.346922246
15.88604714,16.55337206,40.59780319,35.97892426,44.69224912,0.114590729,3,2.591512705
19.8762781,9.539996095,42.29818695,20.39019373,39.7351456,0.697295159,3,1.811389658
15.77649335,32.25066233,43.51041982,44.79002808,33.9196109,0.564869376,0,3
19.07543031,35.59427933,31.17892392,37.2614943,28.04708666,0.966344108,0,3
19.07106489,33.93190437,36.40909527,10.88290885,16.45085686,0.733719215,1,3
15.66009844,43.75086094,29.76196101,47.20286185,25.47257742,0.344002916,2,3
18.48820534,26.88916258,28.76791794,19.44143683,18.18288082,0.135397851,0,3
16.10998099,11.05056683,30.78988526,51.24425598,47.03105215,0.482280592,2,1.377803336
23.0823521,18.02323088,38.57690337,27.75227186,45.82900206,0.679354281,1,2.471020008
24.47688026,34.8093488,32.53601868,26.930984,12.01218725,0.177275518,3,3
15.72316475,32.59048882,40.35149186,10.59086679,42.01790995,0.649444274,0,3
24.55115207,28.89514084,38.63046193,59.38644915,36.63116135,0.825611758,3,3
20.22576599,35.73339884,20.51196153,40.60021696,48.88452743,0.157050178,1,3
17.99565678,33.68258827,35.75595393,31.13650831,25.84879559,0.705785704,2,3
15.76862075,44.65962003,30.91427808,14.83107022,37.49784671,0.068257634,0,3
20.00624268,31.37073699,31.41572473,44.95740321,28.30477641,0.007950083,2,3
22.94515544,40.03706114,40.45932635,24.1365235,8.123022351,0.032634686,2,3
22.07086477,16.19182202,33.69019965,59.41404092,7.104413738,0.631504578,3,1.832296159
15.50226011,35.51821631,42.14054559,57.52736796,10.49501493,0.973362053,0,3
15.72901835,45.59873533,37.82013981,46.76483394,18.32859787,0.771372252,1,3
19.02873283,22.35795476,33.82100022,58.55359651,16.66008976,0.25440926,0,2.650421554
17.95290494,40.05968843,38.8634494,15.28169312,37.77470009,0.071688687,2,3
17.32384323,37.61551855,20.95872627,23.99576803,37.21652307,0.616654129,3,3
17.81004499,7.678678859,20.67709137,22.66216444,48.71275609,0.003228885,2,1.228868178
23.03482743,31.16787393,22.08373317,13.60063292,18.96758714,0.792585624,2,3
24.29228054,10.85852071,30.93913313,58.6113299,47.23034377,0.243120526,0,1.409482947
19.05102695,48.52936275,25.88625364,12.99870433,32.57827716,0.299217076,2,3
24.06111002,41.51333762,44.60653236,52.8344452,27.28889199,0.343978987,0,3
18.21495701,9.937571056,33.55725348,48.40807123,35.052862,0.763552942,0,1.246475038
19.76436986,10.47883989,36.56039365,28.79335437,36.62399532,0.265741872,2,1.845759298
17.26028998,31.75132347,26.97050341,10.94036813,12.7368063,0.284470894,3,3
21.40476042,20.52001284,28.04492271,10.30479525,38.82719766,0.540991938,2,2.613288119
24.78981115,6.570763658,28.38654785,20.19969203,37.6327744,0.463000529,3,1.169797443
21.03493096,29.37386785,37.46839263,34.693829,49.88895278,0.955569689,2,3
18.57814084,22.45302949,31.84265519,32.89549891,46.03765013,0.263396582,1,2.846071508
21.47817446,9.548442157,32.94209131,39.26462883,35.80971043,0.091891243,1,1.614322016
16.22920678,41.08641765,34.80007455,48.59796548,37.05636709,0.540981475,1,3
23.8865908,46.17845444,39.22029141,28.86773074,47.56935352,0.184519579,2,3
20.03083951,39.04672703,22.25924371,18.01818478,48.52302228,0.4136267,2,3
19.49349742,42.00900395,39.42184781,50.00244584,42.21343387,0.187197944,3,3
20.85864788,14.74207553,34.08087672,26.63453407,39.53270955,0.880969889,1,1.903406492
21.24783863,16.86078279,36.72738612,24.34409489,10.01146205,0.327449632,0,2.503158718
15.71775806,14.38373931,28.18879412,48.21560192,42.36449862,0.774867505,1,1.50841063
21.82617221,39.42785441,30.23467092,56.7069719,16.39380553,0.948603393,1,3
17.4193168,47.65626855,25.77914549,55.7480641,30.37029332,0.94055058,0,3
22.13952633,37.2576743,44.48249994,16.87212129,23.24176117,0.524801097,1,3
23.22534794,44.66600442,32.42507431,35.15790767,20.55232853,0.983255106,1,3
23.03958508,33.74145927,44.90192289,14.64351419,18.96125007,0.655937218,3,3
20.52500967,22.44469553,32.24464945,58.04879795,43.49421863,0.128488937,1,2.674558753
20.20169892,24.15927267,25.49378161,20.76139429,39.61112543,0.888376943,0,2.613917573
16.42875961,8.389464448,32.68630992,19.87147874,28.55519386,0.468689242,0,1.4954307
22.7534615,6.415573786,20.98988929,54.44428365,34.90162222,0.152694288,1,0.720430375
17.7140938,36.29640219,42.61924504,58.39252776,49.30375777,0.791421755,2,3
19.96695423,24.72930014,40.46375628,44.88161296,22.88908111,0.624403008,1,3
17.84274093,29.84967806,38.14551302,16.05025168,29.79952727,0.882120972,0,3
16.33828363,30.09475614,35.24566789,34.29278053,29.00856707,0.827322463,0,3
21.29557697,17.4819116,34.49585584,50.8302547,47.11875688,0.320110426,0,2.229695261
15.54332035,26.41516299,44.91820535,38.62385919,20.82030879,0.256314565,2,3
22.48645234,26.18420998,26.94993585,16.62974274,49.38146376,0.733828548,2,2.983540491
18.17586795,22.47922496,39.49210913,18.59438748,18.71139261,0.573312864,2,3
15.00134693,41.93039225,34.53511926,53.20708379,9.90081659,0.06987481,1,3
20.11129139,25.30238017,44.39701359,36.35145818,13.61180954,0.181637799,0,3
15.46851909,32.1640036,40.69507958,45.29183869,24.17996038,0.151353447,1,3
17.76169558,45.29840542,44.96312782,28.65312631,34.23901774,0.589796883,1,3
22.06976487,43.98051303,34.70812486,36.62427915,28.2571349,0.085762263,2,3
15.62689622,45.06899917,25.11359894,58.85515702,21.93251795,0.207700937,1,3
23.39338492,17.15022484,32.59217589,26.48515185,30.29149696,0.545376496,3,2.263888581
15.03819923,6.574211974,37.77777835,43.73942638,42.74628243,0.13305681,2,1.412757807
17.46823869,16.748006,39.35900965,18.62527786,42.75189624,0.248271816,2,2.676378902
22.40904056,17.54183055,20.01274973,16.08699426,37.68025497,0.906791034,0,1.807009253
18.1627015,45.9212147,32.62567721,49.18200556,47.86018062,0.697117518,3,3
16.01892388,34.21592298,25.8808645,52.2054105,31.55921003,0.306881428,3,3
18.60233919,8.676678182,41.87279583,43.41558477,5.344593694,0.877355122,3,1.39059427
17.70393286,11.09203682,23.8226361,17.90979188,18.09183348,0.250284808,0,1.599051229
23.42711902,12.00542565,36.66140624,22.02939828,19.7700217,0.58908271,1,1.907754102
18.13347918,33.36897867,26.65155476,55.5587854,29.62967348,0.368494338,1,3
22.88932472,38.09363115,28.91355358,24.43520244,45.72002621,0.752149409,0,3
23.91872145,43.68397598,43.51398152,50.94302581,42.71517336,0.371587356,1,3
19.3381742,47.32864479,26.01120314,24.29686445,15.44778434,0.248861673,3,3
24.09943144,14.07670508,22.37506905,56.97312847,28.37256062,0.607704607,0,1.279922555
18.77318054,18.93976181,21.73212254,55.72264564,34.66168859,0.745340442,3,1.688483589
24.64078416,15.81452963,32.61537775,12.16315868,49.43801933,0.536363688,3,2.278818791
15.89289525,21.14427054,36.04278706,48.52069934,6.408626871,0.716288286,0,2.472502153
21.87019267,46.15992983,28.18234109,18.47308801,25.87447925,0.422016205,2,3
19.9381404,30.88006551,37.25649354,20.7635813,49.46488943,0.795446145,0,3
18.87648805,38.21863538,21.52584296,32.99226062,48.97426087,0.58502468,0,3
21.32711879,27.05536563,41.43336612,38.81590749,19.88269329,0.196249985,2,3
22.03857092,6.2986061,40.41418024,26.28998595,5.000753132,0.890751703,2,1.26872424
15.0436327,7.88879687,44.63740678,38.76916828,31.40305632,0.836823958,3,1.470689585
16.66953089,29.20653641,43.41262452,18.53291857,44.01224829,0.963912209,2,3
22.13046051,37.34550657,28.9049291,11.11688272,19.59337509,0.569008516,2,3
21.66385414,14.68987374,29.9818846,38.56121942,47.04214842,0.675740984,3,1.744900841
24.66047505,37.48593083,38.64912119,35.870763,19.97160967,0.863579236,3,3
22.6103779,41.47995981,23.3520693,44.4826982,32.4590594,0.052591332,3,3
24.50772708,23.53538653,27.85036776,42.4911031,37.49207329,0.912204633,3,2.400870897
22.02540502,38.58886548,22.96352342,54.87431901,20.5437094,0.271163421,0,3
17.98052209,23.18134776,31.37216123,32.97343101,20.84928854,0.057043682,3,3
16.05364922,35.52577833,33.800107,10.41847373,26.14976734,0.237606987,0,3
22.81823863,39.37986722,25.27901175,41.53263408,42.58505426,0.586359963,3,3
21.44149221,49.63669782,20.66579217,43.75662148,9.53828454,0.047846999,0,3
15.48186012,20.54284979,37.98389579,36.07474947,33.41657234,0.000764766,0,2.959284961
18.60050466,23.49683513,20.50012911,44.46524351,35.48065682,0.639362673,0,2.268687378
24.56799815,12.45290267,44.33506522,26.17919066,30.1042742,0.453387347,0,2.234640194
20.00401146,14.18328763,25.54018142,17.44041516,47.11272743,0.844330251,2,1.673098866
19.32729136,36.20277512,36.5975023,43.2276832,32.08958226,0.257547287,0,3
19.57699605,46.26705156,30.86879316,22.25932146,33.5559538,0.280707604,2,3
17.08882724,22.75722282,21.49184651,32.81579546,31.98920126,0.077546404,2,2.625186009
18.68707171,13.09300011,31.80459017,34.58113653,37.49084487,0.53851168,0,1.754385811
18.69813256,17.82947747,32.91901586,33.85997752,11.0934237,0.36590439,3,2.358696306
15.5235502,25.47732672,41.3670802,39.92245718,45.24243456,0.339707848,2,3
22.67567629,18.07926482,38.30872674,11.47268545,6.912154531,0.457632674,0,2.741340849
19.16504432,15.51105874,21.98256187,59.48412475,33.8334782,0.849687377,1,1.264173
23.22179887,38.11930199,25.22906709,45.8155237,32.69664195,0.105188596,2,3
23.50348001,5.353021456,27.79719211,31.26938909,14.36545073,0.523593628,3,0.887384511
17.11994055,29.26537373,22.91019216,19.56650151,6.831993816,0.196435004,1,3
21.57353482,40.71950632,31.42247677,14.00886612,11.24759287,0.212391197,2,3
19.72281804,16.98027288,44.60772977,43.60952103,17.22524247,0.256735212,0,2.620488798
23.80156738,32.14811798,32.86531978,25.84778075,44.69475608,0.459401693,0,3
17.15740679,35.10050475,38.54705421,21.47392291,43.50804819,0.494400049,0,3
21.778132,34.47611134,37.07344494,28.99771936,7.873500842,0.871511262,0,3
21.07752122,25.06323354,41.24778588,39.64615439,18.01706036,0.892112141,3,3
17.95301478,20.59600945,25.39308726,43.58526083,45.01923095,0.586664203,3,2.176852478
16.36600904,42.61658329,38.84565654,42.25850347,15.64965628,0.281404156,2,3
21.5163976,39.13006806,42.03388101,53.16327917,49.81843867,0.818436991,0,3
22.38597458,19.4564828,24.28774557,20.93787155,16.55780881,0.792881994,1,2.149420087
18.15627344,9.63586375,28.67005549,41.83730816,38.26009655,0.797953433,2,1.101905094
21.44832604,8.231339545,44.25254411,15.05571881,23.76766281,0.016367584,1,2.139477778
18.95130908,9.242419005,39.51969615,37.39673449,11.13100484,0.753863858,0,1.490665832
22.13206883,31.22912125,27.06477081,39.19792012,16.4819576,0.852719457,0,3
16.99215275,7.324797912,34.09854424,20.81186495,35.3803134,0.605032938,0,1.358462814
23.90215003,20.16170937,30.10815307,29.5846565,20.16753809,0.751244198,2,2.348307376
17.87409596,38.89398659,32.24912941,51.35964448,32.18576993,0.776170207,1,3
18.67785988,18.24566749,28.87915478,17.42045269,14.24889692,0.506583406,0,2.359709012
15.58091952,39.34886347,26.98327546,31.72530988,25.18614375,0.813620716,0,3
16.11512212,38.54601672,36.86907603,56.63665356,28.05106011,0.792290974,0,3
20.15861903,16.06222097,39.46354538,35.20544638,23.57530535,0.916104357,2,2.111566967
17.67592677,37.7969981,41.84892807,46.25668559,13.90631141,0.921373632,2,3
23.35480226,38.64994872,23.88324918,51.34330198,25.76990861,0.529714583,0,3
15.14693389,22.88542666,40.57138809,20.18871874,36.18052522,0.03149384,1,3
18.79094049,14.46892177,26.37002061,20.91086178,48.42075483,0.019106906,0,2.107230793
18.37345547,28.45718631,30.68340975,47.9295728,40.52847292,0.938926702,2,2.919739877
15.19327631,46.46289146,42.53609215,47.66533691,12.26617167,0.337361086,0,3
16.24368399,33.78275296,31.36259002,13.00916603,17.27158324,0.377533203,3,3
19.13642675,12.78151239,24.92658835,26.12491203,8.547075295,0.469908029,1,1.612834383
19.92864584,35.72406161,23.99671638,29.9266246,11.10422859,0.265798997,3,3
19.04289747,24.22413623,31.82459417,51.45202017,16.28073342,0.590414195,2,2.673506129
20.30937678,31.61879588,39.0668106,31.09311277,13.97873148,0.784620392,3,3
20.95131675,38.03288158,44.9301286,56.29644452,14.61421628,0.257341637,1,3
15.09923821,28.17263082,39.68521571,59.83038886,15.38466019,0.743061258,1,3
19.64095159,41.62927886,41.92529897,49.03630828,18.53054131,0.672019143,3,3
24.63499241,37.49700107,38.69580902,43.31933448,10.65137309,0.525583463,0,3
20.1903228,32.6783003,42.38587752,29.5948583,17.50257427,0.325442097,3,3
21.77542267,11.78567671,21.90733858,13.3519723,35.97853223,0.87277446,2,1.338905338
18.11863858,42.61770999,43.24828997,38.65693782,15.63804499,0.402796072,3,3
22.73991378,47.11575134,29.91015384,28.08524528,12.73272924,0.374663068,3,3
22.72921482,11.16343057,43.04035558,27.54490379,8.046304798,0.641370851,2,1.954887113
20.21296048,26.97085082,21.89332094,44.38546264,27.49871688,0.920331658,3,2.522841992
24.76013823,16.64999339,37.88107393,33.18196793,42.88922275,0.508017919,3,2.341873164
16.25550215,38.95354883,38.39221872,47.60469224,7.655748992,0.722690664,2,3
15.16947665,37.47333362,44.92277223,29.90866113,29.40467123,0.456883025,3,3
22.70158212,11.33983043,39.22138177,17.54316927,34.27785119,0.218807651,3,2.156526917
23.07155537,44.46622721,29.56434265,33.06737631,31.66077456,0.123952326,1,3
16.20207229,13.14378788,33.93121379,57.55062572,44.49304416,0.136326436,2,1.801749772
17.65582833,40.87665615,29.16377345,50.07623146,43.98780111,0.021325716,1,3
15.17552363,25.56411618,24.90046613,20.28746275,7.578841664,0.552902277,2,2.90710139
17.93308611,19.77225321,26.21255819,29.56502508,21.24247862,0.131105979,0,2.48977402
22.73141874,12.12076682,25.55026336,56.38960476,35.18734237,0.865698341,1,1.067006909
20.17960528,12.54264153,33.72038325,16.18495294,47.8600095,0.982897525,0,1.724978636
18.48095593,34.78507496,42.65401586,22.69751209,41.21081584,0.495868727,3,3
18.71739295,29.76936746,42.81816565,23.11113229,12.94651897,0.449673946,0,3
15.01353626,10.49384397,21.36909444,38.54664378,17.5643977,0.348072475,3,1.20218487
17.99800528,10.07140372,21.99748502,30.53666599,39.36172386,0.638026946,0,1.11600974
21.46458742,8.253975865,26.12797643,13.9935337,26.21636813,0.608027092,3,1.252381251
24.74194444,38.46953063,26.37648631,41.45907273,29.62860989,0.343382121,3,3
23.47060827,37.03469384,22.37222938,14.95389323,32.40409191,0.343166652,0,3
15.23594965,7.629394588,29.71158353,40.3207466,9.648118298,0.644803833,1,1.027716194
23.98560605,30.2121534,34.69313482,35.35041901,43.5182915,0.554546182,2,3
22.83198413,8.810426986,34.45405501,34.68343304,43.84104977,0.718555428,1,1.323399155
22.80376124,45.66855968,33.58574203,13.37481226,26.07077499,0.94139235,0,3
19.57995759,45.82028386,28.46679812,41.96102234,33.20803483,0.779591561,3,3
18.98005293,36.42048454,37.66139213,31.56601293,34.6956854,0.304345708,0,3
18.02915729,46.67850146,40.66209852,30.55530611,13.53751631,0.759122434,2,3
15.65694859,41.51538637,28.65685666,39.82256982,10.06631728,0.450024527,0,3
17.28235363,42.28423592,22.13838398,40.312403,5.930282588,0.777656391,1,3
17.46603635,30.63685328,27.40825628,10.75166479,46.0796822,0.886571271,3,3
19.8407707,18.77266392,23.43421636,16.26129506,20.557098,0.249939349,1,2.370824312
22.47444407,14.80096018,31.68396818,21.82591104,8.862392075,0.238645012,3,2.198646675
19.73809828,19.72400099,23.89837878,43.89886667,25.96099903,0.432624908,1,2.113711604
15.57844449,33.28229435,31.57111894,38.83705635,8.403130101,0.051533874,1,3
24.57789801,12.76954411,25.52507231,47.88145662,8.836283876,0.685685939,0,1.306132619
24.42724319,16.63881065,38.46827764,47.03039028,26.99984056,0.74970108,2,2.101002544
22.85189543,26.06273883,20.68920602,52.65914346,27.89764969,0.345430005,1,2.596607646
24.91327902,15.48725443,33.8686576,28.84074306,31.10643884,0.465285253,0,2.156630639
20.44482333,31.48896514,24.23720687,27.25319331,34.5340166,0.590356587,3,3
24.6276835,46.54292128,20.02479661,51.55077015,35.07203166,0.073597846,3,3
15.75605041,38.66402146,41.7300022,21.88007669,24.48485094,0.711297534,1,3
18.65680748,34.98919764,36.7881947,33.05861868,33.95898763,0.526701671,3,3
17.25381268,31.22246642,22.47357055,19.7162826,18.71328903,0.624262282,2,3
16.95833084,26.95765592,36.60180919,55.69203711,24.8588686,0.723830581,0,2.996990237
16.40802949,13.39537368,35.29118332,30.39015065,22.69971718,0.675558741,1,1.874229269
21.22413642,45.26197049,31.83391718,20.62434491,19.80995005,0.095321589,2,3
22.81321856,16.18412009,30.48145246,44.60066953,15.73568715,0.782592076,0,1.797157691
20.78298399,9.108899491,42.17674407,22.23223391,8.530655024,0.610046582,0,1.789435788
16.4696271,38.75068307,26.1287005,57.17518016,27.7659715,0.714880842,1,3
23.1112377,12.90269904,29.95775143,28.38085074,29.17796838,0.261501725,3,1.874302249
21.35954707,21.73531998,28.22788532,43.23203561,20.12697698,0.221427219,0,2.571427543
18.88165706,6.272821773,39.28002573,27.26224656,48.91297384,0.826092278,0,1.250947764
21.74130296,11.16805741,42.91163266,50.36227915,30.06325446,0.390389185,3,1.848376113
17.59904979,12.79416338,41.24454247,54.84613705,45.00547335,0.575346722,3,1.818099689
18.45192208,7.448455749,39.94259826,49.39591797,30.65383893,0.551595472,1,1.306508601
24.17485843,34.54956305,44.66974864,52.42495094,13.54621338,0.585166822,1,3
17.90504506,42.66535081,37.42861376,15.0940414,48.85801428,0.069506427,0,3
19.69988268,21.79919329,38.77634478,56.20323385,44.84007547,0.302473646,3,2.759194993
23.90141137,44.35594145,44.57006349,41.21503644,26.20731553,0.066480539,1,3
22.0772135,14.60059586,20.17476963,53.46087661,15.93760513,0.480160975,1,1.357862653
15.62203226,19.64256906,35.85120941,44.22183821,15.02013273,0.90209868,3,2.266029497
16.47303044,11.78316469,38.4742883,20.09238343,41.27091922,0.389176183,3,2.065280819
15.07841591,32.92516379,42.94567634,40.47775508,8.110337515,0.782449754,0,3
21.3092179,23.89413159,42.0961076,14.54731199,33.71271716,0.287246359,3,3
19.47673425,32.59775061,41.04901703,44.78615151,33.80607156,0.856265772,1,3
16.34274851,39.27537074,43.6447818,30.45005705,13.21045465,0.419503109,3,3
24.57934121,29.55663572,33.4344797,17.58665866,36.72105658,0.355217416,2,3
20.29659724,33.24336597,20.17300239,58.96149079,36.74328301,0.697479605,0,3
17.41893294,47.08626415,20.27635997,55.05422121,20.75138903,0.512757282,3,3
20.00603571,18.45789393,33.61597639,54.67718567,26.75191607,0.337320045,0,2.250890061
21.79620333,21.16237724,30.88180597,49.44101532,42.4743598,0.058092229,3,2.622174988
15.76239218,37.29665128,31.28112633,44.59905626,28.54189731,0.166639324,2,3
17.74703815,32.50874827,30.01011843,42.75397401,32.81706954,0.772323717,1,3
23.06965491,13.0339807,42.94314523,15.30469189,23.57463427,0.920731708,1,2.121423472
19.5966487,21.92662895,28.97925878,55.02831177,11.73195901,0.168838285,1,2.523935928
20.46577142,26.05271059,41.40567354,54.05641982,49.91299842,0.569441222,0,3
19.32816002,23.87254271,42.57161984,47.39263133,28.91914341,0.034173694,1,3
15.43899943,13.02236637,32.48754425,56.36574795,20.14009076,0.290843457,1,1.676075571
16.6574978,46.59935413,31.17345093,37.65417257,37.12042967,0.448787959,0,3
19.45541639,39.30434428,39.02551511,32.38211674,32.9369795,0.735877867,0,3
17.09185465,26.66101244,37.69928769,58.39737011,15.48087261,0.044107853,1,3
15.49979029,35.60274627,28.21337791,33.20655939,44.46164747,0.781230651,3,3
23.43649664,45.37772025,22.56370315,42.06622205,8.190632161,0.202647764,2,3
24.81192529,11.12783641,26.62131,28.65310734,32.25642133,0.759531771,0,1.333863682
22.93142874,16.26678728,23.27571265,41.8163113,26.50498212,0.625470812,2,1.671637297
23.53784922,29.42155613,27.36830689,46.00494978,19.31892862,0.339575837,2,3
17.4197713,40.95546671,26.54553914,41.23277626,42.18710577,0.723751481,0,3
24.60626976,6.631470295,35.9427856,35.72814706,34.53246834,0.236322584,2,1.38579712
16.96925704,49.28081676,43.86240071,25.00553988,39.17747736,0.219727959,3,3
24.5142981,25.47079713,37.14359331,42.19228381,23.65964342,0.061744758,1,3
24.94819294,21.16540133,43.1662352,55.42144476,47.40792491,0.393077174,3,2.804661605
22.11722806,18.1725997,39.60330647,10.34562956,20.51255402,0.097706631,2,2.985060575
24.81143732,12.84605184,38.19694055,16.69645137,28.8970216,0.419500905,1,2.18112157
20.6953978,40.6208259,30.35154851,15.98865792,47.01425503,0.009803576,0,3
17.59541783,47.99363741,28.11986257,56.16026514,8.743503105,0.155083347,3,3
19.36995886,23.61401397,41.15693431,43.13738445,9.896469673,0.932371941,1,2.835739392
20.93560935,47.85893126,42.63483082,57.58940532,49.73844948,0.795561816,0,3
15.73081562,42.07089269,31.29706234,39.14066366,48.71260206,0.236163591,3,3
21.22343265,26.64730074,20.22657745,33.08664486,39.72657226,0.718292007,3,2.64893687
24.81177837,35.33117806,39.81327647,49.61714559,26.78847242,0.668481791,3,3
16.9010765,24.57428806,27.12672101,18.04711337,27.77273819,0.176925614,3,3
22.92595116,30.14255337,20.24719663,29.06690582,16.57457931,0.371058527,2,3
24.07898794,7.612085166,40.12471397,33.31371203,24.47289663,0.913705743,0,1.308708991
24.43701593,36.33185639,32.93535472,24.92291973,24.410722,0.738717883,1,3
24.60135604,7.377109002,37.13026866,28.56428062,6.624050852,0.760349196,0,1.309569118
20.21459639,41.76882261,42.86724553,13.90525935,25.39211936,0.563886034,2,3
24.77307908,42.12261183,33.52934575,19.89917947,26.59074838,0.665539799,2,3
22.57310207,15.66847794,32.57985181,26.77483602,34.96024284,0.508738476,1,2.130725256
16.61671436,19.56482515,27.26655303,49.79452166,28.2403811,0.740893803,1,1.996975497
19.76900106,26.65896704,27.62984586,19.12486774,43.77573196,0.732727645,0,3
22.18331175,31.84983081,39.91355165,27.3320187,21.54028214,0.031083188,3,3
17.47340316,17.93091478,31.22573114,13.24601441,23.4372916,0.631774393,1,2.385601842
21.40615184,31.66188821,24.08815522,37.85521724,30.71671311,0.629813664,0,3
21.66600479,18.4004183,22.3632191,40.56254441,14.1225226,0.067319966,1,2.146197039
16.62699744,7.497082448,31.82300292,53.27582317,22.70741385,0.410381265,2,1.072526145
20.65085312,5.113739742,31.62387559,50.95579993,35.87753623,0.898789124,2,0.6065506
22.71626911,9.551797606,36.33645696,24.26889773,23.53139327,0.953438825,3,1.446986603
19.98895665,40.65128151,31.77668694,16.84768446,45.79774295,0.782210948,3,3
15.12103117,48.26440906,23.5868926,17.80415911,32.68852344,0.151471189,3,3
15.09038469,24.21347897,32.69507212,58.44819715,11.91954875,0.374719957,3,2.739341684
18.57029344,28.07077791,42.6697351,43.6612907,26.93499534,0.182553349,1,3
24.26194068,11.60816761,23.98603529,12.12853939,39.41504355,0.652136136,0,1.512997809
17.2867678,29.79641087,37.24386602,16.83896275,33.95053244,0.773144451,2,3
21.34363689,11.50947059,34.84648162,34.29000326,44.83686082,0.883765719,0,1.527713555
17.22075871,32.5046449,38.71464317,20.39144021,38.74923034,0.860648475,2,3
18.2166999,46.99664004,23.76500684,50.18294925,7.772619767,0.099209928,1,3
23.4804209,13.80643427,43.54013342,38.66085588,10.06306922,0.125674007,1,2.382535645
22.28861442,39.40536731,35.52416069,40.63161039,34.23869144,0.909671813,3,3
15.95399277,6.057609027,41.17677844,33.1412774,15.72835813,0.843784432,1,1.225015194
19.28702021,21.89737586,26.16516909,22.80313877,31.45257062,0.460378165,2,2.603689419
15.29169764,9.983682852,38.48532223,39.47018066,40.64979164,0.430052092,3,1.671484507
19.80890147,20.86139487,39.52576761,45.84850231,30.96192145,0.552799675,1,2.668780214
21.62434012,12.80916138,29.93588181,28.54740388,23.69698565,0.59663585,1,1.694986902
16.18502624,21.79872456,29.59883632,35.24718153,34.082164,0.25421656,1,2.686920237
17.88884939,23.78852627,36.44490663,51.98419852,11.46287499,0.403741763,0,2.871969981
18.97836626,18.52660053,22.33519204,17.43408809,37.5443598,0.619692964,1,2.112979091
24.19531025,34.54798773,38.39060376,37.26122096,36.36613012,0.206267386,0,3
24.93255015,46.34834231,21.072169,27.42063309,28.14815142,0.998833238,3,3
15.44911299,23.02679183,24.76475753,45.13973791,17.54660728,0.282939452,0,2.535303996
22.61007923,13.65544204,36.60359393,10.94051216,40.8903704,0.552415278,2,2.200051241
18.71724066,17.18252412,22.45809168,43.52366499,27.97476365,0.554159594,1,1.754539021
18.92458186,43.43003706,44.29605229,15.1448867,7.662960764,0.451485228,3,3
22.54264973,30.72378755,41.70990524,13.23838765,46.33756483,0.241543457,2,3
24.18426432,25.47549645,35.65755831,46.23116505,39.54723964,0.565353072,1,2.991146736
24.50928595,11.73365247,40.47643639,42.01710765,31.31623165,0.091014415,0,2.056901509
20.77122586,25.23772887,42.18950121,54.74679654,24.65714828,0.386926113,2,3
18.57121159,17.53214015,26.48689124,35.98274779,48.19548641,0.224252195,0,2.164156814
22.87549086,47.44234075,41.2352897,36.50122128,39.87592584,0.124177774,1,3
17.51001383,44.78315492,24.86984459,45.35089178,29.07468803,0.925482931,2,3
20.64074029,8.775614382,30.3335566,26.16987882,34.39192528,0.699942915,1,1.277009746
18.58578462,28.24940702,33.95649078,11.84562277,17.63376808,0.168828882,2,3
21.56631074,15.12762555,37.84727408,21.50229129,13.80721742,0.949395861,1,2.084617514
17.40398913,23.48496903,20.75353294,21.90067059,17.29937963,0.215992108,0,2.713278574
16.91592946,44.45815992,27.26273532,26.78294251,18.19112447,0.235613264,3,3
24.18239087,28.73815339,35.21297746,57.17313665,38.28823028,0.133270376,0,3
16.01803683,20.0396882,28.93421698,50.24213993,11.30274683,0.727853135,3,2.102094752
20.05957908,14.35497593,39.37562639,56.79781226,39.99142408,0.570875433,2,1.894602634
17.20852783,41.01461867,36.29130403,59.93047951,28.5527891,0.058251132,1,3
15.38929963,33.10331069,25.86003634,31.6889502,22.3057897,0.025299949,1,3
15.36018818,26.06294572,23.64822449,21.35366583,18.51782493,0.532659488,0,2.914702319
16.75221772,14.78679592,35.72617484,38.00020806,28.0940272,0.651531192,3,1.96378441
23.66770355,20.04108684,31.26168319,54.0567207,19.28833082,0.822873617,3,2.094160775
17.82478744,48.1929542,24.22392603,33.28659305,24.32533966,0.478272924,2,3
24.50459171,28.40404719,28.15935513,35.26996513,38.25568804,0.676530479,1,3
20.81622293,23.03146766,27.57616871,16.7219553,33.16993279,0.733655661,3,2.688305006
19.3661419,28.46399191,22.70329931,31.02277463,38.65920694,0.613052693,3,2.986421741
20.80088835,40.05448277,33.67272548,29.34974049,37.08381603,0.352216252,1,3
20.16698385,20.30490214,39.09121585,27.58442514,41.6782622,0.131895483,0,2.99173875
22.58776254,13.04177544,34.38667222,54.3649335,14.07604819,0.647538545,1,1.582981344
17.82496066,31.32212533,40.65728412,12.96507166,49.78053498,0.768696332,3,3
18.53050392,34.93418466,23.18921368,58.60735914,26.40967024,0.189827119,0,3
23.94094303,37.07231013,30.89029645,10.41234126,37.32048221,0.494866719,2,3
24.46456513,44.68944158,35.23537759,57.2797007,35.49875734,0.397245385,1,3
23.92558227,21.70283543,36.90003902,37.40237514,30.47675381,0.205703076,1,2.923409555
19.19447994,8.39097033,37.39465766,45.12226222,49.81172984,0.24531315,0,1.511706425
22.80365503,48.12568626,38.22413568,19.35664248,14.77921323,0.237674148,3,3
19.76335733,24.57553673,36.2857453,42.71057695,23.97779903,0.418930954,0,3
19.97539852,33.04658794,22.35570222,54.09788343,10.74787517,0.390461918,1,3
17.04680109,34.98373954,37.38264194,16.97400699,13.18259624,0.554178732,0,3
20.91130303,29.59311689,38.11956642,16.35408061,37.08338286,0.09321069,0,3
16.86135898,14.23658884,44.83699836,25.19889546,5.217920544,0.581250336,2,2.375611373
18.31564699,38.98143726,37.33406092,18.08629462,45.04192931,0.021846088,3,3
23.55030202,41.16883884,37.17075989,15.5322924,33.49330175,0.257375128,0,3
17.07075809,29.88390137,32.87033225,43.9159518,24.84072742,0.502138014,1,3
15.71158285,26.98525223,41.69807271,20.6913307,19.91124983,0.686936303,0,3
15.69007593,10.12721824,44.92086905,43.35074497,10.68233219,0.771265624,3,1.690943864
24.40784521,8.777824767,39.47612175,53.09646136,46.47031639,0.035561316,3,1.64490793
20.06920438,20.28041805,35.31250945,42.60123957,37.05450463,0.537486888,1,2.510369614
19.09412072,18.988077,21.97387067,15.9683535,20.13768495,0.354436593,3,2.294368224
23.10878581,47.91454029,38.16847829,38.6788787,8.192128075,0.69490892,1,3
23.35825928,40.26302341,37.71403921,29.68143421,19.65572742,0.283779762,3,3
18.32191033,34.69659329,39.3892037,27.16854684,13.30854327,0.74372363,0,3
21.93618057,28.29416401,23.11388471,25.92657343,40.3822991,0.602236908,1,3
22.71122816,12.53153888,36.3433125,56.47161119,37.38194081,0.789672384,3,1.505045335
21.54650687,49.03055025,27.39309762,47.12537283,27.41722823,0.984393958,2,3
16.51595075,21.87683142,39.00678109,16.69243948,44.86284964,0.908585977,2,2.866691795
23.75883084,9.81165211,26.00934885,33.80027399,13.13063097,0.593290195,1,1.213495669
20.39094553,27.22095031,37.09946692,25.91115376,25.33845134,0.893762177,2,3
17.82472426,44.32991052,27.37482367,58.89691563,36.97791368,0.153089813,0,3
19.25228185,44.92809508,20.22485732,58.90144865,8.051105737,0.043035157,0,3
15.3757109,5.493466223,35.8339478,25.97672372,21.77048124,0.53313325,3,1.217477687
16.27866801,44.88330851,22.83172708,27.60565581,30.7249161,0.974369776,0,3
22.65546751,17.21678979,36.48228682,39.97071036,21.50615924,0.709736447,1,2.183179879
15.00011635,6.753756379,43.14023621,33.96535072,26.60895452,0.305142404,0,1.621158803
19.16565828,43.15056217,44.23114836,20.65504361,32.36532572,0.668771353,3,3
20.22510181,43.87400402,25.89807718,43.02060835,21.57757764,0.039907713,0,3
15.5463442,31.83039859,40.23133069,26.70643219,9.770646017,0.470619621,3,3
24.73078163,30.84951908,28.83883192,42.68582492,11.27500238,0.237255683,1,3
17.26125331,41.59041227,42.51142682,29.18407612,28.71517863,0.049198152,2,3
18.0419872,40.38392987,39.68723922,45.01049469,12.86330115,0.249910381,0,3
18.03942512,45.0547463,21.84804292,43.38997354,45.04251525,0.722460431,3,3
17.30416662,29.87363514,30.17842485,35.4406378,42.53835583,0.551188782,1,3
15.01473822,48.54411917,28.43294565,45.23699954,20.70644311,0.023434898,2,3
22.29344794,49.82660739,39.62952552,33.04828381,42.39442274,0.409737753,2,3
24.668455,10.24450745,30.25714277,15.80691498,28.99345237,0.752171105,2,1.498867468
17.24293483,43.22946918,37.11470994,19.10531267,12.15729179,0.954604694,0,3
21.63047192,27.4920016,35.06088139,22.29965671,32.63953345,0.874357571,2,3
22.41896327,22.44048522,44.39096798,13.16144641,35.57530027,0.001519751,2,3
23.48425379,32.58825394,43.44462392,45.56906103,8.775121031,0.218701997,2,3
19.22629197,7.518450077,30.69248787,28.36951134,19.15038907,0.207736884,0,1.387364381
18.02930906,27.79075034,38.08945529,14.67616482,5.242279443,0.41309463,1,3
18.25295134,44.19007565,40.73650235,50.99790604,19.23929615,0.645754565,2,3
22.12621333,14.60576823,42.47214385,44.18271422,20.09503998,0.153069061,1,2.357953278
23.16779467,24.18754526,21.70335659,32.61121186,33.35938821,0.915678694,2,2.358248281
16.81613968,47.27663995,27.55196998,22.37126675,13.95694758,0.777116915,2,3
18.70941008,24.2853727,28.00575102,17.58729469,6.354094403,0.419331937,0,2.976523389
24.01940197,21.12654345,30.86114878,32.91870959,19.20355401,0.583993476,2,2.520175471
23.0669352,24.82414917,24.23161877,54.26228715,42.15287958,0.541802005,3,2.476611668
24.84858403,28.37537449,32.405147,19.41976616,22.96153425,0.582230056,2,3
22.5424826,33.43961049,36.58035818,38.43296145,23.67921964,0.860115254,1,3
18.93195201,41.03117604,32.43409801,58.08429976,26.10624033,0.200119639,3,3
20.90637834,25.34459926,36.64482738,41.85582874,38.83049739,0.683713969,0,2.9955389
21.61014254,41.78664208,21.6610408,31.99823651,26.60112016,0.1070328,3,3
15.78455816,29.01742976,41.89968329,45.81864865,9.107723864,0.459163975,3,3
20.44496959,20.23162297,43.4767298,51.22889595,14.28799098,0.635838869,3,2.642178229
22.09320828,34.60778727,35.4476856,39.52581489,13.45538151,0.012501661,3,3
16.67321304,37.29750146,42.03477497,53.59161795,27.85384933,0.108066264,3,3
22.80631717,30.1122039,23.28615042,35.72958797,6.346825928,0.091266769,1,3
20.83772781,7.547673791,39.936223,51.50145011,17.76274738,0.374692608,3,1.383614008
24.52221786,12.64472938,22.97870484,57.60096202,32.32377235,0.622008957,1,1.143415667
15.42422298,17.83839744,30.20025579,35.06217335,20.9592804,0.99596503,1,1.941910688
17.65326138,17.71815227,28.09546336,40.25008578,36.84704713,0.254078885,1,2.178790372
21.01553879,35.30393601,34.63979563,40.47337715,22.60496016,0.135959531,0,3
17.96559912,5.825689775,27.53786338,49.07174318,49.06658878,0.414762648,3,0.802399001
22.14424164,39.00567997,35.93284074,51.14829201,48.44103292,0.145975433,2,3
22.59005283,16.94041137,29.18468223,11.36146581,40.99283215,0.024544543,0,2.540976948
16.02515964,18.95098308,41.51975953,46.6679782,47.94757376,0.563959059,2,2.530430981
20.13854464,28.75594226,35.84709601,49.19076223,14.21502087,0.879572513,3,3
20.08890556,14.71665204,25.38245743,45.02147197,38.79154246,0.860850105,3,1.437107346
18.6928077,44.80120911,28.40323555,45.68478297,19.4746385,0.100788573,2,3
24.32924863,8.84159507,41.18552219,12.07014296,37.63824435,0.147476915,1,2.062570359
23.2750632,24.9972063,29.66199375,32.1019331,21.82520577,0.491120993,3,2.921873928
21.97209382,43.22400213,33.39497664,50.90898249,18.02392969,0.36771652,2,3
22.14326636,32.71297525,36.2235484,56.70035706,48.14577928,0.703074543,0,3
19.61716144,18.15482821,28.69524124,21.47339603,14.44484488,0.494941,2,2.309786402
24.20994521,23.93420935,27.34946577,38.95974702,39.13558676,0.020118179,0,2.905413234
21.94595427,36.80124712,31.88137257,50.21651198,35.36024734,0.284564178,0,3
22.28981062,48.79673345,25.3720243,47.62038214,18.65649388,0.901491871,3,3
23.61690904,45.19124233,27.10526467,40.94450585,25.62543579,0.511508827,0,3
17.74071589,20.40947638,21.5519621,10.93455941,11.43243932,0.797948752,3,2.251026404
23.07070904,49.91890457,27.5992569,46.19429201,46.4543872,0.402296099,2,3
16.95240603,5.157709859,28.01760233,48.66212516,48.56539107,0.676963648,1,0.624587988
18.45341952,6.243339011,44.04582916,46.14247533,37.96083643,0.169003217,0,1.546601844
18.35610454,42.07282318,34.74322064,48.29045807,43.22391547,0.736533267,3,3
24.78525468,13.97582091,39.68456064,31.54574463,8.717784386,0.786581046,1,2.011652809
23.56537224,7.734617078,21.13443132,59.6876073,22.27858781,0.090140259,0,0.835996549
22.01169862,15.6716633,22.66341734,48.53934579,19.88650017,0.183310743,2,1.745564745
22.27056762,24.17450693,40.36342402,38.93400026,30.42282045,0.462889274,0,3
20.62072794,37.87548217,35.58873874,56.70956349,13.25098826,0.637436736,2,3
24.47090667,33.09509869,24.77455076,55.40991697,30.35215943,0.637491335,2,3
19.96258753,15.69295479,30.11988515,50.72835327,34.44644145,0.668202981,2,1.731906628
18.8051771,27.64717016,33.4668125,38.18474595,10.95588913,0.714415247,2,3
16.63035337,46.67963474,41.09024573,36.35505096,10.9274319,0.505766638,3,3
22.86205652,41.67534996,21.51029979,26.4353966,6.594052543,0.574855489,3,3
22.34443932,19.54354032,34.91805723,22.54389896,39.24016023,0.008406134,3,2.888647216
18.84355039,49.20190526,37.92589804,35.61797585,19.89538416,0.166600705,1,3
15.25193414,36.88791802,44.44729645,38.88908809,15.14392051,0.498564042,2,3
23.38997328,7.810221005,40.17900196,22.22632157,40.01424778,0.745593058,0,1.525262421
15.11417983,6.582232098,26.90568284,56.13006218,11.44650605,0.8089249,1,0.589316233
22.0369978,12.57835771,37.73947985,37.86369984,24.22325422,0.728943692,1,1.772709588
24.7025711,37.75351406,39.08194712,36.32526627,38.5154004,0.486402723,1,3
19.37661328,13.26825166,38.2433875,31.78191942,30.82245429,0.281277548,1,2.143146781
17.34973405,28.01690461,40.5036017,12.90356479,29.93000646,0.44471616,0,3
22.0487101,9.196705408,42.59324941,54.12006672,12.08585348,0.009294898,2,1.793597405
23.17128142,46.4398771,22.46074672,25.84971132,13.14197275,0.597959456,0,3
20.46430316,20.47822761,22.61909644,42.12301672,31.21514573,0.074566904,2,2.343279023
24.67035275,45.86594255,39.90999972,40.37167795,6.060508749,0.145390095,1,3
15.51668722,47.51940389,26.30931191,39.22434127,44.1103095,0.62597662,1,3
20.04795598,5.275789129,21.46353555,36.2856101,20.77118603,0.013348672,3,0.873499661
22.18453947,25.88608342,30.03072952,19.07199167,23.74772977,0.573555333,3,3
23.62640471,6.109522507,40.4969228,24.03028705,16.62945506,0.638380087,1,1.401356763
16.79255612,45.89117448,23.1641256,36.20940356,44.45019947,0.788275014,1,3
23.00003482,28.32833951,36.7960493,49.46712258,33.91268328,0.068030528,2,3
20.52707076,8.372480571,20.09039654,31.59944853,25.24588111,0.002931663,1,1.189467625
18.96553682,9.962452772,22.74343618,20.19612765,31.3388958,0.766857894,2,1.168969593
16.31715029,22.2579061,28.77125864,14.39722124,22.11663182,0.290053879,1,2.895833413
23.65295759,47.31053868,22.09005703,43.15055017,25.95121152,0.887205222,0,3
16.57273208,36.18091182,41.14754169,31.16699853,21.0934487,0.184968594,1,3
18.09787859,44.04284898,41.60176258,16.26854463,23.48036574,0.585505755,2,3
17.90045532,21.49054909,38.88926758,43.723344,19.17394448,0.109409664,2,2.953425556
23.71414034,6.94461648,26.06199078,20.37893654,8.49384849,0.402690148,0,1.158060235
21.72702994,48.84429367,33.08117688,35.45080242,6.680582517,0.882064395,2,3
22.96681397,5.77278458,24.60471314,25.30939875,12.83477919,0.608347508,3,0.840167821
17.50467899,47.64432439,27.03196125,56.58450322,16.32369847,0.689617036,0,3
21.248741,21.59048407,32.9001323,21.41440331,45.07123373,0.22597033,1,2.928590286
20.71745983,5.454068226,38.37534521,30.99592608,32.50618945,0.92275092,1,1.053250275
23.32830377,36.01207543,22.36635951,57.97467984,48.12337263,0.62348244,1,3
24.0608706,49.12431368,27.41741744,25.936259,20.28410871,0.105885484,2,3
15.12156771,48.45315753,43.16553371,42.22965815,23.07821017,0.015552248,1,3
21.74019919,12.2421655,30.72808294,25.83635219,37.38889524,0.015922517,1,1.982161202
15.51835799,13.15615127,43.47174185,15.53374896,31.00559349,0.051211792,1,2.583729803
20.48858665,30.44925116,44.78501354,41.37736163,28.75460362,0.911615862,3,3
17.87632729,33.67871719,33.16649565,55.80157676,30.90038187,0.35837873,3,3
18.067766,38.27380611,27.20110024,32.62823336,31.28608905,0.298232528,3,3
18.52958503,13.14726622,39.76942021,41.30882713,39.45831909,0.416545723,1,2.01901283
21.21292449,48.1553189,23.98276839,40.44492066,35.06369123,0.40957158,1,3
18.34049966,33.74326653,26.30117149,30.75448513,48.07914119,0.238493276,2,3
22.32699051,43.11711135,39.62199774,40.74483194,47.65833581,0.09182801,2,3
19.04527386,29.30295719,30.84114812,22.96590422,23.98652824,0.108626593,2,3
15.683532,23.64245814,25.03844842,28.90189523,6.607517428,0.599188698,2,2.61024746
22.83759842,48.9732308,36.27814362,32.11594282,5.4983652,0.396835052,1,3
17.85758325,31.19546169,38.31904653,53.20043418,10.54370322,0.902455388,2,3
19.3276688,44.00931123,23.12678099,27.41664474,8.37038295,0.46373671,0,3
21.85443883,47.89815784,26.9245065,41.75685241,21.8014722,0.503491576,1,3
18.32456157,35.39095822,25.53191888,20.67019187,7.37935695,0.928244981,1,3
15.56585656,29.70224053,29.49636572,22.62848645,33.12113163,0.501640739,0,3
18.73921047,5.157988291,39.08612239,42.42144377,13.55784017,0.501981978,2,1.143464149
24.44448583,6.800883833,37.84270256,48.11549637,28.12843934,0.36316298,0,1.278775348
21.41734397,14.03830472,36.56309776,33.10585883,9.638545219,0.71041186,2,1.936335879
21.71479149,13.37037943,20.15713865,26.75498484,42.24780796,0.392227668,0,1.545278882
21.32282154,16.46414578,23.55358283,55.5135778,40.09814727,0.58832217,1,1.582237143
16.98992139,18.7220587,25.58243873,16.79039075,22.39192495,0.447395344,2,2.333352248
19.18333864,21.20294721,26.79889615,46.03571188,45.97669996,0.528744861,2,2.28886171
22.50939798,23.92419605,23.66066354,44.50853749,13.35652908,0.827027299,2,2.322509366
16.01372898,9.448985231,30.25788879,44.51225814,41.62715173,0.413733021,1,1.301505724
17.77852776,6.906286938,21.87951463,56.77102222,29.56349455,0.230077806,2,0.737196723
17.76319108,35.32750021,38.75055476,46.40951505,19.83110307,0.570320425,0,3
19.32018928,29.18006712,39.69301968,25.07825947,8.796242071,0.937508819,2,3
24.80368741,24.9864891,34.35666724,27.67046121,12.70900069,0.693212021,2,3
15.67502547,33.54979735,22.24262193,29.55554866,43.82881724,0.308363244,1,3
20.18700994,42.24557332,42.25207924,11.5404337,32.30987338,0.962993832,0,3
16.79364682,24.24618091,44.14089572,55.67551577,15.66930013,0.342716901,0,3
24.70676545,33.85037593,25.05908901,13.67763019,27.31337949,0.983254024,0,3
16.13303505,47.91075007,37.61599549,44.9897141,9.852650142,0.191989729,2,3
19.03601002,42.78310231,41.04846577,46.50805024,9.447912125,0.999649534,3,3
22.37884985,24.17003647,33.49608806,52.18575253,45.84940932,0.07590565,3,2.973729566
22.04554428,34.0122577,28.08307749,37.66811278,25.60353302,0.713239882,2,3
19.22728637,12.96819149,31.96396788,46.26322119,21.27052193,0.740441586,1,1.52943174
18.46524168,30.22349832,32.80671877,25.13614622,47.7082322,0.679574687,1,3
18.97612379,49.1597731,30.0159261,47.27920055,22.95503054,0.777606768,2,3
17.64276263,28.32418018,43.24606234,27.17078686,20.13089576,0.471832942,0,3
17.05332939,46.74372346,38.59707777,55.14192392,17.2843777,0.054113947,0,3
19.83039698,23.33007142,26.03254106,18.16909039,30.42782693,0.357753293,2,2.840190961
17.68533756,49.94801722,34.63892968,25.78786553,30.12847665,0.642314497,0,3
17.87461665,31.06490159,37.21722877,34.93847258,5.72873792,0.646247047,0,3
21.56756063,6.902104741,23.50391054,48.79252786,34.43280458,0.195193832,3,0.888151964
24.68537332,31.40396585,28.96064356,47.43995526,40.47381964,0.253005206,3,3
21.03637201,17.35577131,42.63870704,20.53584372,32.71840441,0.486698138,2,2.708159859
15.76979467,6.461659492,34.1793275,17.21178483,44.14496622,0.728610523,3,1.249053756
15.75583614,41.93839871,25.42494365,25.19848021,17.43873625,0.852798103,3,3
24.51423221,17.40783366,23.06961995,34.18770758,13.63907312,0.086484848,1,2.124651198
17.9729079,40.84468493,32.95567234,36.95025224,36.37751422,0.925619916,2,3
15.92066986,17.96979123,33.69214308,31.45687955,13.4851596,0.927731663,1,2.141615932
20.99044587,13.74468592,28.36036128,43.15450583,9.099719572,0.007933742,3,1.884302039
21.23648778,48.82710083,35.76040071,31.37794718,9.347678084,0.506409576,3,3
21.4850482,21.27403975,21.71711716,57.3164505,39.5777072,0.587144264,0,1.984571243
17.67402028,32.06192951,23.62849233,23.0484424,6.293178575,0.553713429,1,3
15.15110684,32.44916718,33.65684553,41.36860603,18.02555172,0.615771658,1,3
24.65015369,30.2213067,21.54539235,40.56889693,10.81338845,0.503351282,2,3
17.50893046,46.16130846,42.02271912,24.07873609,38.97095661,0.293806914,0,3
21.76026288,35.34984821,23.55365926,30.58438123,27.65718885,0.095704386,0,3
22.0662987,23.16798518,36.84799685,28.27368097,14.24715865,0.208379411,0,3
21.10007417,43.8071173,29.78008604,18.624953,38.76849044,0.740255114,3,3
18.12907394,13.14783046,29.99469369,33.86476063,38.76649291,0.241063519,3,1.855426803
17.71096254,29.49065409,39.12223822,29.33311265,28.53601912,0.829710336,3,3
20.97668283,47.77476674,32.48655335,18.915868,17.41324042,0.403488367,1,3
23.66095634,33.14289334,38.14138659,32.49400227,31.38246947,0.414475855,1,3
24.46733729,41.76358027,32.62978072,31.09219841,47.00885453,0.868498741,2,3
16.05905804,34.41023265,34.82263354,16.56828388,7.323637443,0.214288828,0,3
16.54828613,42.77168886,39.0178657,16.5593771,17.0127431,0.189619237,3,3
24.44736259,47.50195459,35.18271857,42.37536899,17.82361379,0.985406406,3,3
22.36535228,17.28147774,35.39037773,45.32904024,33.43152486,0.54060444,0,2.184234409
23.82993825,12.63474866,39.73048979,57.059021,34.30239785,0.190520704,3,1.921973963
17.02632634,26.77958376,43.7271704,14.35023452,14.28419277,0.16580483,3,3
20.87585871,36.58380921,29.41790385,15.89307462,14.72452689,0.861664969,1,3
22.01139594,15.22360639,34.42792893,12.59090642,46.7695708,0.599845967,1,2.244126223
21.80111885,5.184565269,22.15682894,36.61142154,39.03344679,0.115038254,3,0.833384149
19.08151691,20.43208021,28.97009701,41.13733071,47.04213643,0.886908089,3,2.15405057
15.15394892,48.5986701,30.30123065,30.1761726,42.33483447,0.443905006,1,3
20.82926057,36.27353573,40.88093292,49.89511105,23.09530911,0.989357272,0,3
17.53101539,23.05964498,32.83481005,44.3349718,10.48584366,0.281760328,0,2.816228284
19.50254246,13.66592438,38.27665933,59.29202105,33.32976648,0.528817231,3,1.785152256
24.57581015,21.02403532,20.475185,16.89474916,20.8395978,0.173100281,2,2.529412067
18.99035318,12.6427745,31.61231674,12.91578322,24.14353958,0.439705979,2,1.96901052
23.39801607,9.783761959,42.53294163,23.74018528,24.16458834,0.176537549,3,2.07047029
16.88540606,45.80340677,25.60784773,10.95250977,47.14338297,0.307231087,0,3
21.72460498,49.89426523,20.78805463,56.63057139,8.098808864,0.269865738,2,3
24.77006954,12.38514978,30.83521834,25.19758293,13.68966927,0.283093932,1,1.872832794
16.01893101,7.45351515,37.61079552,37.62150835,32.3574292,0.969826311,2,1.13791646
15.08319942,19.83789982,31.36158767,25.90348164,44.76911296,0.038446486,1,2.750918179
19.33582793,25.77466313,31.49945784,22.2904311,46.30741933,0.496861525,2,3
15.92625483,14.21695612,36.74512603,17.6182362,30.14118169,0.629245804,0,2.155727882
22.4838435,18.56412103,26.35972021,26.01829602,6.555254848,0.660761374,3,2.144505796
24.14548664,14.03918311,38.79724479,40.77094652,21.32964655,0.754545688,3,1.912177494
19.34020973,39.84172558,23.82783827,58.58105998,46.34749815,0.760965408,3,3
17.58711642,37.06600745,29.89376513,37.90460202,27.49748387,0.955502982,1,3
19.34403319,33.57281821,36.40020271,36.6354533,37.69759756,0.755667955,3,3
22.23447818,22.42480357,40.70922518,11.76315091,17.11370392,0.823689249,2,3
15.09054162,45.90684236,39.78827678,52.00495078,6.125313665,0.532315415,0,3
20.89453989,48.62896437,38.04213998,12.24206875,31.02620838,0.657673344,3,3
21.13291685,12.81376907,28.97740959,55.31161371,42.5741452,0.478124317,1,1.455112264
21.37688247,15.03556886,23.05760791,36.93358627,49.56209136,0.276417047,1,1.764599431
17.4202208,28.65339626,25.42085544,18.42333026,43.09821985,0.31338308,0,3
22.14052723,9.106275618,41.62084536,32.5853696,29.9297463,0.360532743,0,1.791869006
15.91391486,24.64017795,41.43328425,59.74922403,32.3927415,0.340643348,1,3
16.99270336,31.18060691,43.78902131,25.2541426,42.08738179,0.533161063,0,3
23.77470047,28.4933107,21.8997163,23.47298843,5.891481357,0.247631725,2,3
22.38723151,19.89088624,33.42022713,15.90029475,47.82399567,0.516642114,2,2.685772191
15.13745554,29.41006127,36.21707612,39.85711744,28.90495606,0.916241311,3,3
17.4837626,48.14604294,37.76643443,14.46134995,47.842351,0.405963829,3,3
17.14406483,14.27078319,36.09658088,48.30040319,39.4033175,0.222646064,1,2.035970618
17.70806328,34.46741113,39.25028475,55.96117572,11.85429554,0.346855896,1,3
17.4755977,6.952851237,28.98678941,56.59355556,12.43669166,0.876887295,2,0.657132234
15.62526296,7.988738202,24.4858193,15.39581264,20.91406892,0.941697923,0,0.990260709
19.58940517,29.83227009,25.1145843,37.91312987,16.87946099,0.886686893,3,2.997905074
22.32733475,9.722263115,20.29946724,14.85549275,24.76844417,0.287347611,0,1.356646486
21.06731725,6.005605479,28.7580468,38.60080707,32.17567419,0.387845514,3,0.97923128
21.72871669,12.71808489,22.29360127,50.74902926,24.64607748,0.974933825,3,1.019971327
15.81149179,30.41821269,28.03721732,36.88950812,7.538926312,0.323852311,1,3
24.5149071,36.65034295,35.70525193,53.60269131,48.90342268,0.137859885,0,3
23.38491834,14.11153539,42.36195139,50.08371774,24.13049604,0.282094204,1,2.181334305
23.05090318,35.07167467,40.99013627,23.8274175,43.29837519,0.963977525,0,3
23.22983805,13.2114349,26.3168553,41.50511414,8.327943152,0.41587545,0,1.575383133
24.32710508,32.6055842,23.35207855,10.37060632,41.45291959,0.93388194,3,3
20.44253966,23.5381856,24.82680684,29.8020958,12.8032087,0.104082214,0,2.831316723
17.00282018,34.42097792,44.2746663,21.89800839,35.57322243,0.766055572,3,3
21.16783608,49.77737386,33.73686199,56.8558173,34.78130133,0.093343397,3,3
22.42881494,47.20176344,24.56255558,30.26945059,45.94130232,0.197495725,3,3
22.37917393,5.192679103,41.01865387,42.70322142,19.43045062,0.616102241,2,1.151473038
20.21449024,44.8447444,29.87978111,46.59908046,9.903189196,0.434478162,3,3
15.68458719,7.992085783,42.4805538,48.66062693,43.90546173,0.666674253,1,1.395283643
18.71112938,47.88709638,26.51692817,46.7887596,19.92098883,0.973406292,0,3
24.20766608,17.68215556,29.83054397,24.45825305,15.46402051,0.052713727,0,2.491627628
20.8444891,22.19156737,32.62369407,44.30338484,26.87938754,0.191626672,2,2.767766022
20.38331943,9.123719233,42.31538335,37.45047411,11.57610605,0.640223923,2,1.628267999
17.68853514,10.05227412,41.71893579,39.86863324,18.36335089,0.89652645,2,1.548909048
18.6844892,37.70332544,34.35887676,10.04073087,22.33762853,0.79764791,1,3
23.95346089,47.49495061,25.54438774,22.91288005,17.47648821,0.465582486,3,3
21.66463048,32.48368227,30.08392429,56.53418484,25.26167753,0.745474675,2,3
22.87387027,37.2132507,44.39082663,24.50380417,22.30928025,0.208097561,2,3
19.54345423,39.28863851,35.1943306,31.90077611,39.8565964,0.013730592,0,3
21.30247219,16.82664235,39.52744388,19.33369911,46.32839046,0.57001665,0,2.521900382
17.48383609,7.035333391,31.24661738,16.9301276,9.541544754,0.813244671,2,1.16916364
22.0546083,5.084273476,33.30018189,20.43344843,42.04861445,0.433443539,0,1.197377157
19.27601334,20.77921773,30.72385281,37.68236644,46.92970435,0.56924877,0,2.44060215
19.42545515,15.86589027,37.57302495,55.95143257,35.89759157,0.422181195,3,2.068418269
21.49322325,7.804297627,41.28677535,26.30995899,49.83888543,0.5140379,2,1.636537068
24.36280621,13.07877316,32.68408858,26.17039761,20.07693498,0.884346264,2,1.693469828
15.64006347,10.60245042,32.02168647,38.20702934,42.36394737,0.478140109,3,1.506494243
23.24743237,46.16952713,28.50716168,27.83713588,35.31661271,0.007475586,2,3
17.9238311,11.31202461,24.42741736,55.5208024,19.55429542,0.799848642,2,0.990317361
19.43919455,29.19418088,43.48119307,28.89240213,36.71044176,0.617717341,3,3
15.21913329,31.68976798,27.90199297,34.52211263,27.93298276,0.730393337,3,3
18.01046078,29.4570256,40.01728659,36.6694642,13.50382509,0.901087206,2,3
20.02631243,9.45753954,37.88367553,49.10338976,12.82458571,0.286214236,0,1.574402123
15.56176077,19.34592628,39.77294001,38.19529697,37.1029481,0.503069921,3,2.626869364
19.91095729,7.307164961,43.41920333,21.95775501,37.0368708,0.602483549,3,1.657203949
24.27110629,22.80514613,35.58426901,16.19936033,28.88481924,0.345391164,1,3
16.05393218,13.48695191,42.44875858,56.88872733,27.56370503,0.846067152,0,1.771732961
22.64440728,30.273464,24.19243307,50.07814973,13.10173006,0.69756618,2,2.984196248
19.09671053,36.17637772,35.6678144,11.14826051,24.31787554,0.733407584,1,3
21.55173715,28.94539371,39.30689032,51.07644922,44.21288845,0.808007268,1,3
17.60236598,24.54065135,26.79102827,39.5298897,43.46272877,0.258084181,1,2.822758423
16.59492263,22.43000394,38.51884503,35.94471175,34.74135058,0.74564179,0,2.794693883
16.60462614,42.87612956,39.46192073,10.61145895,49.88105051,0.77380686,3,3
15.70491946,14.87156293,40.7796989,49.04320282,45.1930256,0.842392547,2,1.934851288
16.85646705,38.03982528,27.82207281,19.90325071,11.53536906,0.488537831,0,3
21.64219385,39.08670461,37.04016475,46.39906066,22.96113814,0.504189615,1,3
23.81690612,23.86400033,27.60633209,10.79341237,10.93718681,0.09817822,0,3
23.14125686,18.37852697,38.47600969,49.81768248,25.97403274,0.852120959,2,2.196149049
21.8513431,26.17436687,31.57434163,11.15197342,39.93722711,0.533488189,0,3
16.10431863,9.194626665,34.93860936,21.7946452,12.01049195,0.594434722,1,1.568919166
17.89187446,7.06685145,30.39599954,23.41391063,44.61899146,0.121440656,1,1.425025695
18.09806875,10.02214398,24.04957317,17.87543191,30.60758982,0.601822532,3,1.324201252
17.49956946,13.42152642,24.45073824,34.05290981,38.70250047,0.04198835,0,1.795653976
20.1500566,27.68795692,21.93922268,24.18439798,7.032011545,0.923208767,2,2.796654751
20.35553815,43.21114863,35.45181699,59.66439879,9.222716901,0.863537472,3,3
18.56885975,15.60390494,41.21595995,38.99843967,32.93875339,0.194317424,3,2.447112717
18.53789159,47.08229048,20.52092066,38.32389125,42.71863608,0.593800666,2,3
23.28555598,47.9708559,21.65598755,21.04348151,44.3239288,0.602699121,2,3
22.89292848,48.15070722,31.43667481,30.43447194,35.97661964,0.803432415,0,3
18.07795832,42.69032306,38.4430184,16.19889972,14.04224241,0.756920363,1,3
24.13788444,21.37212684,23.94269112,48.12646261,13.77597716,0.993243216,3,1.957416154
24.52815017,8.270775995,26.79128299,26.55796231,44.66132363,0.350840677,3,1.279120404
18.26742542,30.59684293,25.80015503,47.59829167,10.09559235,0.124632452,0,3
18.54424949,30.14066498,29.97628047,28.5848,35.87318888,0.57347172,1,3
20.05634153,43.24890952,25.62496693,59.43786201,29.00780776,0.763991674,0,3
24.41120813,49.81959729,28.81496696,18.55608111,23.96390433,0.285793352,1,3
23.76319433,27.8670788,38.21356497,10.07619469,24.81505548,0.236206367,2,3
16.02567963,20.5341814,35.27523121,39.74127707,47.53433132,0.802454595,0,2.430619112
18.92730743,13.36557702,22.02954263,57.64766,43.764944,0.753722292,2,1.117538044
20.5337119,5.215992117,35.94364166,42.35270275,43.92427387,0.203391968,0,1.194497589
20.03132473,27.91011616,31.92692929,14.28617614,23.29782387,0.869270604,2,3
16.93863068,29.99834,43.36413937,37.02401912,9.814154393,0.134729417,1,3
23.58816771,42.12223159,27.23260793,55.47434681,49.90277449,0.109239825,1,3
21.76940783,27.70596356,38.15416049,10.32530339,11.54043893,0.351107236,1,3
23.37908375,46.24107569,38.27152058,18.34561064,28.20120486,0.886532593,3,3
23.58764279,33.26375645,25.53751953,50.72807781,16.90786349,0.695440169,1,3
22.48355854,42.81513072,42.58059062,54.69535533,27.98342877,0.394718583,0,3
19.39210601,11.67357807,32.27958001,45.35803104,18.72199373,0.157250923,1,1.711138035
21.10546755,43.49012586,36.97208417,59.57800818,45.35989883,0.713476513,3,3
16.60365406,35.38147345,23.64638897,14.51079648,48.57537181,0.599147219,2,3
21.73645417,12.66048646,26.44509792,37.28382579,23.45289272,0.987682911,3,1.280872197
16.79253256,13.53936012,34.65267795,44.24973613,8.158533826,0.765559462,3,1.683748184
21.93949591,46.69252786,27.97568171,45.13223602,34.85012447,0.102123956,2,3
17.29598161,6.44969122,32.49232296,49.67423077,21.94815038,0.728215059,0,0.867196717
16.175513,25.81407245,29.35012998,55.88130225,49.36858952,0.257447046,0,2.872208366
16.6528449,19.10638805,36.01384492,28.08207228,9.021865005,0.961895699,1,2.34933173
15.01992135,34.9284848,32.17863407,12.14816964,10.36068983,0.019273617,3,3
22.18739618,42.78332244,20.1152484,28.12209572,36.47404014,0.23835059,0,3
22.32401049,21.21701547,36.24202095,43.58073817,39.13923211,0.498998377,1,2.644462342
20.1493335,24.21059393,30.55303893,20.67280437,26.19933819,0.0790684,3,3
16.61362801,49.1863003,28.54245851,50.49864758,17.47690711,0.344062834,3,3
15.83554338,40.27624294,22.35366881,20.98822289,18.94145221,0.497234973,0,3
15.19128966,45.37418589,25.50924226,10.50317012,20.20878349,0.446933253,1,3
16.65748177,24.74429993,25.59430729,35.40403871,15.13768958,0.460585225,2,2.74324057
23.90855535,15.53342918,43.38423749,46.32307857,43.27891467,0.879023052,3,2.096741856
17.41536842,23.53385594,30.81282437,27.48276703,7.92847434,0.505290874,1,2.853006633
18.54271327,37.2241363,21.05164618,47.44478998,23.32750208,0.941046851,2,3
16.05345484,9.924368218,23.47041706,31.92021671,38.64214152,0.147731681,2,1.38171605
17.22361305,17.17110975,21.97581689,18.58573087,5.17214635,0.280256088,0,2.123652853
20.19224571,7.098615521,34.72173476,14.52791969,44.51146326,0.656515775,2,1.393715626
21.07752683,24.45564823,24.66553729,45.52935825,36.78319456,0.283122582,3,2.670894525
17.45352314,42.23505812,32.46394101,29.28573938,8.301828058,0.347276069,3,3
15.57732159,6.109865973,29.25155157,55.6386884,45.2748465,0.901028198,1,0.579137333
18.91032869,35.38955871,40.09690943,37.01275293,26.92872467,0.538559175,3,3
17.34203371,46.96231435,28.01224093,27.42162091,34.35077003,0.334660756,0,3
17.19553923,15.66175377,31.45663706,27.44954635,44.69150185,0.776711778,0,1.951878593
24.59862803,36.21356783,38.03213871,16.57189322,44.65230551,0.070664754,3,3
21.16300486,48.87958555,30.83378017,39.68945768,23.39348533,0.56366261,1,3
20.56878443,48.30251271,39.8303884,39.10835677,15.69602683,0.099669722,0,3
19.15775104,15.57181369,36.54210891,49.9996846,16.5839695,0.176850802,1,2.186829419
19.28944333,9.514897395,30.26322785,20.05984812,39.46737139,0.062445454,3,1.728442793
20.40905004,11.67271421,32.59954814,24.53948212,46.82436625,0.901683029,2,1.55768669
21.96429807,36.59160508,44.1800864,14.86189845,8.250380299,0.048204459,0,3
22.02146096,37.6591494,36.54028741,24.76711011,5.675887763,0.516416448,2,3
16.71693908,35.34064527,42.62488065,31.40510579,42.03207777,0.224977402,0,3
20.00112752,20.12352745,24.46896259,58.2014203,22.39711715,0.383588634,3,2.054176311
19.11958095,12.63996229,32.08090391,42.65330014,17.44021602,0.493656185,1,1.659998599
23.70526966,31.13424914,42.71654175,49.14369649,13.47682314,0.450060141,1,3
21.31418921,26.76562006,28.06530154,26.27549426,20.59162744,0.74808719,1,2.97527352
20.32504066,37.79753662,44.19160495,17.22564064,48.71606402,0.911883326,3,3
16.15394642,24.86120354,22.42693726,22.8359971,48.96858985,0.300272214,1,2.855188851
21.05637889,20.23878626,42.56677926,22.82338455,19.9181087,0.024540497,0,3
16.17203906,18.20653598,31.13030305,39.15576641,48.36605532,0.893945436,2,2.019799984
18.37206576,14.5161644,21.84360413,27.07355662,18.49385524,0.978784066,3,1.419608979
16.42841965,16.95858693,41.98803981,52.86994322,43.45164929,0.433351174,2,2.350085001
21.92073647,9.267369748,26.29850531,59.42722596,14.54018941,0.455788877,0,0.98118712
17.06252114,20.60856549,20.55625314,27.16492026,42.19194148,0.14415611,0,2.402337729
18.91859373,6.645641556,23.39517764,45.25301368,20.91786789,0.47552345,2,0.754111548
23.95674778,13.38862312,36.47786855,42.8743291,13.8075584,0.303349236,2,1.974373355
17.04316383,38.60467001,44.44528723,19.72312439,47.06509583,0.994380068,0,3
20.07805064,19.64610449,22.78655349,55.90042974,14.63829496,0.184847964,0,2.072733953
19.19271661,35.07066576,31.5487012,19.97212936,49.63258516,0.378586732,0,3
15.18124041,37.2597879,24.51591377,46.84785658,9.885825157,0.616501982,0,3
22.92758114,31.15334042,38.62591335,27.38048211,5.450935253,0.345123552,0,3
15.69045906,48.14139836,22.95147249,28.35407835,44.18570957,0.474423539,2,3
19.74255021,5.964793998,25.99604371,32.77245264,31.39719837,0.973483633,2,0.648547847
20.60678295,38.23936928,24.91014919,53.2253989,23.97318359,0.508071376,3,3
21.28426457,48.14539898,33.81299451,17.01259708,8.688376649,0.910320438,1,3
21.88631629,43.80222782,41.8296023,12.72847889,30.87016389,0.043082869,1,3
17.53272384,12.55517113,32.77725503,30.10204095,22.71765134,0.119818344,2,1.987162699
15.09978777,19.70691378,21.45608632,12.77925496,26.76298608,0.944511595,2,2.085845908
22.23443662,12.76033279,34.08472326,44.38004415,33.36763376,0.128731112,1,1.904024724
20.35656599,32.05887637,39.93802498,48.01625375,33.79701225,0.736551195,1,3
23.36117703,37.04845919,23.30390493,52.73561974,48.22696586,0.446003604,1,3
23.21388363,19.26831962,21.81778036,47.19211227,34.4774036,0.406748329,3,1.97879602
23.43326168,29.27779583,24.69519444,55.81756968,20.27318631,0.659220264,0,2.863166902
19.8509466,36.09142565,38.65215807,47.41505614,19.83347725,0.727600825,1,3
18.33628396,23.96029175,34.79201049,56.80378199,26.47224288,0.93196928,0,2.521740398
22.91558203,43.43069887,33.51486635,19.65553971,16.66974649,0.256885489,3,3
19.51294113,39.71974709,26.23699737,34.99315664,21.93975402,0.698080378,0,3
16.83442196,7.909949473,28.30591488,59.69652999,42.89507474,0.342285818,1,0.966417235
23.5497402,32.95063846,44.14712532,44.07890913,43.68927213,0.717609745,2,3
23.82559877,15.58964979,26.01563067,53.9320559,33.25066152,0.142116126,3,1.815774046
19.66309756,30.08832191,42.54113558,11.51968969,31.22784239,0.45754255,1,3
15.75699727,48.05997992,34.51328761,53.58789493,24.21949243,0.183629728,1,3
18.8782609,44.5577902,23.08241166,44.88566173,33.6154512,0.33644623,1,3
23.03537659,23.20323814,31.68280945,18.5377717,41.27240056,0.715629407,1,2.833225042
24.01774029,18.11812363,43.71371793,11.28404782,38.20311761,0.233349849,3,3
17.03472742,15.5482585,30.46413995,22.99632891,6.595678205,0.684883904,1,1.997891941
15.66973612,28.96316914,41.58466412,55.78866795,37.90084994,0.495940194,0,3
23.77350453,10.1411804,26.41071737,43.40664694,37.39764502,0.092036557,1,1.414390537
18.89404939,29.71737537,34.2730538,55.97345521,9.454574151,0.386694685,3,3
20.41760964,5.060013777,41.09630146,32.30753912,11.76113141,0.869206203,2,1.1181996
24.68065812,19.57323338,43.01721103,56.83135476,40.455883,0.989290898,2,2.328271376
15.66564728,14.89704412,32.14558418,33.14799077,30.15453102,0.368921097,0,2.045283428
21.48318007,48.70484555,35.99220255,20.21273622,41.97330458,0.054874731,0,3
15.74105423,37.72590438,20.07450327,17.56967321,13.31348607,0.130187774,1,3
18.75468928,20.73440212,26.33058269,59.69059065,6.377664412,0.788148414,1,1.960146188
23.03814545,9.178028894,26.96780259,26.69313307,12.28737896,0.655787073,0,1.221904775
19.33472233,28.25602676,22.33732529,18.00265127,25.36565204,0.285011999,2,3
24.97182354,14.60515466,26.99237533,10.42042154,28.548174,0.391298563,3,2.060407814
20.59059285,29.13932957,28.02805083,24.27847833,43.59655049,0.811150231,1,3
18.21162153,42.59130594,44.21915099,54.45580718,37.22902384,0.413109947,3,3
17.20111326,32.71066484,36.71505951,36.70046603,49.56757882,0.755773212,2,3
18.50520534,33.52047888,30.65012699,41.62175258,8.542381612,0.295205701,0,3
18.72533274,29.34636301,44.70136152,56.11955519,10.85994826,0.724811799,2,3
15.68713678,46.72695347,23.83080801,35.64199591,8.796001722,0.466397443,3,3
18.69574199,46.9356208,31.90127985,51.91399229,29.2306121,0.545354282,2,3
19.6423852,28.07254405,36.17655518,26.1916639,17.00873469,0.598733112,2,3
22.22737752,18.75917692,21.38951586,58.85509314,35.7634823,0.450574694,1,1.775063276
21.56729485,25.68141526,37.92497145,13.94069368,10.97108998,0.46613562,0,3
22.08765655,13.39510605,22.49668382,46.24147628,9.64361298,0.265708621,3,1.494130993
15.08363682,33.63549419,23.50705771,43.02831434,25.70744615,0.985764378,3,3
17.176674,27.50415511,23.99223781,19.58357529,21.9154259,0.905815056,1,2.90141349
21.61684288,9.648521502,43.22224567,29.44219994,42.31242122,0.527382828,2,1.847480259
19.83989368,13.89415015,37.08088863,25.64145584,42.68993338,0.034629413,3,2.351715371
15.05313476,26.58343803,36.38568753,14.72464342,10.28429005,0.168427971,1,3
23.04494642,44.94150458,33.88733741,39.23940115,41.55452509,0.853935211,3,3
22.72809573,30.48758243,27.32014997,59.68349228,30.38742421,0.930812073,1,2.897188949
20.48419163,35.66907501,35.52224261,37.97940705,27.66012232,0.161292105,1,3
15.66463326,20.25628474,30.253743,37.26299534,9.264351931,0.734518656,0,2.294197292
22.6651505,30.71351269,23.63540375,12.01568537,38.2833846,0.62302331,0,3
20.83713588,25.13209202,37.23993226,16.96101117,7.683520208,0.30338497,2,3
22.81959977,34.66084607,23.2395542,35.66095446,17.49612963,0.436091404,1,3
22.51746992,7.275900474,24.76671453,59.25892821,9.294419064,0.677269427,3,0.621923202
23.03002072,27.19850973,40.4424828,53.83038677,28.88454244,0.101295914,2,3
20.18008066,18.31966813,36.5029274,27.01045607,34.03535264,0.189042652,1,2.684105173
16.40324518,19.67832776,35.77477886,37.15021271,45.08848159,0.033314972,2,2.772165791
21.71157473,48.24128442,30.45506961,37.63511111,38.02423644,0.902201725,3,3
21.20473785,13.22126657,29.90701296,44.26803064,48.24969795,0.57389619,3,1.589398688
22.42253187,19.00603637,37.25656523,44.38910206,39.24274248,0.523427436,0,2.436884406
16.69881006,27.94516591,38.50013847,49.48962442,18.41328965,0.706240641,2,3
16.949752,43.83621267,32.75533006,11.24855124,29.64131648,0.988350224,0,3
23.90409517,23.75015374,44.23173111,57.18400953,25.60728377,0.172237288,1,3
22.49977798,38.47393764,43.89248897,13.5031023,30.46859256,0.133106018,1,3
24.08228489,43.53683442,30.31073725,33.80800557,30.74402027,0.294790865,3,3
22.58715321,18.95073601,40.51555636,55.97896382,36.59454885,0.90394416,1,2.233830428
20.97155306,22.67375826,33.58169604,34.38344146,8.736971659,0.411460611,2,2.837200974
21.54132737,21.04503007,32.79389719,13.18184171,38.6035308,0.793496758,3,2.669066117
23.89127924,42.47851139,21.37410153,21.46200099,11.4684626,0.20292816,3,3
20.78806755,6.995608788,34.34936776,38.93333777,6.179328721,0.493605442,2,1.208403705
21.32391324,18.878949,42.51444826,14.39308089,28.35074939,0.127470539,2,3
16.56476716,35.57338509,39.50334623,31.18389655,31.16646323,0.4128984,0,3
19.7392122,30.44495748,39.65792862,26.45466331,6.568298155,0.262281967,1,3
22.16397112,24.63302117,23.99822596,50.76038139,28.19170017,0.549431596,3,2.48092337
17.70942698,29.29767022,28.96123618,15.50659692,29.05565938,0.780406213,1,3
17.02254181,13.89130636,25.83012292,44.13992251,7.362270557,0.938370371,0,1.339550323
18.13826808,24.38224797,27.89788206,30.32945354,37.02133783,0.283842781,0,2.922938273
17.41500628,27.57663429,34.48848359,39.38753402,14.46303658,0.743131696,3,3
17.14912637,45.55351049,29.11959533,20.2765886,40.75066462,0.885592337,1,3
19.24850843,16.73758233,34.01744544,40.48518424,18.98699584,0.124851877,1,2.3403953
24.07838514,44.0522826,30.96253121,43.69888637,26.50516392,0.585932228,3,3
20.07059647,33.99086304,27.16538896,13.51157823,45.13328957,0.611846309,3,3
16.87920381,5.915337398,22.38508586,51.21721338,41.27807601,0.272385102,0,0.689338583
15.76971669,37.60841016,42.29596143,53.06270564,40.18386104,0.02251456,3,3
21.96156145,6.59983449,20.28433415,13.17770278,12.21953889,0.256702946,0,1.07599942
18.82798764,49.88215071,20.0413122,40.1593744,7.166407401,0.584734607,1,3
23.21830947,44.26865095,40.66994349,39.70057485,32.25915278,0.196442712,1,3
21.59510769,18.38046864,44.92027351,10.62292059,23.48112391,0.28734518,0,3
22.96241451,16.58350536,38.17757069,27.1173207,45.90847744,0.70792246,1,2.305801789
17.71946039,22.16484869,20.38184595,58.44628914,20.73169686,0.398315592,3,2.112259047
21.92358922,21.02751344,25.66725567,37.77253761,23.47467579,0.065425387,0,2.547888463
17.64061985,21.75520183,44.29556751,56.66059014,28.67002444,0.399165884,1,2.885850256
24.39068479,19.32244458,40.2151063,43.78223179,40.83802995,0.999768965,2,2.335041201
21.36374282,32.95100331,34.1699961,11.41952591,17.07345743,0.261051539,2,3
18.245118,12.39186487,25.92151774,13.8856599,47.38192957,0.265256528,1,1.831752215
17.69511862,43.06915816,20.35925515,46.10894777,29.29645007,0.169886415,3,3
16.90926585,41.55811178,20.52153682,37.72838952,42.84397675,0.271637383,0,3
21.94640959,26.44174435,35.29952159,16.35758323,28.65283176,0.574753303,2,3
17.18715613,43.37284844,20.54579691,40.70313392,39.73969381,0.964602132,3,3
20.95303266,16.12152815,44.84075355,50.51436803,7.313933862,0.607695272,0,2.297853284
17.64635027,5.790445507,24.58459584,47.64912151,40.96456168,0.409847592,2,0.717116067
21.61968945,32.86435663,37.76768405,22.308123,28.57817434,0.389633629,2,3
23.14939729,25.60592331,23.87649304,22.90974833,25.22370147,0.024225885,2,3
22.78025243,30.52240458,33.50233553,58.39189026,10.022435,0.002542302,1,3
22.60851331,45.47027341,22.01528221,54.37024011,38.37031425,0.797193547,1,3
16.87722406,48.64665081,39.16946061,25.91686572,10.90236436,0.490160663,3,3
15.88384947,33.55039129,34.62302737,51.20272448,13.65430158,0.033209413,0,3
21.98948828,39.38250154,22.15416734,18.08692649,10.68904651,0.286027045,1,3
18.68347214,8.771379507,41.21465473,19.84205507,5.295902347,0.356681884,0,1.874198282
19.32346226,12.23220132,33.67546537,19.05980269,34.7861201,0.78328889,2,1.763493172
15.31149093,37.99421622,43.03980775,14.38603875,17.18798201,0.434386703,1,3
17.59576449,24.41144554,42.91558434,52.73390581,11.72617066,0.789300175,2,2.949674886
15.33676404,25.06843717,43.01269474,38.94034491,19.39876171,0.633734051,0,3
23.79185773,18.88734567,21.94463001,22.94780462,27.45881112,0.033136206,1,2.374176085
17.43396683,32.33103726,23.02394404,52.43275164,27.65356344,0.968688704,1,2.991896659
20.5733717,13.33242704,44.69264524,50.13233797,21.52382037,0.181433037,2,2.230957648
15.38979321,33.21123257,32.19002053,15.04757591,27.2719522,0.275619562,3,3
21.66847391,12.82094857,25.95535132,42.20696869,24.2303656,0.809294029,1,1.320556533
18.23027346,7.872171562,39.24161221,46.09168008,42.01993611,0.189839864,0,1.539434164
23.97919187,19.86609599,26.60713053,45.79136685,6.332628537,0.401087784,1,2.21505639
23.88118189,15.40131539,38.1803922,46.15713539,44.061356,0.864991218,2,1.918744316
18.25290618,45.00462374,40.93214445,18.47288928,15.97618651,0.637272276,0,3
24.00960896,7.472905424,39.60658443,25.75432271,37.48019968,0.302080599,1,1.658926497
24.96157673,12.94761617,26.8511952,52.20892543,23.22678274,0.644049722,2,1.345687342
23.25415664,29.69238225,30.04046435,54.91958751,18.2449834,0.812624476,2,3
23.44871348,26.64802359,30.33127508,23.95944433,32.69063178,0.403889283,3,3
17.49008736,7.063340827,32.28182295,11.15097581,39.59979885,0.571674684,2,1.385047747
20.76702399,5.326359261,24.18432129,52.98834736,25.24714039,0.987927685,2,0.5
15.67255914,49.46305739,31.31175126,28.85459189,25.99492294,0.964562843,3,3
15.94917937,34.64756152,32.76957476,26.4731778,7.648541815,0.509037312,3,3
24.98892612,21.44327589,33.29272491,27.34998398,46.57981913,0.096141257,3,2.932514618
18.26639249,26.16945114,40.49751075,30.7848212,43.11035134,0.700682089,3,3
22.48183912,16.99475542,32.93336246,28.91333108,22.90967544,0.268620787,2,2.373810586
23.06665053,20.51932027,25.76959806,38.32154496,39.42277759,0.669474928,0,2.192965715
23.58023271,34.20700103,36.57821846,13.94701392,19.09756291,0.351755598,2,3
24.97628297,44.72653095,39.9328536,58.57700972,37.86898069,0.718758438,2,3
17.41496485,13.28585104,27.98429166,56.82255172,28.25112725,0.367322558,1,1.50950803
15.40350827,42.81626774,36.13264823,56.72033233,25.7345025,0.941195277,0,3
19.11191518,10.47004833,23.6734499,53.9638812,7.543534877,0.136672872,2,1.228144581
16.3008067,14.67465006,28.54815761,43.01631511,48.44398648,0.068404837,1,1.95470469
15.22425889,6.672887962,42.73059824,21.05542814,42.68340364,0.781199097,0,1.490488241
18.60426827,11.33653379,42.78270408,12.47417436,40.70246306,0.40132596,0,2.234338792
22.83738251,46.27864155,34.38311447,14.96605324,18.72122889,0.46557559,2,3
20.66180691,25.6747436,37.55878652,26.19962502,18.0315583,0.93381726,0,3
18.12777989,8.49496378,41.35038538,35.19415127,30.79368935,0.589920718,1,1.580940686
21.54342005,48.18770771,43.96382963,59.66265356,43.08004383,0.660170648,0,3
17.3201818,44.55465385,32.24716101,31.77217459,47.05827828,0.019465926,2,3
15.14381446,38.96071344,34.03939342,36.23230452,17.10180617,0.670514407,3,3
22.64353386,47.00627564,30.39103917,44.75786236,32.33366601,0.388352936,2,3
21.23743085,14.90582394,21.79954843,19.03669852,37.575626,0.460214463,3,1.796759791
22.62302625,42.63661819,30.57008681,56.64135008,15.18764653,0.808050119,1,3
15.38938017,36.04960384,39.76568348,36.45173029,23.33608836,0.523793593,0,3
23.37119628,44.13916623,40.12213745,23.81281728,13.43634232,0.98687081,1,3
21.195262,40.86102046,42.30942786,56.75544932,36.4507285,0.796811129,0,3
20.63395351,20.59227784,21.28666763,41.27253093,43.87033114,0.728591548,0,1.991762289
21.24614048,39.84793417,33.17886474,34.18448656,44.48904595,0.588686657,0,3
23.64433247,16.81053363,22.6856122,39.0077955,35.15399917,0.412396722,3,1.840964121
20.86936507,19.78664734,25.01855458,47.41511095,20.62185621,0.052872334,0,2.312029277
20.8095038,9.855757275,42.50541256,17.72690018,34.74681696,0.018495907,3,2.215905857
24.90679157,47.07844772,32.41978146,53.24152154,43.89200272,0.046758767,2,3
22.56730167,18.09515135,38.96362302,57.97534051,33.16351253,0.958836384,3,2.049130972
19.42293805,28.42801093,21.60960265,38.34998259,23.58013731,0.323212115,2,3
22.07397,22.60997764,30.4206626,44.11354234,46.39112378,0.700609482,3,2.483579686
18.89230472,48.19676543,36.85600702,52.99167404,42.5847467,0.594314604,1,3
17.28875462,20.07721269,23.33516203,28.74053157,44.70958581,0.571667709,0,2.212320833
20.96851877,40.03456196,28.14544698,59.64158974,45.64364095,0.579241564,1,3
24.28182098,43.49372696,21.61369513,44.02506847,22.72155384,0.302295823,1,3
24.2913952,24.60229239,36.28349852,31.19993492,43.68375534,0.886532545,3,2.914413567
18.41905278,22.01773165,44.27228148,43.86689875,30.66573521,0.919206227,3,2.77924378
20.27677466,38.64856194,40.67613728,36.08400163,6.71715381,0.644525785,2,3
17.11635899,46.08031911,44.36557792,15.58207858,33.61263604,0.863949221,1,3
24.95631109,38.97192799,41.14011988,49.79326524,26.17785159,0.059981017,1,3
24.81117908,15.22068645,41.37989515,38.21877901,17.38195966,0.100391251,3,2.469015068
21.4950893,44.97384863,34.42942988,49.79227789,48.6672413,0.559066225,1,3
23.0441406,22.44117503,32.95630779,17.74559702,7.478188623,0.846507041,0,2.741951606
22.15100161,30.93032353,30.15635666,36.91785784,47.56448258,0.315429401,0,3
20.93158219,42.41460287,40.45237238,48.33121361,12.16701773,0.548055916,3,3
15.53347997,13.47776453,24.55169031,59.41522838,21.96446807,0.009960531,1,1.567033581
19.54764343,40.30295611,21.4056229,54.21986382,23.77558289,0.986630012,1,3
21.74786302,31.82732591,43.69734557,53.21748135,37.89592334,0.766980868,0,3
21.77531614,45.20037388,20.09445463,22.37300691,14.70241439,0.361419147,3,3
18.73122618,12.73866808,44.42073305,51.89923009,49.37458295,0.983012831,0,1.744059194
24.41691987,23.93070067,38.22133425,18.46406388,38.70553337,0.092427989,1,3
16.67357032,42.47793918,28.21247299,19.90538323,40.54786873,0.464175765,3,3
20.00359446,5.865426656,37.44549608,15.50583719,9.789294772,0.058851285,1,1.650241854
21.90883977,10.0490615,40.44687893,52.87982654,26.43404043,0.334965021,3,1.656854672
21.97135806,49.57543457,26.1340514,15.41272482,47.55242077,0.21936418,0,3
21.48638957,17.61773804,39.27239208,16.90557399,17.15297322,0.316550853,0,2.743522373
17.75288213,48.89944372,40.10924063,22.2943575,11.54226447,0.947409316,3,3
16.56206569,13.2139198,26.23386575,38.63312046,26.84275069,0.427186997,3,1.595929468
21.35940327,21.24924994,21.04815886,54.00900927,46.86768813,0.324860811,0,2.124009791
20.99302116,38.879125,25.10305711,30.91140776,26.9055781,0.64077238,0,3
16.7935601,34.60002833,25.01616022,37.31429746,23.21754363,0.683369191,1,3
22.05139146,31.150508,21.63101135,18.32447,34.26225965,0.983768866,3,3
19.55171992,28.84546291,38.15018462,23.29729279,47.15977995,0.546057772,3,3
21.67760592,42.95481996,29.49937311,16.69628812,7.207585214,0.752563644,3,3
23.3736708,15.57268533,42.10965419,30.49594224,11.90279955,0.382165019,0,2.46488174
16.69728429,24.91119171,26.30427764,39.51678293,10.97394395,0.171032646,0,2.887244274
15.19144868,11.99535315,31.33080413,24.2009765,8.839984203,0.429835429,0,1.786967973
22.79102586,31.81737181,35.97543572,52.29979278,18.59477363,0.418775839,2,3
21.09697425,16.27449909,41.93662374,59.06191755,15.31890649,0.420613492,2,2.224411446
21.9963957,20.0228929,33.11552754,16.00774262,29.69110698,0.69542076,0,2.598352401
23.38154975,26.20628225,29.3381157,10.8930028,19.72802398,0.405942311,3,3
23.02810935,6.204676357,41.67537696,49.48884537,23.23435377,0.954162729,3,1.037677049
24.60920147,9.137207116,27.75616062,19.53213389,47.38391107,0.982749682,3,1.152229885
20.35935079,35.86681493,21.98559249,27.65732963,12.00450386,0.523361429,1,3
19.88495633,24.30364913,31.12605269,29.71156091,22.48057971,0.558444009,0,2.891562389
19.018872,43.91555999,39.62733266,55.82996945,16.56868282,0.407626372,3,3
16.53691043,36.26024016,20.76952079,42.94191079,29.71246921,0.355593582,3,3
20.72607233,5.364542374,34.64705612,12.03047452,38.13513019,0.985326536,0,1.078388095
17.77012524,32.75205488,34.86160121,10.74051204,41.7644543,0.040656869,0,3
24.21307512,9.217618973,43.21354409,19.97840488,28.18835125,0.410086233,0,1.957386202
20.83190804,40.14199309,27.16162043,25.90859704,43.47124662,0.151340387,2,3
20.92840181,49.61784597,26.97091533,34.2261917,40.32839785,0.726280268,0,3
18.54924661,28.90394574,31.01209128,51.89197062,12.06518276,0.194445677,0,3
15.51989352,35.72507751,28.92287254,25.7408878,16.04429416,0.884645728,2,3
15.31743765,15.67913724,38.40864657,28.82686096,35.22742378,0.374477976,0,2.372694345
19.23335144,24.69189847,36.04380193,26.4668965,48.86573089,0.917148733,3,2.94740658
15.84565378,43.52428995,38.97302595,10.4482668,21.92583653,0.98656253,3,3
21.06846956,12.53403265,40.50104478,57.76007696,15.34135283,0.771171414,3,1.640251614
23.80973006,16.94910225,43.07452832,16.94979421,44.11082454,0.623158049,3,2.649650869
23.82914817,25.04451539,30.77341829,24.38337391,13.98253818,0.149901665,3,3
21.5904541,37.05120013,44.61743474,16.4651651,36.38337233,0.933060336,1,3
17.11231831,21.91477797,25.39152034,34.52715781,6.541208166,0.776866657,2,2.304156901
23.62996831,46.74795259,37.85912905,56.60830575,5.854123179,0.288045779,0,3
23.86093435,9.250567307,33.35023293,15.03503588,25.32050213,0.468501934,3,1.652129836
16.96653585,21.68618889,40.42251487,32.04484618,34.54430574,0.067665006,3,3
22.37426086,36.90293555,31.91926302,11.11874229,11.40955043,0.659000322,3,3
17.86519549,15.16940445,39.59846588,48.54491107,39.37471039,0.125264669,1,2.288807863
23.02640312,34.53859104,43.25421787,42.06130718,10.79314171,0.651531285,0,3
24.972379,12.38976312,38.30735665,44.98493319,29.01685135,0.671553661,0,1.730262038
15.30026005,7.519112819,39.40235716,33.61681804,18.87346365,0.324629052,3,1.566840481
23.97365866,10.44570725,21.67938578,55.38165148,38.85139746,0.948662679,1,0.739069064
21.22630534,46.84931524,25.12394156,30.47787254,41.18525391,0.778962506,1,3
24.73382619,29.82878973,44.35759351,35.70425374,7.97410578,0.496733655,3,3
19.65009518,40.8355599,37.32967509,44.76446111,13.66720562,0.918569187,3,3
23.47387931,19.96945254,34.03622543,36.02803205,45.16898493,0.855843264,1,2.343284149
15.62394069,31.66963915,29.17440933,19.4667824,23.70257765,0.692218226,0,3
18.3527905,27.27284602,21.10972503,25.8535309,26.45311394,0.152965314,1,3
15.67016538,47.55820817,29.2283977,14.61472341,12.56107287,0.497073926,1,3
24.75343133,38.64085862,32.47282183,31.63067486,49.77026584,0.864422873,0,3
23.16973907,37.87441842,25.28648773,40.46960465,46.53714573,0.608891547,0,3
23.52547421,7.085897125,24.32841978,15.92649721,5.091110194,0.545511445,0,1.087516344
24.37965231,29.73513511,32.71041378,41.52935607,29.78306072,0.9552242,0,3
15.85103486,26.01461543,34.64760589,54.64360699,44.25203226,0.016548065,2,3
18.85597593,46.752902,25.99794797,26.88618665,24.37401228,0.012046385,0,3
15.71034889,16.58038947,34.68473686,21.10165481,24.65664164,0.89282052,1,2.156770034
17.10793102,17.1425054,42.5084991,54.65030319,22.07062205,0.038537215,1,2.56542887
17.29365777,23.5105812,31.82933145,44.59726179,6.297275082,0.332543714,0,2.79979136
19.69107211,15.9516371,41.43475424,15.2697434,40.56275011,0.924025482,1,2.36161201
17.68562167,10.8132763,43.18178611,30.4055976,25.55533415,0.691152594,1,1.871088228
16.00978107,43.5836681,22.30985072,43.70447999,28.89795373,0.648158906,2,3
16.67491089,30.1224436,22.39528949,38.71919375,16.50583026,0.656998315,2,3
16.47275564,43.76132235,31.90110457,40.92735597,40.28533214,0.317642979,3,3
24.73076798,42.40106444,34.70256111,38.3567587,40.7186846,0.530533591,3,3
22.59292507,17.69190597,30.64708661,49.90306827,29.88143676,0.629973064,0,1.976742936
24.67761465,29.64818499,28.16126926,26.02134784,45.70825666,0.305715326,2,3
19.39740487,8.744796623,36.0248529,45.42311739,10.21479038,0.795363916,3,1.223394961
17.78368482,46.18633478,20.05203781,59.55397212,40.39819991,0.321748359,1,3
22.98293197,23.19182218,44.20183202,29.49794289,30.1362864,0.071444154,3,3
18.26253918,22.71542828,25.8019772,49.55241573,15.39559252,0.201454574,0,2.53535729
17.99383374,18.62399168,42.92746921,22.30546186,10.95367022,0.408410418,3,2.86605498
17.32505992,25.72986851,22.72536861,24.09483561,18.54531681,0.908055888,0,2.635522838
16.29678978,16.32917239,25.95217955,56.74319371,43.53421631,0.415761692,3,1.722677108
17.56463061,21.86835228,25.87184253,11.29691781,40.44287074,0.089803802,3,2.8913589
18.55319748,40.99761719,44.90382261,20.87136724,34.03095916,0.196456767,1,3
21.73994208,42.54149766,20.11501364,34.14603489,9.06471535,0.544467486,1,3
15.62564842,18.68821149,35.99095523,30.09238109,47.96737879,0.177656005,1,2.678767844
17.1050694,26.10564937,41.74216453,41.45848656,18.74480596,0.063954612,1,3
23.0902364,44.32188993,36.80684135,19.63610252,32.31499925,0.714828465,2,3
16.46921924,7.370299932,29.06834546,13.52735022,41.13958419,0.784347395,3,1.178527642
18.42645147,45.01152329,43.95773407,28.46666989,10.97851255,0.850633235,1,3
23.64658922,14.86329555,42.33801886,36.21776211,34.3488534,0.843934161,0,2.113452149
16.54925311,35.53426599,30.84887301,38.10009185,6.453319852,0.37925958,2,3
15.82736836,31.21482634,34.33321232,40.07467618,9.580519018,0.734469982,0,3
19.84537995,29.88233367,44.1879797,37.43309979,37.54146355,0.583538859,1,3
18.02419511,43.67121011,44.56400905,22.28759855,11.978697,0.023364302,3,3
20.63408364,9.570746464,31.24558189,48.2274868,24.95780255,0.40159811,3,1.31552012
23.0380489,20.61626114,41.1837507,14.38901309,16.17496478,0.052878959,3,3
16.37148488,29.22137359,27.54950567,19.91769398,23.95532789,0.083356055,1,3
20.80699085,41.50799843,29.29532182,46.96890045,8.474910813,0.056002447,0,3
20.0550876,14.73993875,24.12054707,23.98630671,38.97052448,0.960946538,3,1.557675775
16.44078786,41.13184286,25.22961482,34.67367208,8.556852983,0.844200991,0,3
21.23998486,22.98373171,36.42183256,26.35988704,42.70615238,0.439104478,1,3
17.73640418,13.50112354,32.76954045,35.34906058,34.81739889,0.247997468,3,1.964941029
19.87834319,39.15438982,25.77829652,27.33279,23.7463509,0.07245083,2,3
15.82272324,9.090450566,30.07274041,59.7103995,43.99189446,0.431196251,1,1.098767616
19.59584057,28.16453183,29.3295865,27.87387947,13.37590754,0.600352881,2,3
18.06463468,7.874410274,44.68400511,41.35247087,16.90539023,0.797103323,1,1.464831494
23.22381211,21.03880348,41.33914593,54.41716088,11.17056477,0.051560986,2,2.911899777
15.56978727,32.04845596,29.69915833,41.89674972,22.1705912,0.417870018,1,3
19.18607275,30.02519937,42.84791447,38.29286276,49.40299331,0.976857446,0,3
19.58431424,23.20949381,28.56588479,38.46147274,12.246232,0.120720535,0,2.828170545
22.25006076,24.30715973,36.69753782,34.82303555,42.39394186,0.400299395,3,3
20.74287575,15.2046299,44.16624992,50.37902007,34.33460323,0.275055324,3,2.351353458
21.67212337,25.51471648,29.7569716,12.52120392,5.711635878,0.134039355,3,3
22.77049286,47.89646851,36.99712413,54.2564954,47.52005868,0.838945688,1,3
23.62202974,43.2703813,27.39809528,39.31461101,48.69910694,0.69711521,3,3
18.13875497,11.53547911,26.65780789,52.44366106,46.62053158,0.411556484,1,1.311926654
20.38022705,6.340135429,34.35391666,10.51963513,27.5782846,0.369067283,2,1.489414106
23.40108078,47.00859407,44.48161495,53.4638202,14.91688321,0.827748759,2,3
24.89451131,28.70373874,31.32834622,16.00687596,22.60691049,0.090783846,1,3
23.89519311,29.20270204,43.44092426,46.06090032,32.63861959,0.14683328,2,3
18.71467263,40.13230981,42.85908801,30.82606964,22.04763714,0.906550008,0,3
16.95166517,19.16100382,26.34406531,44.05361955,36.86772429,0.817206654,0,1.94509637
19.89392537,26.6858406,30.04548518,41.40948688,40.80089965,0.774877763,1,2.868566482
22.41641452,48.58983109,36.08256196,18.16982735,14.42268044,0.623975924,0,3
19.92569071,35.24669091,32.95114711,35.73068822,23.22238587,0.292450052,2,3
19.83180863,11.91852644,22.39896325,23.86152366,48.09849692,0.934786605,3,1.232476213
23.38230421,10.99520366,44.84245075,38.02184214,16.24130606,0.491868822,3,1.968115892
18.61403779,14.19191412,38.81635003,46.90016415,20.59013699,0.280619531,1,2.10375834
23.59794675,39.50202535,30.94235096,14.06292073,6.604722673,0.365574607,0,3
19.06804801,18.29196517,35.45421374,35.78812118,19.95647185,0.016841015,3,2.644701923
18.28233106,5.9624981,22.18932043,40.88149104,21.69191291,0.255159062,3,0.799499383
19.53989911,47.48784636,32.38254134,24.76837268,9.492600183,0.187956109,3,3
22.62446959,12.63710374,43.2708104,57.65017414,5.064901249,0.135556642,1,2.061790658
16.26002028,5.430118377,42.41502395,36.01514128,30.8932468,0.032139993,0,1.58062456
16.96419216,15.67092211,28.43452114,19.12585449,18.56869706,0.226875443,0,2.210213315
24.51444826,15.57629542,33.2841966,15.38941309,5.802072677,0.103518718,3,2.461449272
16.75491627,23.99023629,37.4345881,37.08297746,43.69749368,0.045140378,0,3
20.67727318,46.41754242,28.50023167,28.76191906,31.29843547,0.137322259,0,3
20.79314467,44.5633213,21.62198045,19.62735489,12.70257577,0.202403364,3,3
19.89624462,25.56025497,32.63604142,11.53492434,43.93609803,0.415962325,1,3
21.44745249,23.49049572,35.0408934,38.330004,16.41136867,0.583695686,3,2.841931469
17.29826726,29.97540889,20.14604,39.93001184,15.23505792,0.322265862,0,3
20.52662268,15.95543054,22.38938434,17.09013006,45.25853256,0.141259415,0,2.100324857
18.72173255,7.348324638,25.18226609,40.08690249,13.07560458,0.940323829,0,0.703210394
21.6166726,47.26508613,28.70130717,57.59863774,44.55436069,0.514853712,1,3
16.41223543,13.40145432,33.52628057,58.9147805,41.13379856,0.741880333,0,1.497600146
20.70877417,13.92803282,27.34607297,54.42464683,18.93998934,0.694435141,0,1.412875008
16.85270355,26.2607148,26.90459536,50.35392904,6.547868652,0.284896757,0,2.876903656
17.78643063,27.12260052,41.7337336,20.46839184,8.71578966,0.559861925,1,3
17.187098,5.829539437,23.62626602,17.82175912,9.92877205,0.602164116,3,0.891196495
16.8283778,11.65796324,32.38650333,32.24738011,45.08594758,0.351791024,0,1.746977122
23.25710952,22.01696684,43.82061792,40.98158757,23.18161901,0.670766565,0,2.917184789
17.85707568,35.76788121,35.62533123,52.5339342,6.463839078,0.790676551,1,3
24.27123782,15.27883056,37.930137,21.59815206,30.04468079,0.364210551,2,2.39413416
24.69926525,24.03565008,30.78092478,33.98239503,14.35965128,0.014915372,1,3
20.7126047,30.08052791,20.49830418,42.3720121,15.58067192,0.349335938,2,3
16.43001123,44.98666226,36.15325921,32.27969273,12.23787807,0.116815603,2,3
18.74548243,19.6731726,35.79810704,32.70968385,39.29096581,0.155607889,2,2.755686712
22.97732263,11.01012196,22.76069091,21.25585805,5.027580221,0.365949477,2,1.464168574
18.67390729,27.01725017,31.55399284,59.33304525,24.75428738,0.207621098,2,3
15.87017218,38.60247208,42.88322362,33.75966417,8.909202488,0.934888953,1,3
20.56784911,9.943689067,25.1271208,36.63709727,29.85685705,0.652802922,0,1.139167166
23.45120851,24.11075713,31.52746887,20.92796456,20.56965558,0.518364159,1,2.993529616
22.95926387,5.800331357,31.52757963,35.70683592,6.275821135,0.009724343,3,1.269021926
16.7512314,6.510163174,40.2690367,22.76747793,25.7438404,0.103617743,1,1.71383389
21.72764614,26.73290134,40.61439676,20.11681257,30.6763474,0.788477847,0,3
17.20504263,18.41887842,38.98173549,23.78611255,16.14443142,0.389743763,0,2.708546018
17.18207535,43.02982846,29.13635398,10.13798243,39.44803537,0.045493196,3,3
23.74071773,32.09694378,21.80092313,38.5075556,21.69719446,0.825559094,3,3
17.49668953,25.42698328,28.73707443,29.37400028,38.72059314,0.302646013,1,3
17.63247347,23.3570917,36.99478003,54.93445096,31.05570781,0.386295622,1,2.826376184
15.00653391,27.37604661,37.56866436,12.03535868,44.11638806,0.974369071,3,3
23.70669034,6.819747405,44.12500524,12.16001504,29.61161559,0.015512741,3,2.023451727
22.92594813,45.17570104,31.34103079,54.29367587,13.3532237,0.721324393,1,3
21.27328935,49.92364201,35.81088957,16.33223211,42.01660374,0.948884176,3,3
22.50265764,13.16692062,33.47977177,10.10800521,40.23658626,0.063859582,3,2.299674611
16.52048567,10.41723341,23.765464,18.94569319,48.75601166,0.866077024,1,1.211410031
19.58323595,11.46098586,31.5300618,51.19380875,9.21118636,0.416241694,0,1.477041711
18.51219387,34.74621762,33.62087887,50.13570414,31.6054023,0.877996516,3,3
15.93776526,34.76483773,43.76874015,27.00661054,27.12510428,0.308274593,2,3
19.86130485,43.1565873,29.16347636,43.40154586,35.1892452,0.98266272,3,3
24.2073965,38.83218748,44.50247758,35.36248537,49.10809317,0.64704941,1,3
15.40059119,25.2360353,33.55750185,55.23674949,28.95224347,0.62709036,2,2.77627425
17.91460913,32.57849127,26.06173108,12.82117377,35.85823857,0.805903383,2,3
17.07540936,35.97281017,24.79160968,50.65895644,20.62460497,0.43658607,3,3
17.38146654,28.07314116,23.54237293,18.52993347,18.45367195,0.258669632,1,3
24.08434552,26.4042943,31.32332176,29.58104487,20.08834546,0.262930193,1,3
19.68069054,34.02938505,20.54816074,19.59785757,6.737355212,0.330603751,3,3
19.66299413,30.0863547,31.12613208,45.13072048,17.81332904,0.617352635,0,3
22.60575642,33.97740374,44.7101173,43.91630899,12.78258772,0.838389731,2,3
16.54492204,32.57846483,36.75266989,37.39488008,25.58425909,0.499577878,1,3
19.87265354,37.36384522,38.99465303,44.90815184,25.73711438,0.40344823,1,3
19.29985214,33.9261579,22.97513477,41.97823903,39.43534241,0.793847739,3,3
20.96910691,28.38841189,31.82752154,48.82210278,27.60312416,0.289667907,3,3
24.99557703,35.68085651,27.15557753,21.97033256,25.83867147,0.689035269,0,3
22.69448894,25.22668843,42.3524382,31.44563075,15.42318403,0.105805221,3,3
18.97865703,15.87520517,24.5323118,17.58132647,43.36160046,0.113238266,1,2.172831846
23.27553052,5.063819906,31.46833318,31.47967821,9.095040756,0.644055477,2,0.918501909
16.70708363,30.19838662,34.70119296,45.08458757,49.20331842,0.082750514,1,3
15.30463686,31.5794852,32.85102729,44.56955804,26.42337481,0.155051164,1,3
17.04448372,48.74220341,40.7560882,45.47134516,13.36941498,0.624369057,3,3
18.40411556,21.26652503,25.78632928,25.43837643,20.94476251,0.438203697,0,2.5127112
20.10580757,22.73599593,29.43477776,43.11069869,5.691658222,0.561296453,2,2.543003638
21.15129141,14.08098116,39.80210741,28.37331598,12.49352057,0.976942913,3,1.962630414
24.10605717,8.174043286,33.20178529,57.22460231,20.09029187,0.631961038,2,1.035903963
20.0985401,39.77620218,30.05293464,27.16831829,29.94868754,0.590850804,3,3
20.01275645,16.2356479,20.73606287,40.1509117,10.82663801,0.380138081,2,1.723188727
15.5024301,32.40071875,38.8346356,47.50728571,35.41834833,0.630877595,1,3
15.34911553,35.9497866,44.30455195,55.32037145,42.99244205,0.012999526,1,3
20.51159962,26.20565093,35.50717524,31.89643017,30.75528247,0.557320249,3,3
19.38178613,44.43584509,41.41353052,28.02425541,18.36056513,0.068897361,3,3
23.39180395,24.97076784,32.92189358,31.50140877,10.46265465,0.220172247,1,3
16.60679585,17.82088804,25.79202414,26.18481758,5.699077834,0.563121002,3,2.098414265
15.24971662,45.32069853,20.36105261,42.6962245,37.93110498,0.667950549,2,3
19.49038768,43.77039279,36.33495669,56.6358382,33.28157157,0.38479654,2,3
17.37478557,12.38179762,32.32772121,16.30355032,26.43275327,0.418979916,3,1.943245007
15.49614373,6.168245826,39.55245368,38.04610324,9.58979985,0.498022406,2,1.30576747
22.24598287,9.049350036,37.36706044,54.88243627,14.31613316,0.759074608,2,1.222142018
16.11593,17.89463293,44.69880921,15.00572723,41.68275367,0.017627772,1,3
21.083195,48.75169108,32.75781459,34.69327054,26.59331606,0.447067999,0,3
17.8104975,30.13322689,30.67936974,53.26147979,48.32747868,0.014273598,2,3
16.7349605,21.79677794,27.16849224,55.02261059,49.99874663,0.319141861,3,2.375497166
18.79751523,44.99222426,31.92153229,35.71760806,41.03182069,0.519848621,0,3
23.01445776,25.39113492,41.82178695,11.24759422,16.61826245,0.079919284,2,3
18.92093577,19.18573828,21.06099314,15.28195892,15.4001733,0.485213528,0,2.225180579
22.50769649,47.35487879,44.44750118,39.33583726,16.41354442,0.924573904,0,3
16.25486297,43.22829498,44.83267986,16.19293032,49.40532855,0.685342338,0,3
22.7277142,42.96507689,34.94553446,17.47088885,20.09032151,0.782252672,1,3
17.36933325,28.05281344,28.28860509,48.60585489,36.79010346,0.580414218,0,2.971969189
21.7739313,40.52472795,25.57622421,47.53460293,48.15579694,0.89635898,1,3
20.65781555,13.07090117,26.91225989,52.13863797,41.8818266,0.146869292,3,1.609344421
24.29144717,30.79503309,21.25263566,15.28675683,31.89217141,0.449786033,3,3
18.87322518,49.27306653,31.87777396,19.90724405,12.60344861,0.597033234,0,3
15.66165189,18.09312937,21.43310677,51.64807149,12.87222101,0.873475342,1,1.570531444
15.19155486,40.74585482,37.96185537,46.05438043,27.15903885,0.308010245,2,3
23.26858561,27.07152832,29.29823639,50.29780639,47.83750231,0.001127978,3,3
20.24735638,6.791255745,24.98411829,59.48728375,45.70221631,0.974414111,2,0.5
22.75244052,39.3358729,33.62133895,53.22158031,12.4786425,0.025977304,0,3
17.344256,12.5856115,44.34398268,36.02316254,17.94738851,0.152366727,1,2.300278917
18.45083746,33.41631052,37.37827623,25.53840924,31.4965092,0.422046329,2,3
15.30103872,8.854888732,32.29367125,38.48382933,26.48437215,0.496369813,1,1.328921382
24.61492325,47.60903289,39.42285748,41.92932751,10.37132642,0.834465957,3,3
21.67867907,18.12757492,38.4369118,26.76560706,21.61882341,0.44781795,3,2.60242284
24.33205088,15.19091113,42.29338653,48.54685187,47.96214654,0.547429137,1,2.169687576
17.65496407,10.81113818,25.11672369,14.63768963,47.81490011,0.199999871,3,1.67196111
21.11463611,47.5700987,41.47193941,48.96964253,30.17416465,0.569158699,3,3
21.78499968,37.03566841,27.52565218,11.59992593,33.58675871,0.348383743,3,3
18.175497,38.37473999,43.5249732,34.89830304,14.98578264,0.098732281,2,3
23.48109235,27.47320526,27.02662872,53.07182317,38.38787269,0.946462891,3,2.644258473
24.47161463,26.36275034,43.17121358,14.3247637,7.362328421,0.081684285,1,3
23.84855118,9.950955935,44.09476786,35.88694682,14.93069847,0.67787893,3,1.767112255
22.39066976,30.1928493,23.63728394,17.96957195,5.264765945,0.908193153,1,3
17.7746468,16.11124228,44.36249708,54.7407875,22.35655664,0.179204654,1,2.452863929
17.81616042,48.97153998,22.14307421,51.61727635,43.26175394,0.237117666,2,3
24.6336032,40.8461423,25.46419467,56.69586216,49.21279147,0.426706765,1,3
15.10284496,23.58464271,31.10421952,53.74911708,35.04901889,0.294509968,2,2.710525433
22.16049973,11.81035664,44.83993414,46.82766549,38.51900084,0.75903314,1,1.827906911
22.06246163,40.3399261,32.21407628,19.24445978,16.82373102,0.338153376,1,3
21.22689541,10.49241952,33.76023608,25.12513078,28.41497121,0.98583554,2,1.430414076
24.90108846,13.52001891,37.36062374,34.84275792,38.14600545,0.858787233,2,1.81953482
18.11879436,14.5184233,44.20733896,39.44483908,27.37741217,0.895344134,1,2.083299837
18.39971864,30.06007872,39.583785,49.10916977,8.984587645,0.063664285,1,3
15.78939403,40.41754943,25.60385011,21.34798141,38.33888869,0.176308459,0,3
19.42798137,19.14416954,27.57477327,16.41386971,14.88039763,0.169368407,1,2.584753163
17.61048526,8.810141642,22.44070599,34.13050853,9.396395192,0.671964648,2,0.951750288
18.43386702,25.90423086,36.1113091,17.89207054,26.5126077,0.011911374,1,3
23.3457179,38.66496085,24.51850766,44.68684012,8.357408501,0.8064262,0,3
24.35484514,14.97487294,26.43512221,38.7815445,33.32496501,0.547046018,1,1.71731958
16.85733072,14.89660466,42.20284138,47.05538985,33.82129626,0.566313032,3,2.142711431
18.72508932,47.62521623,28.16889188,13.17182798,16.55158879,0.537336422,0,3
24.28630562,47.93691772,34.16616796,58.23487802,48.40404898,0.53534589,2,3
15.61808461,49.57095794,29.93915022,10.00027683,42.1003214,0.197886075,3,3
15.92360528,41.34468207,21.85078219,26.27212075,9.931413105,0.283179722,2,3
16.62790989,13.46828761,29.07159575,43.98173967,38.68304573,0.487617458,1,1.632255827
20.95212834,14.53916844,30.20170508,12.25710369,20.88836094,0.677844498,0,1.99914706
16.50472271,20.31013587,42.39252755,14.16747907,38.76298347,0.27195376,2,3
24.68076381,19.31596391,28.11126634,13.83407186,41.03576566,0.806134925,1,2.327230421
19.46714527,48.04374871,29.48102799,39.07548634,11.81201252,0.810593168,2,3
20.0151796,40.50832923,39.57241922,54.79626575,34.78288932,0.273879407,3,3
17.46658616,37.58039565,38.97391628,37.77184889,43.82284822,0.560064681,1,3
19.70960252,13.36834508,39.95713192,40.17856761,19.55181308,0.348922855,0,2.092491802
21.61913633,45.92865017,43.8442685,27.30008256,8.614773688,0.190685735,1,3
22.51177137,42.25416708,39.88893746,10.93705793,6.227036597,0.805999956,2,3
22.53868083,12.36388286,30.19020508,11.08073589,9.950043218,0.991481218,1,1.636180487
20.77891113,44.20266494,40.53771292,54.41549832,5.189266458,0.565719178,2,3
24.04359775,17.25113914,32.7168658,15.12862194,19.71256741,0.913946705,0,2.207416535
23.17407847,8.639138562,26.94285081,59.98946859,18.46978646,0.642168808,2,0.841029794
22.57048115,34.55700379,27.5729267,18.22113058,9.965357046,0.565723702,3,3
15.55605522,34.42120967,25.59605971,43.7317222,34.30030451,0.48014488,2,3
15.06877962,9.27194043,23.62482395,57.44777361,49.6357861,0.235714967,0,1.022352955
17.12447277,19.3483314,24.6122603,28.11446388,45.54168867,0.084255271,3,2.431969542
21.63523594,49.6766508,21.57945125,46.72165944,16.37827699,0.442335918,0,3
19.11197489,35.52920002,42.21127162,27.54283217,39.64917348,0.561309914,1,3
19.02406259,37.8533825,43.27519524,25.24705284,47.15884685,0.509449654,0,3
23.84586888,14.58127785,34.66925981,20.09020413,45.78639067,0.695570635,3,2.06508242
23.95562848,8.545193195,41.01223892,51.04674534,44.80472846,0.192098784,2,1.615077105
24.09175264,17.46057604,24.58927757,22.86935318,40.39027305,0.354202979,1,2.159905168
18.13878077,16.20042733,42.54184563,24.15790815,18.18461642,0.415567271,0,2.588741537
21.91055813,15.55448453,32.65903899,59.94848711,8.760337979,0.186523306,2,1.951336563
17.71633181,13.67394448,21.67912482,26.36552177,26.95187088,0.906464214,0,1.373144618
16.90609833,30.86400608,23.53281861,31.13872444,7.465601046,0.681511457,2,3
16.84632457,19.76465641,27.72441152,59.50277289,49.9313158,0.091862346,0,2.25965379
18.42107621,41.91552568,21.08893951,28.46501727,21.12393574,0.71279804,1,3
19.2995762,13.2776338,27.73233445,28.30760036,48.12529633,0.547787606,1,1.695204722
23.30949171,25.90821819,21.49826083,51.38572331,39.79044464,0.523940467,1,2.531603047
16.19891093,5.614602639,25.90069013,25.59651842,23.50809292,0.989785775,2,0.67395853
22.34925847,26.67570451,26.6417439,21.68930518,10.32401357,0.618200821,1,3
20.31454914,7.512719939,44.85922441,31.16051276,15.67368907,0.896728193,1,1.48661025
17.87945343,48.99755803,25.88866684,45.03204003,35.28700593,0.91354894,1,3
19.92819585,40.57664579,25.97966122,12.16215125,42.34708415,0.101418632,2,3
17.9994207,27.05501645,37.16972421,28.69580136,49.07482213,0.008362256,1,3
20.96081955,8.896431118,41.48393696,27.3122451,10.94729828,0.435266909,3,1.781685105
19.33843923,31.66004484,29.67638532,22.24091736,12.01763054,0.769284981,1,3
16.64405529,39.14436878,41.8904505,42.7143668,6.909776451,0.824195955,0,3
16.16583075,13.58227639,28.50355052,24.49950402,16.71640365,0.787494047,2,1.669603926
20.46695682,30.56937534,24.92539699,40.33657795,41.94803475,0.447287959,1,3
24.02413033,41.63949043,28.24097061,35.21684207,13.92155855,0.749964119,1,3
18.43957687,39.57114999,35.23390935,20.85949354,29.65391375,0.718776525,1,3
22.33000107,41.1346408,29.17857898,23.32830285,25.08832391,0.313819251,0,3
21.58661355,44.56955412,36.8223451,18.53000267,19.66218091,0.16872056,0,3
24.31554914,47.1956946,25.92339699,12.83146074,32.82558861,0.621418717,0,3
23.20981017,23.24845198,37.52482235,40.95942316,27.60466052,0.677086392,1,2.827535182
20.66605259,30.59460961,28.68595908,43.6394347,20.06434281,0.567970691,2,3
21.57030498,40.57967867,31.39670929,18.29999968,35.99828983,0.213179546,2,3
23.98386467,36.37129163,33.94362851,40.76961923,17.5985686,0.27667332,0,3
18.99518785,49.79841027,37.15562508,59.104237,33.94325029,0.708486271,1,3
18.26794706,5.6154943,25.9678423,13.72010475,48.07606408,0.962622364,2,0.808631944
15.10811084,20.98099469,40.89863844,34.51854362,37.80283906,0.944835602,1,2.64378418
23.26551074,17.64625668,38.04606874,46.65191068,23.82798018,0.519658146,3,2.30647978
23.009807,16.80421326,25.85244798,12.30045989,38.64016945,0.886559475,0,1.975885255
16.04454518,15.01384021,44.37436407,48.9136747,41.41588176,0.0294512,0,2.476667143
20.76857381,36.91057284,36.61992478,58.97556185,19.66282101,0.861152122,3,3
19.63981698,8.814176297,31.31067216,14.42439318,36.7309497,0.476150823,1,1.542787358
16.18709096,38.37239753,23.93818314,51.11149527,24.54782882,0.781527335,2,3
24.80568227,36.20416289,33.33052506,28.92907723,41.83351168,0.00558291,2,3
17.14695887,16.28618596,24.11939717,17.20581012,18.29199178,0.868560784,3,1.826260009
15.6723418,16.37752024,30.73729197,34.65966046,47.19918515,0.594979622,0,2.018242007
20.9484738,33.29872634,30.21781307,13.57593679,30.86541218,0.240230398,1,3
22.38866677,39.29769975,37.99849111,36.10507041,20.89864913,0.347483054,3,3
15.32443446,44.44185259,24.80957953,10.9678394,23.87170709,0.200666087,3,3
21.58717639,43.34628037,40.54678387,46.43057208,20.6509376,0.424405758,0,3
20.32291876,48.41973474,28.15330818,34.39848429,11.58108511,0.330006031,2,3
16.03265009,31.16232029,31.09971567,32.94698305,8.08215786,0.534503177,1,3
16.72523877,45.88950026,39.30852439,19.80957469,19.48004128,0.814784442,1,3
20.67974297,41.3830973,35.63480999,28.06315779,25.64106985,0.982275265,0,3
17.96357614,45.26004309,27.7006338,19.09347162,21.28176227,0.251457641,1,3
24.38315729,5.523197058,29.65507311,46.76950503,5.626377665,0.106508263,1,1.019872961
23.18740229,48.46563463,27.64467035,19.95126497,31.05528107,0.39566725,1,3
24.83567207,26.30885733,34.86925418,40.83766635,11.5167416,0.143554276,1,3
17.59670839,40.91823453,28.31561333,23.98037505,14.49523754,0.834240202,0,3
24.69723633,10.72418537,38.14244237,42.8491098,10.43368404,0.50112488,1,1.664779745
19.3123387,22.81734931,34.49467896,37.02274795,28.41947285,0.619962382,2,2.751348893
18.47518795,17.21572984,23.64266529,31.17193158,9.282168159,0.150612554,0,2.122636234
15.50349527,18.12464467,27.75671547,43.65004167,16.53607621,0.749608816,1,1.926383492
15.52765258,10.5465029,25.53618605,30.78610358,25.32689229,0.973581812,3,1.11120455
21.92011256,41.25937246,29.75783031,51.06853013,12.54689983,0.482385251,0,3
19.57928994,5.415904156,32.89960216,46.47992291,25.08086128,0.962457305,2,0.692215939
17.26521626,19.06274556,32.66907143,37.03194973,20.42308066,0.034716094,1,2.60756606
21.13970306,12.84847444,38.86309191,53.85303413,43.72687298,0.035722714,1,2.023892143
17.52858118,31.50675233,24.72929659,51.44309107,40.77064457,0.960012911,3,2.980547753
20.77631754,16.44135812,43.66182073,36.59196973,49.67845626,0.700265597,3,2.38347734
18.59208747,16.65493045,28.57112767,13.42238469,28.80102798,0.188689727,0,2.389295257
23.23552227,26.97521648,27.50622117,38.29981761,30.89286921,0.363874799,0,3
23.20696161,34.37100677,37.12946445,27.76284948,47.59906317,0.507753068,0,3
19.77350398,10.45871171,40.13791572,37.00564714,22.98164966,0.702637736,3,1.662426355
18.50819109,12.89801536,29.46179412,42.35652302,30.0057208,0.84202656,0,1.42728283
18.62559797,16.12286351,38.67117437,42.24192874,22.05884731,0.082656405,0,2.437578007
23.05714526,48.81866964,42.0933989,43.67620218,29.56373177,0.656574123,1,3
18.28179483,22.8718625,39.17009163,43.96343125,8.634489463,0.476711414,0,2.914865951
17.09059374,31.95455408,20.85491214,15.46407094,40.2707342,0.597622275,0,3
15.84688342,15.86942657,40.68422278,19.58561652,49.33759763,0.508531607,3,2.492961448
19.66693121,27.07067863,39.36202396,41.52705023,7.95831811,0.450693051,0,3
19.82132099,8.335362847,36.73225595,30.40861944,41.04678786,0.205512796,2,1.651102224
23.4090871,6.563396567,39.00056048,48.14258227,15.87806602,0.472335912,3,1.23876456
17.21238696,26.09300871,44.4856349,16.24546411,13.8896174,0.189655138,1,3
18.80991274,22.93966794,30.7778222,19.57614972,36.20166792,0.044611487,0,3
23.08405739,11.15961439,21.68058087,37.92323212,6.985951185,0.373824491,1,1.272502901
23.23623611,35.9420643,31.52224924,35.03740096,25.84577063,0.024955739,1,3
18.84611076,49.68065709,21.16084138,23.3198577,5.065000966,0.562544963,0,3
19.59124023,22.80410695,27.3562602,30.41716218,29.94773129,0.072392453,2,2.851918187
18.03285891,33.10513862,34.67199479,11.7490639,25.79367505,0.437553642,2,3
24.32554878,48.33391741,27.74057232,11.8519054,46.1967173,0.980142837,1,3
16.18643766,42.41907376,37.13488115,14.74635014,37.41223563,0.009881521,0,3
24.33749423,25.85985005,40.54965819,38.83962266,10.67027773,0.366854568,1,3
21.83866452,38.1870268,30.51097948,53.18582073,20.95429819,0.673262856,3,3
20.31572153,10.76607681,42.50344878,23.01116446,46.92108964,0.158916905,1,2.18381921
15.32659061,28.0446735,21.99597328,11.69699149,37.64003663,0.560733642,3,3
19.75596192,17.55771247,41.00282911,45.4313551,31.74238017,0.258190359,0,2.539123487
19.07748105,12.25236596,40.71432864,52.76761195,30.15822159,0.222768692,2,1.943320418
16.61218812,24.18264078,28.04984741,16.90863926,22.91443099,0.894983551,1,2.736680824
21.56409604,10.89565495,27.46787968,29.2873848,31.33406582,0.203280479,1,1.610647397
24.71150907,36.45432987,27.62737453,17.93684203,39.72489867,0.376551711,1,3
20.62188811,25.53080198,40.28484281,15.31787153,10.73919544,0.169597505,1,3
22.14753276,28.90150847,40.79133719,42.40842692,48.64237878,0.28388774,1,3
15.68450453,11.58691724,28.24306147,58.37682381,15.77141911,0.29310668,0,1.369805528
19.17666996,11.28972475,34.81475869,43.90828128,25.14842066,0.326773024,2,1.686995106
16.16358485,31.25369459,23.47333074,59.24073314,6.022203109,0.641066937,3,2.994873017
21.12795836,49.32543865,31.71946846,31.7197638,29.76556653,0.742592743,0,3
24.38482158,9.331276246,44.96982127,54.89348944,22.18400813,0.51066972,3,1.627851913
21.61777732,17.85791429,23.97097869,20.25421123,16.23901425,0.610475981,0,2.077043949
15.76803048,44.12566024,43.689066,15.89521835,49.34859142,0.813268747,0,3
18.54666205,8.252240551,40.60636805,45.12600255,24.26635142,0.999560661,3,1.227729301
20.50663379,44.41485746,44.30536627,28.57041654,23.64333636,0.456505986,2,3
19.03207756,28.59286925,24.48946902,25.88438014,25.8396469,0.936434496,0,2.94854151
23.3364401,23.37200483,25.33796226,43.5640289,10.22692006,0.490370093,3,2.500973889
23.14671005,18.9356254,20.42167954,26.67420209,22.68932494,0.781999752,2,1.916543294
21.1183102,18.37027212,38.11754532,38.62790861,20.13819166,0.573223045,1,2.434721447
18.73457945,18.76111621,36.10236734,24.97275531,25.93060064,0.884039225,1,2.3877767
17.55336374,44.81613864,24.45163596,49.18787941,43.54795251,0.448703202,3,3
16.05874318,37.57078536,39.77862414,25.61941702,13.67534276,0.695815001,0,3
18.54897683,35.13753535,27.47988765,36.74970722,32.34826966,0.466315219,1,3
19.13172517,40.9437117,23.37488923,11.15880418,6.693669039,0.857027401,1,3
21.75822925,16.57015984,30.56406663,49.58653917,19.25566259,0.994368679,3,1.682768473
21.58159824,32.81192654,22.27424621,41.01688874,26.26959286,0.243314992,3,3
15.7010814,25.70298075,26.58109141,19.61185335,8.342561786,0.474338963,1,3
18.95259315,40.20987358,29.28333396,20.7686688,29.47855706,0.08125668,0,3
16.81778867,18.91652497,41.29660436,23.12464593,18.96465295,0.140995444,3,2.966461794
16.56812705,33.94303776,39.81371853,38.82650523,49.67645061,0.929150182,3,3
23.2730215,44.69955853,31.06885714,37.41581665,33.3936276,0.543613776,0,3
15.41915217,23.09677143,38.11437644,23.69318598,15.98788382,0.395116017,2,3
19.19182876,7.997993932,34.2162409,44.7031146,9.620296045,0.671482529,3,1.157568346
16.68203656,28.22228701,28.52104638,54.4520583,6.832390072,0.560161288,1,2.948329019
23.79330216,20.56876195,38.14685859,12.17577388,9.084796897,0.288717723,0,3
20.57040513,35.25014212,37.08747886,30.85983189,35.60267872,0.226614506,1,3
17.31380636,47.79648161,35.47736105,39.67600593,43.47465242,0.59023975,0,3
20.02427287,26.85237431,35.44888803,39.32176018,12.05299016,0.188265511,2,3
22.3148636,25.97856036,37.07454981,10.97676735,23.09605041,0.139172101,3,3
24.58118009,34.45631601,29.61363782,20.52830329,20.94059044,0.318387562,2,3
17.20446004,9.657387662,41.72689538,13.09153607,34.0033141,0.861341063,3,1.795049386
23.86181772,16.4077785,24.05769614,38.44825363,13.22050468,0.036819441,0,2.039808798
24.34304114,46.35406965,42.09713658,42.26949438,47.89936897,0.833266254,1,3
24.16420545,35.1474176,28.55704608,17.98710817,37.78503719,0.620973836,2,3
21.35414357,5.604981979,23.12579039,26.65055597,47.97823455,0.040372758,0,1.044665939
21.29820654,14.20814627,35.00068507,26.49018717,17.48161602,0.602038916,2,2.021582799
19.03210633,35.72767697,29.39966673,50.99011658,31.4472037,0.426019405,0,3
22.52397882,39.39796412,40.38749318,19.73297023,37.95205717,0.841127608,2,3
20.31294018,42.79368077,30.76963671,37.41570607,36.99303002,0.907198711,0,3
21.77438071,18.14795615,36.71406314,49.14677563,5.960574474,0.286493161,2,2.403883383
19.28457904,46.89628683,27.70644974,51.47890964,49.92301236,0.784170009,2,3
22.31496464,29.88261021,25.23630938,43.32830471,46.76269877,0.309802829,0,3
23.24471518,36.34425601,29.70122577,24.97638761,10.38884366,0.295635457,2,3
16.46436257,31.85324883,35.17019587,51.15232874,29.46050484,0.192638341,0,3
23.32929716,10.52330246,36.42366848,47.10830136,19.15504049,0.678489028,2,1.456125001
20.40296532,48.34015967,34.45516663,45.22345669,44.55023072,0.261685479,3,3
23.44665909,10.5294011,44.70139297,13.36676994,36.38838338,0.464858342,3,2.176889671
19.31301706,16.46968804,37.27725466,12.16324403,15.05827205,0.812128087,2,2.361847475
18.79040485,41.61325461,43.28799069,44.76826489,6.523751542,0.791912842,0,3
24.15060733,32.83686327,22.94832987,57.23974006,18.12838112,0.855442609,3,3
17.51169268,42.71671244,21.53432325,48.6861964,6.716177276,0.161064513,2,3
23.44212325,28.20812848,27.77486755,51.57377832,11.35898208,0.586892762,2,2.937457602
19.84020573,21.96469559,23.41472346,37.24911404,33.62621187,0.914839845,0,2.147049278
20.14095443,46.48304748,33.14671321,25.2293072,38.52882807,0.042050086,1,3
18.08468281,6.631354288,32.97453134,43.88684484,26.0607605,0.794526773,0,0.926154639
20.73042201,43.52585992,34.37617916,45.59854377,32.01295418,0.246237214,1,3
18.25211196,15.38680033,38.63069702,43.76789858,12.01482663,0.669653595,2,2.053864151
15.39269414,43.19313475,44.28324251,57.33545284,19.25578267,0.717405044,1,3
17.71998605,11.2638476,41.95646729,28.35895166,37.07977313,0.925585158,1,1.778551574
15.06379043,31.10985337,22.95918099,11.98287695,21.42010022,0.508799422,0,3
24.78354787,44.96485636,28.46284222,55.42221764,20.69650506,0.848231108,1,3
24.6574721,26.30928411,26.39557563,18.02495594,13.72966867,0.045318013,1,3
18.95155297,38.59550032,24.42043394,44.86591697,31.76711942,0.42054278,2,3
22.28370854,41.2102228,33.61812192,53.66022199,41.42923727,0.439518929,3,3
18.45806098,38.14223939,33.83161005,25.5070699,26.12502629,0.538278476,0,3
21.71093157,46.63983816,25.6811207,51.52076204,10.19926654,0.481340475,0,3
23.05430043,25.10754037,37.79743126,26.60290631,42.72653444,0.967961521,3,3
24.46756245,12.79064476,38.32285748,49.71289641,8.212869707,0.078539571,3,2.020094309
19.00212276,7.151497867,20.52449987,13.49149315,26.22773179,0.265016662,3,1.13187652
22.83297983,16.09069413,29.89394259,42.76214993,16.74848013,0.968628781,1,1.693598276
17.65928451,11.44388767,42.25351603,43.85690403,47.13431703,0.445302546,2,1.891618988
24.90332304,30.10769336,33.00796521,34.5712915,38.18944391,0.571157452,0,3
15.25769599,13.32254017,28.69069504,44.35454319,30.48840423,0.081025544,2,1.804552315
21.03528807,6.752016828,26.34190379,56.15918353,35.04899483,0.28405088,1,0.849647867
21.59505982,6.619542299,26.083863,46.69274125,28.97272683,0.039651699,3,1.044663068
21.88045557,42.42062743,22.49420085,58.06480145,11.64204253,0.137504842,1,3
16.20387579,31.61524691,40.43066048,32.43061569,36.9094406,0.633314818,3,3
24.38529783,21.11383859,22.16643513,36.41453659,27.17032785,0.763622464,0,2.104308432
16.81183279,45.24026192,27.30736915,23.18693486,33.54391721,0.870084877,1,3
21.22753403,8.158847513,21.14189346,59.28008339,7.034074879,0.251464381,2,0.802081509
17.22676079,49.11449327,39.53466424,12.75683676,11.39156567,0.332863842,2,3
18.07216417,32.73313056,20.98209206,27.93102088,31.52167142,0.569398377,1,3
20.46458542,13.25589143,27.7075276,24.88485824,25.67430064,0.083685863,1,1.958481882
19.17193419,35.55810945,34.33243425,29.32558566,15.2093151,0.80671826,2,3
16.60225601,39.35215669,30.23903401,55.88589303,15.83424142,0.483292059,1,3
16.70936402,24.32042525,27.05677668,28.4018937,33.42462407,0.965507553,1,2.567162368
19.18144788,43.77346728,26.87972681,55.84883264,7.653516212,0.117316009,1,3
22.57282978,11.78295833,39.94475765,31.16694308,24.54162549,0.133290381,3,2.131473133
23.97964647,17.54769126,44.34945238,52.73843846,28.53965771,0.348577284,2,2.531411179
15.84127662,9.207156271,28.70102676,36.08750493,18.86641712,0.206762199,1,1.41316037
18.93103908,14.48950283,20.97863784,25.56764217,41.92474228,0.696590149,2,1.544266715
16.00245564,15.74279654,20.91414445,32.46748995,7.554631216,0.946810458,0,1.473337674
15.16592481,46.29349359,38.98033538,31.21905395,43.96022534,0.08990451,1,3
21.61718683,8.514935994,33.80924554,22.9957031,37.54683468,0.242236333,3,1.627393253
21.02449442,24.23368041,39.58981644,24.4819365,25.08144705,0.237898148,3,3
16.63019114,28.95794093,37.43742526,19.32269607,46.60103256,0.509073064,1,3
17.33812833,45.44118742,42.68765873,26.80002786,36.60072334,0.452025442,1,3
15.23707754,49.89632984,42.14560728,41.22029016,46.89704073,0.726866206,0,3
23.34947206,38.90246517,39.70818489,29.32790844,26.26654007,0.732631221,1,3
24.74690596,48.68559458,31.879729,45.61616055,25.38378954,0.572754463,2,3
16.35459537,40.41955096,27.70316019,59.34890848,28.88341842,0.591022259,1,3
17.31475214,48.34411884,32.67566969,28.85505397,7.944201679,0.84231639,2,3
23.68409524,36.82718267,32.55179018,33.1319607,45.88224131,0.396936438,2,3
24.26463798,8.589354145,35.25688872,18.20550785,35.04726732,0.012342948,2,1.845938486
19.19627383,23.08640841,24.65243919,29.61076429,32.79135551,0.213030289,2,2.727766027
15.50622472,34.09687777,36.39049701,46.34162254,46.69085914,0.035362111,2,3
15.39391834,20.78233293,31.41502311,20.87023999,49.71367299,0.393496223,1,2.719950218
20.73949866,17.30227632,35.5051208,19.10270243,12.35270258,0.357835625,1,2.543786821
18.92895109,30.98296702,25.99012057,28.81874368,38.70486432,0.098629935,1,3
15.28652428,47.00758445,30.85987235,50.93247429,31.09753285,0.755025591,3,3
20.83252392,6.574184308,25.25503036,41.18285949,25.74487349,0.553060734,2,0.810893814
15.11302537,39.61540416,41.88262892,57.87896888,48.99256707,0.225701706,0,3
22.87371958,37.52272751,32.19902613,55.22702175,43.2618355,0.759126076,1,3
18.06432823,48.37790414,25.62453539,17.55685984,36.35374928,0.667931192,1,3
15.40258003,46.882005,21.03021739,12.12763873,22.22042752,0.19159514,3,3
20.88352221,39.30046529,36.89346662,29.95473671,34.97183619,0.982888331,1,3
18.97684414,28.41839441,25.36611785,36.10397394,28.92623556,0.177426066,2,3
24.73800413,14.1920399,44.73955481,35.77853076,16.22158024,0.771700264,1,2.166887044
20.44198663,29.53560732,33.34250934,16.70536339,25.26715954,0.968286483,2,3
17.75239181,39.44083973,27.22442491,16.24087161,14.54953856,0.72550218,1,3
22.09438865,45.30511457,36.44193584,12.34303779,27.51891319,0.665777069,1,3
17.71492003,40.53704041,26.88049809,52.5429963,37.41071342,0.903321447,2,3
24.04243291,13.78701208,40.50685735,57.3872069,6.649080072,0.269132194,2,2.020491621
18.74721971,31.98588414,27.70590127,15.78425101,39.44208692,0.27715575,1,3
20.49868563,19.94780568,44.70619331,20.65611843,5.89972964,0.641160389,2,2.957845633
15.50573104,5.414255033,35.12861964,14.49314424,28.27749663,0.88213778,3,1.126379159
19.26121238,14.00994211,41.11027872,53.87510856,30.80645182,0.617374148,2,1.923898675
23.3236354,10.09492925,21.82038674,57.93543668,39.25595568,0.977048756,2,0.668960404
23.05648805,42.92236056,28.70748543,23.08982884,39.24629705,0.222902309,0,3
17.24318559,16.63278135,38.43717715,25.1791915,23.78549506,0.825879603,2,2.279785657
17.26079071,17.8114086,36.37647543,28.13348422,7.98676299,0.927263648,2,2.248723375
23.17305312,48.19714573,24.85607804,35.12318797,36.20750687,0.427002398,0,3
24.3039842,22.05890254,28.90507326,44.12304893,27.99437033,0.961982527,2,2.247170943
15.95360921,5.431353806,26.58608519,35.21952916,19.98763055,0.20214762,0,0.976069118
19.50058639,17.77307668,35.33425424,57.55007908,15.56932022,0.952833933,1,1.903198385
18.37454279,10.36848113,28.61420574,14.99467293,10.38911959,0.902808059,1,1.389304212
23.70688455,9.626385278,27.72635605,49.93027561,18.28141237,0.066145872,3,1.354474704
15.83524915,8.486928056,25.18444951,26.72415454,25.63203313,0.521331608,1,1.160267107
17.11125943,31.69667616,30.22567802,28.8773844,26.49241257,0.528839051,2,3
22.52468338,13.52064756,24.88756475,45.44147219,31.22325191,0.056973427,0,1.698748813
15.51293849,21.25592573,44.06423968,56.46885549,21.31108562,0.03953116,1,3
19.92535381,43.79079723,23.86254529,45.81003893,46.39540412,0.005096781,2,3
19.42107035,24.09521629,42.83261787,48.79302877,27.31413259,0.524508843,1,3
18.34401179,46.20611075,30.71182745,47.53896211,24.06762681,0.463815604,3,3
18.94572315,27.4072124,29.44664979,26.0489303,7.167558576,0.940460194,1,2.991556833
20.29940587,22.94764767,25.78299502,47.84652166,31.9556787,0.342306316,1,2.50457956
16.61367358,38.76750172,35.89390836,49.22603801,32.12910212,0.658227396,2,3
20.71995878,8.292879445,37.13820038,36.67001603,31.24803335,0.007563415,0,1.696746089
23.05432329,9.026527234,31.68927406,36.83781193,44.94186129,0.663538446,3,1.258814516
22.6016093,34.33881713,21.39267239,47.98604015,39.33053747,0.913460024,0,3
16.53899905,26.9123321,42.96275377,50.85154311,44.03325288,0.354767957,0,3
16.4924947,40.56868626,44.50822832,26.8597721,7.674015061,0.314057102,0,3
17.68174368,46.23218768,30.77608538,50.07811088,19.31568945,0.626029865,3,3
18.61074726,22.4765095,35.34152019,50.71045033,19.34203747,0.328552065,3,2.754321086
19.08455581,31.8384512,31.25746566,21.70628205,34.5670276,0.402418375,2,3
21.79697217,27.53134825,28.04699127,45.84753727,25.18767719,0.273116541,2,3
15.56680432,49.1724795,21.93296982,19.32669609,39.98626715,0.344889206,2,3
15.34672704,42.39879833,31.40169326,14.65245565,22.2993755,0.679410612,3,3
18.91910563,46.02819687,40.45961391,38.7271506,14.97234098,0.922375186,3,3
21.97163692,16.44530394,20.42578653,55.43260994,18.09279807,0.583115476,1,1.479506108
16.93435343,39.76368904,34.55269208,11.77295118,13.21113768,0.010033449,0,3
21.41504481,16.94629512,42.01930272,51.32508188,13.90517113,0.263892562,2,2.450075837
17.59828138,14.393414,25.43873575,35.32356054,14.75775119,0.952238529,1,1.457944389
23.86086109,47.49197718,24.58139662,53.04477244,5.724262018,0.910321764,3,3
23.95689944,5.868698752,39.30691564,52.17384676,37.22396156,0.11564724,1,1.317538309
17.97287204,48.44249166,26.37716078,53.76434024,22.9821054,0.908417063,1,3
17.29993754,11.71678536,24.79960669,48.44369774,6.020209935,0.964529023,3,1.031630604
19.11303972,41.87471368,29.44973126,52.14961773,21.6503395,0.324571896,0,3
17.40531585,17.41651489,29.81255031,18.80126036,45.74156572,0.701006809,3,2.196887157
21.72383843,20.78160473,41.85252658,25.19265744,28.00599426,0.559982416,2,2.94132691
23.26064685,14.75409701,35.4610868,22.12430854,49.40384051,0.337049659,1,2.267678013
21.73092131,31.34813191,30.14903641,47.12141519,29.29817443,0.153335781,2,3
23.24350447,20.66429964,33.35969911,17.68215597,48.32595496,0.366920224,1,2.818138262
18.96992162,34.58268678,43.84913083,19.11138952,14.0810328,0.927796571,1,3
16.56316971,5.704129307,22.83036692,53.94823604,18.04706657,0.811248376,2,0.5
22.37950947,7.896869758,25.19288804,45.29410965,36.49865496,0.330674531,1,1.011171549
18.60474505,9.484751873,44.06321766,53.7689989,49.40697276,0.547675352,3,1.605721444
21.71270825,23.85471584,43.93312121,16.96776291,42.1383835,0.405961679,3,3
17.70643942,41.66582777,24.42913553,29.94902023,29.91673745,0.466237848,1,3
15.81229635,44.96800597,23.62772043,24.1575585,8.831867646,0.761210686,1,3
24.92581795,16.0164833,30.52712836,10.48405426,21.39705995,0.543006201,3,2.242875632
16.56201508,30.84663759,21.24295731,24.22614802,8.889156527,0.181044463,0,3
24.88420994,39.57642467,36.37258831,28.9791626,19.00766128,0.269035628,1,3
24.77279933,17.99732435,21.93740054,14.61098186,16.64564453,0.567793862,3,2.10097237
22.93818104,23.40534815,21.45074068,38.32437789,22.48498835,0.69281956,0,2.325905946
21.59422962,28.57883912,32.12967341,29.15863312,42.67744655,0.508120427,0,3
20.7780705,11.06936809,43.9446659,12.32308311,11.76695021,0.620210532,2,2.138422908
23.66101545,6.169203218,30.6698984,45.19894324,18.7728777,0.789376952,0,0.79257236
17.89439522,11.87626142,28.91202897,46.46399169,16.75027599,0.545391916,1,1.414024566
19.67681212,33.20841296,44.94891789,51.72357215,18.32637412,0.97719145,0,3
21.19389969,8.312821769,33.29922402,34.27702999,21.22805637,0.235568652,2,1.480701685
19.11190476,13.53633642,29.38103517,58.43293987,15.99402875,0.91968825,3,1.288827957
19.27486454,20.20342486,29.64652033,55.70320723,47.41615725,0.247659795,2,2.32769786
18.30284668,8.504152894,24.8739874,37.56758126,23.90457713,0.531644576,3,1.038050102
20.64231817,13.6264672,32.80557644,32.24759655,10.13509693,0.455906771,1,1.905736584
23.50574528,46.0071405,30.9713757,10.1517214,26.04463745,0.372883269,3,3
17.01528378,5.86846095,26.76988241,45.54972659,13.29943558,0.962734669,0,0.542310908
24.34433039,34.40443659,24.01350217,38.2477252,14.72587891,0.272301561,3,3
21.89087654,22.29840189,27.78097172,56.87720727,17.82686379,0.674869104,0,2.249665955
23.23273213,35.26919327,32.71708319,39.71160626,10.61419352,0.804068572,2,3
20.56190693,31.49112742,21.45833181,59.64280469,37.45035197,0.197006846,2,3
22.79516701,15.05744395,23.84360071,52.69096359,40.63759136,0.973152926,3,1.287044986
15.16200397,43.12442694,43.69143167,57.67989679,22.74282149,0.546640476,2,3
23.18380425,27.13731722,33.57138378,26.38313856,36.00466427,0.914490662,2,3
15.40138859,42.01412085,21.58623259,17.46679974,22.50294306,0.66388106,2,3
23.89913376,23.27056413,37.32719397,49.84360569,12.38347956,0.649426851,0,2.74814673
24.91962747,49.31084993,21.54507175,49.30985515,22.87256276,0.345586089,3,3
17.94067462,39.67202113,38.47185568,20.57244697,30.0644328,0.770590143,0,3
17.10318556,48.46775923,38.74906804,48.23723271,6.844744133,0.029786317,3,3
22.65363364,28.14469155,36.27697439,39.0986679,34.45179758,0.555820482,0,3
17.53026341,26.31610095,38.30511362,15.47625725,38.41735861,0.032139063,1,3
23.65562383,38.99542142,22.19914453,35.08917988,43.6986616,0.306871873,1,3
16.02842592,44.61310684,38.16951381,56.55690004,9.624675211,0.09629578,1,3
16.25955196,48.38656081,23.41720799,35.32287727,5.004211724,0.911591028,0,3
24.79151555,19.60483577,28.48764768,49.43494948,8.296986606,0.628260367,3,2.101592155
21.73838898,40.94170582,43.56863134,11.44549933,46.58525617,0.668510617,0,3
23.46887224,14.47905189,32.57188694,46.40407064,39.45000745,0.851128424,3,1.644029835
18.24329377,29.5508456,44.1856608,57.34186931,42.5946041,0.733032475,1,3
21.7648375,13.09316668,22.22306147,34.97638924,28.26562087,0.124195576,0,1.638223703
20.94241827,20.63288128,31.93891499,26.88549565,28.70239436,0.617538333,3,2.550294504
21.0315012,46.91112652,21.56005801,42.33252524,18.43275154,0.97817073,3,3
21.8253246,11.57408149,35.75525656,55.81306075,42.92388734,0.214115891,2,1.684061481
20.75359173,33.45804028,21.96767503,18.83848253,42.33963124,0.619713931,3,3
19.29062369,31.68294228,24.38419506,30.1847105,22.64771056,0.563614314,1,3
17.75922694,10.43322587,26.47075775,17.81451405,19.81701817,0.391646046,0,1.551713016
22.68581331,19.66905697,38.71859629,34.83271161,38.22679721,0.954635384,2,2.431880765
17.2627243,30.3341677,24.09905297,37.02110065,6.177566225,0.356400386,1,3
21.92354306,13.4230374,41.16580133,57.21018074,43.69770043,0.093680443,0,2.095555089
17.33332823,41.02806454,23.29759847,30.62575769,25.08115952,0.962542984,0,3
21.2533017,48.74704293,20.88111123,38.34783068,24.86049109,0.729220207,2,3
22.47078267,14.664173,29.87613547,54.2631287,35.10850313,0.342449876,1,1.748432257
17.18713889,13.41103842,44.48604105,26.07025001,34.05872121,0.280511625,0,2.423013564
15.59943301,25.47207823,22.75855569,43.70819345,16.96883297,0.928026665,2,2.404731079
16.30973743,38.64943747,22.5429611,47.85809244,47.4475372,0.273549976,0,3
21.05996967,17.67202746,38.77916277,26.52641173,49.38484907,0.537157673,0,2.525998551
23.49446406,5.894595891,27.80404235,18.21705928,28.66950564,0.214955071,1,1.226612872
15.44996821,29.35492826,37.93204043,35.1454771,30.26213592,0.995214614,1,3
22.34151259,48.04702555,25.00026474,27.84008651,29.94430835,0.769508586,0,3
18.41318646,22.60745849,31.50179985,23.32312159,26.86043337,0.56763494,3,2.793757159
19.7852837,23.90605494,26.63224694,58.67106553,47.53341742,0.745826449,0,2.318723179
24.2885955,48.60057727,31.28820537,35.10765094,16.0138602,0.916367967,3,3
18.31971505,36.25734252,39.22742731,52.82388469,9.858117931,0.963124194,1,3
19.65336934,37.36273653,39.05024851,19.76587053,46.82962779,0.786018884,0,3
15.13682415,30.32159024,32.89430719,56.97213824,14.58672414,0.849065968,0,3
15.8159872,48.85741449,43.20929609,49.72157173,38.71199091,0.397793925,0,3
17.58591591,35.9989918,26.59460256,50.43460781,14.17429892,0.391822995,2,3
15.27852241,45.27647382,26.00778378,29.48824376,48.2083707,0.808296653,2,3
21.31375326,36.47204896,35.34516003,34.28184965,40.60047967,0.759625139,1,3
19.26398357,38.08021212,35.53242586,39.66771629,46.34231775,0.900981704,0,3
20.48145203,18.0684915,21.16350099,49.48827681,47.79431691,0.133009694,0,1.950911567
16.74647186,18.65654141,35.19444281,52.4528376,8.799097292,0.690813119,3,2.168867299
17.95932029,40.23430923,29.36090393,13.90226547,24.50249851,0.647648234,2,3
21.63824475,18.35178301,38.68606313,55.20311938,34.16451517,0.79851984,1,2.173422625
24.65302724,30.32465319,40.20264161,56.87483263,41.11052469,0.024552385,1,3
15.50416774,16.22085399,33.80384549,39.64437022,15.8662285,0.826252446,0,1.939310324
23.90384321,41.76425214,20.04262579,19.33753066,46.15721867,0.326426653,0,3
20.76881201,9.972560805,35.90914525,50.92074164,14.94393481,0.687122131,2,1.341459107
20.63919567,42.32509879,38.72203199,37.42938073,43.97793807,0.616559572,3,3
20.00278535,32.12284102,26.22458166,50.85982269,28.07206608,0.440198321,2,3
15.69394086,13.41092907,31.61615003,50.74040633,28.19399773,0.746027534,1,1.514546744
15.89876852,29.39159235,44.14316559,14.33646578,21.8302527,0.96121893,2,3
21.00912006,17.71244766,27.45288883,40.35107142,9.657735414,0.32347498,2,2.121092856
18.40958571,19.55603006,25.57883128,34.15721496,20.61905284,0.748435883,1,2.092440624
24.17268067,20.81876187,25.27136976,57.3059735,24.20315217,0.314537045,1,2.193926922
19.06590537,7.849366114,33.97002086,24.8320646,26.55594754,0.84565314,1,1.246123424
16.43281459,49.3682758,43.74467753,20.30000531,38.25928807,0.437273166,0,3
22.14718834,6.419058266,35.21725323,54.8543428,20.84315497,0.449265734,3,1.042637973
17.93353421,34.81235929,27.58307801,17.43577845,23.29667871,0.771880581,0,3
20.25470307,21.70524415,35.96424445,44.32597294,45.7744371,0.496169699,2,2.677987984
21.97832786,34.07046309,35.62105744,25.00099069,38.86552826,0.266644618,3,3
24.00264111,21.03117139,34.92312839,38.39228777,6.028509628,0.995536934,2,2.385530074
22.92191195,35.31877908,23.98565517,40.81097164,41.5439941,0.620225393,2,3
21.76361068,37.81559793,35.86416998,30.8684641,49.5474766,0.645149557,0,3
21.79633182,36.07486882,30.75411131,58.74824901,47.28954836,0.646581918,3,3
24.45924644,10.12828916,20.46480147,16.5916584,42.61801548,0.883359066,0,1.087392848
17.95824097,34.56019556,33.49411218,29.56995445,33.31281863,0.183872006,1,3
15.01112094,17.59943973,44.73166863,31.51976634,17.5186455,0.059151505,1,2.906226178
17.71954559,6.296061676,28.74348977,41.55234745,34.44937751,0.386700512,0,0.978848763
17.1789138,23.66738024,44.13898046,30.36298791,36.30166119,0.564905181,0,3
21.61834585,24.50943963,22.40514354,14.85180057,17.67011725,0.285709621,0,2.906409264
21.337116,26.022836,38.3112529,57.37149991,16.4898331,0.689207004,2,2.961006862
20.93461383,36.71708744,22.85824987,30.80395408,22.86157366,0.073915979,3,3
15.16243443,18.89797141,26.83928934,27.13368636,33.85161361,0.790709471,3,2.11774852
22.28778054,19.18762309,34.27102088,32.33610621,18.18780212,0.71808602,1,2.3787256
18.23530412,7.724851531,34.81949235,20.82978411,30.0049935,0.213944787,3,1.617864663
21.65055989,35.90695472,39.38028293,15.01108423,45.46568308,0.298454239,3,3
20.56578429,30.55217411,35.38278518,17.42892396,18.27951462,0.807002045,3,3
18.42730925,20.72413007,34.84036761,18.33274135,48.46881813,0.773337843,2,2.663762259
16.34576267,36.73350405,42.80882717,19.88367191,26.30065904,0.813766157,1,3
15.94418898,29.18109872,31.30401881,30.99801061,9.540875194,0.322242845,0,3
23.31518333,26.11602256,25.63164447,41.19496345,7.476772718,0.969571183,3,2.569255179
24.18397542,28.00960446,24.04471463,41.4443919,20.24035314,0.715338229,3,2.8303379
21.49788047,33.63566564,29.99986492,10.00487848,16.64415305,0.065200787,2,3
16.03434115,34.70011721,37.81881888,56.04788334,42.96709972,0.477734854,1,3
19.02027217,18.00310186,21.06358712,51.14235903,38.19372896,0.664547045,3,1.658732644
22.289392,11.33345135,23.22633466,58.19690197,44.80458291,0.168650192,2,1.241262175
22.79820884,12.04853815,22.6528365,27.99931724,31.51640742,0.901768927,0,1.22907073
16.18218622,33.77258987,34.63125383,43.23996383,24.59557614,0.754108701,1,3
15.00030719,44.27929786,26.07161626,18.40103746,17.17555676,0.081431768,3,3
22.12137046,23.42733253,24.15648571,50.85165136,31.23989755,0.913198108,0,2.182833875
18.56596176,12.62840721,34.81926799,18.06838615,32.81111502,0.40436968,3,2.040614286
17.54481332,39.04711242,39.03274789,26.29928504,22.68264037,0.452469478,1,3
15.1289747,42.46202635,28.30387291,34.5417428,47.14679398,0.78310816,2,3
20.40299407,44.62620994,34.45511514,39.72658344,33.79795648,0.643997683,3,3
23.51150735,32.3074143,22.45311033,37.98165121,42.68665403,0.437528695,1,3
24.57631646,43.73278517,43.37977576,15.10480059,32.91758363,0.259624658,2,3
20.65744951,5.69367313,28.42240463,31.08380014,19.24415534,0.516895732,0,0.947494933
20.14461328,9.82561108,44.93764233,56.14546321,38.1478621,0.579179747,3,1.629438013
15.85056385,9.165923017,44.4646939,53.61842639,15.36145389,0.630932348,0,1.547098327
20.48872802,37.06721079,39.47058623,39.53917616,31.84742142,0.60506325,3,3
18.79979079,8.131180259,20.50167739,38.61622877,23.10648544,0.617303496,1,0.801693236
21.07135281,27.33639676,33.58687301,15.58375913,11.7448191,0.475737595,0,3
18.88726348,26.27181044,22.17091051,20.01297262,23.5958259,0.561887839,3,2.885137749
17.40299123,18.98165856,42.37845065,22.63198713,18.96263733,0.288638185,1,2.940141914
15.94965275,44.16823265,39.74090632,34.40978643,10.04999368,0.158374915,3,3
18.14918445,12.66949408,44.30850941,46.5678024,42.07227029,0.606935686,2,1.974753855
15.96644834,20.8608253,35.20957383,33.03626778,27.43621504,0.046998692,1,2.905872967
16.76896951,39.8377175,33.05432011,16.30305209,20.58603225,0.065206964,1,3
24.87336159,6.369004148,32.9743464,31.96744385,27.72339124,0.247315996,3,1.292712858
19.44103557,35.28276801,29.66120936,18.13166269,38.95624029,0.194327013,1,3
20.31871767,41.73789769,31.71725168,47.55736758,5.823292695,0.374113131,0,3
23.73618529,46.95205275,35.88531458,18.32504302,29.60382923,0.371288813,3,3
24.955689,44.43334882,43.32369019,34.12669948,26.56178525,0.116855456,2,3
20.82714449,19.37228526,34.89710846,44.67068013,45.18815862,0.24650301,1,2.530507168
23.12473821,31.38638636,41.42789856,21.4099032,30.01872465,0.00456917,2,3
18.26941024,8.478207192,41.56949778,13.80150538,11.17952791,0.35096381,0,1.919973686
18.05743957,16.60415016,32.9708169,38.1649738,22.49074469,0.796435178,1,1.979574919
19.02703721,9.240007044,28.68674104,12.71013318,32.94812174,0.266159988,1,1.62004408
21.72507263,19.18342806,35.98934683,39.38843215,7.067021318,0.643348146,3,2.402429306
21.82191689,44.38342461,31.14693355,47.67492688,44.80920938,0.098255179,2,3
18.15239435,20.62250779,22.03602168,26.46579958,8.050205332,0.012284672,3,2.525984503
16.33209924,30.28541464,29.44522751,34.41747045,6.376600753,0.498396522,2,3
21.32396256,24.50213817,44.85180345,56.43809191,5.090700835,0.461484076,3,3
16.28325862,25.65124359,21.21279675,33.55544321,35.76850212,0.191519198,2,2.840903553
20.78492508,48.63074233,37.4166728,59.82770307,25.51640393,0.286584956,3,3
21.93422128,18.32695107,41.02971763,17.85012057,9.62679624,0.030671407,1,3
22.00611496,33.22960113,36.21814759,45.44669512,43.52938352,0.797799877,1,3
22.53472111,23.90282013,34.24370578,42.63092991,14.12241233,0.301282696,2,2.954788225
23.72859422,7.751578147,37.68886042,53.61524068,19.68458715,0.219456419,3,1.385572546
19.99958992,27.01988742,30.73356843,14.6221606,12.99746632,0.804657701,2,3
22.3024919,41.60044981,22.28404343,24.01032958,46.7040334,0.0392737,3,3
21.19172735,9.443883591,44.05929386,16.60896129,39.11300524,0.284525817,2,2.104678966
16.8663994,8.131633133,30.80751925,56.65475611,37.57790285,0.262752462,0,1.142156829
15.25689645,11.91341842,36.63473093,31.33176623,6.979821353,0.262972614,1,1.96769557
17.84541386,39.39800501,33.28276092,55.50329228,28.52157669,0.011495759,2,3
19.43033706,37.57979229,21.3668268,24.72034972,30.89535965,0.934671719,0,3
21.17105944,30.4257996,43.81866502,16.31840507,22.2134378,0.864145199,1,3
23.49959331,26.07018818,39.81343065,24.82686365,19.47903126,0.414493057,0,3
16.96245717,44.97466166,23.72744736,39.85871797,43.33742871,0.445434935,3,3
16.2554979,39.50140207,44.54122191,52.26162959,6.035746611,0.524154245,3,3
24.63479947,41.53740131,38.4225343,29.26953466,33.14096817,0.478315873,3,3
16.08044559,41.59680356,31.80804126,55.74043296,22.74111113,0.779133691,2,3
19.7849107,33.92227196,35.28425141,22.21160298,34.96778065,0.488419929,0,3
20.85563729,25.61065809,22.66841705,44.67703437,13.90628956,0.188824671,0,2.775497032
20.41374421,43.91049887,34.01028775,46.78566752,15.73967096,0.116971887,3,3
15.86032157,46.67033379,21.8415268,23.69814597,31.4084213,0.918271433,2,3
15.57026914,6.071271947,33.62138143,11.34849392,49.09723458,0.048382659,3,1.59016364
16.05483427,7.319969297,33.81739222,28.2618671,48.86076123,0.897560543,2,1.127844394
20.85587684,48.14344836,41.86096963,12.25980737,16.20414427,0.690479192,1,3
20.44344888,17.47222762,38.12643751,55.03768877,9.605796365,0.404704686,0,2.265374782
17.33740792,44.30162478,26.23880981,57.67626315,31.56544571,0.187178449,2,3
21.37774142,22.49578035,42.21065355,46.7689958,23.89921736,0.310482211,3,3
23.20067502,10.35950259,34.33106662,46.33422927,39.27590208,0.529873699,2,1.452040005
15.4157896,8.619944009,35.15948696,22.04463347,28.75926764,0.656850944,2,1.485105493
19.98129944,12.04285546,24.22453423,13.69627883,27.97640627,0.691472425,1,1.529071019
21.89310412,16.24519377,41.4443399,50.10523179,34.09069407,0.447293712,3,2.2812982
17.52311927,26.98332593,43.27412788,37.95809658,10.68883002,0.373974093,0,3
18.07770905,36.56740553,39.37476624,44.08137654,35.47227783,0.768317491,2,3
21.13637903,49.38793594,43.51881132,48.9820534,26.98338653,0.925413437,3,3
23.97935293,24.86780345,27.5574976,30.47171345,41.90661795,0.914465011,0,2.643413958
23.0992442,28.31832241,41.52797921,17.2273295,11.24180752,0.551620771,2,3
20.83130219,28.48170656,32.22232857,49.75183997,18.53361721,0.079020318,2,3
22.30221718,29.274546,24.09793007,32.68828196,47.76108683,0.073289812,3,3
18.6482247,28.29832957,36.72001498,51.34621154,29.88827957,0.402755695,0,3
21.40965528,5.394863978,37.10300677,31.88495734,46.81854499,0.732853515,0,1.090976959
19.66181591,5.077616995,27.17311284,20.85082042,36.00657964,0.497344035,1,0.956351906
16.89936136,9.394984316,20.68733329,18.55025083,46.68941142,0.627362304,1,1.129892548
22.01738274,9.570047154,24.99618148,47.19608783,19.3021828,0.843319065,3,0.896590354
20.56464637,36.7203609,29.99443869,38.74445614,9.074019127,0.040335584,0,3
18.58621582,14.22122146,24.18907278,30.23014502,41.10087942,0.923816583,2,1.46421483
24.1133919,45.26213471,24.85074871,34.60583781,41.20109386,0.33089739,3,3
15.20934118,46.78728483,29.78476661,37.48193026,32.84720576,0.046787357,1,3
18.15773151,48.91520021,44.04466536,21.97082209,31.08065914,0.835428536,3,3
15.56881398,47.25865872,39.10608789,28.90827898,46.17086768,0.934154026,0,3
22.66527316,17.23497449,27.99371003,24.62057326,12.94243102,0.768622012,3,2.026104378
22.02107454,27.93995801,43.79010172,29.42119234,32.74420871,0.804515443,1,3
18.31352219,12.89547366,36.14116981,35.02811068,7.239677487,0.871308354,0,1.708317743
21.75662902,41.27943448,31.38624112,18.66787695,11.33892215,0.522363531,2,3
18.95937226,44.97942673,31.70750497,29.67575313,24.67725568,0.68046288,1,3
22.56253791,43.30799777,30.2686117,29.27472217,41.95433162,0.286451582,1,3
19.54183663,24.50151269,25.82480131,24.30019084,37.99097108,0.249700515,1,2.943125814
19.12279728,39.14032481,29.66580481,59.92481624,48.8328976,0.608942647,3,3
24.34729915,9.391062631,33.1974096,13.68137545,7.018189181,0.734607766,1,1.541568945
17.508791,6.811014678,33.20068377,42.14755696,22.16084985,0.397140558,3,1.167745078
16.2044734,38.89563864,39.04342256,18.72193033,12.14558607,0.40029108,3,3
20.84543113,24.14098734,28.96994643,51.97619946,6.663257782,0.954233568,0,2.382884837
24.69321812,49.79971691,37.91995073,55.7098268,16.89789003,0.518460394,0,3
18.77839214,9.376439713,34.45229597,30.07389913,16.00123299,0.986284276,1,1.292172708
15.62036764,43.50324567,44.04613511,51.17392247,23.90124733,0.862842667,3,3
18.39305267,26.59923795,29.63212315,22.49547247,11.30365436,0.639657651,2,3
20.05931654,42.2217588,42.53041161,17.00342537,26.98554107,0.009135593,3,3
16.61923007,41.7707277,40.51606368,25.79391332,46.40442473,0.295925162,0,3
21.58102218,46.21964006,35.94160711,27.08370069,38.66850192,0.417643784,0,3
24.97749389,18.40325051,36.36286167,29.86787724,42.89797983,0.65281491,3,2.427334212
19.51739476,47.74097091,22.11624837,28.6479471,41.2127867,0.395523073,3,3
18.54728557,11.82501322,43.75561514,30.55722264,22.53318514,0.827823885,3,1.921537657
19.00704167,8.688594992,22.67340159,45.50166829,36.90324663,0.662905272,2,0.838170233
16.15146178,24.42269828,34.08083272,22.27900664,38.94153077,0.347160085,3,3
23.83273601,42.27453359,28.25177001,10.92877979,14.25416476,0.784434047,1,3
19.14825656,26.30395088,30.74629946,34.48402757,43.7118065,0.303090314,1,3
18.87274411,42.31790049,35.25457527,32.41456221,25.59863293,0.062786607,0,3
21.59690273,37.83590626,42.72128445,13.00324949,5.736188278,0.172556286,2,3
19.42033421,14.42427738,31.43917809,16.69007008,33.95228489,0.002740493,2,2.322129393
21.48233469,47.69967312,44.69323888,35.49604473,35.45433914,0.83235028,0,3
15.6144629,7.735152588,34.82030163,21.737538,29.82930335,0.627108496,1,1.403262352
23.13723344,45.42258684,24.01384857,53.87991471,14.55868854,0.570569311,1,3
24.40503953,18.6999552,24.75023237,18.66462432,26.70251123,0.662048255,2,2.177332896
21.48765386,27.50666374,37.90277589,11.00613159,23.00573526,0.653598325,3,3
24.54565929,24.00583427,21.25994486,32.37818847,48.86087332,0.565499941,3,2.502716401
16.51432314,12.73255506,32.00853941,59.30815553,42.11052956,0.842410046,2,1.325920242
19.77416189,21.11660899,23.70547775,41.69362632,39.28548223,0.44094701,2,2.264433722
21.01806734,13.68204963,30.83046588,27.70148606,13.14831664,0.804809447,2,1.716467575
20.81736647,14.1748914,38.74793555,10.84340057,19.89680078,0.786633685,2,2.207336143
19.01461779,13.41755762,31.47032321,34.24742199,22.0870326,0.199504836,2,1.948539898
18.38084409,27.00578212,24.08627772,20.32330011,27.16823895,0.45376338,2,3
16.26824023,40.90691154,26.29813426,42.38770427,6.360103043,0.834932224,2,3
18.91742451,30.60365152,29.18848972,39.15042469,31.68541526,0.830855192,2,3
16.62660815,45.19429648,21.73902959,23.26068877,21.10354448,0.024006562,3,3
22.34365676,33.64450199,34.6084409,13.44413671,30.27547154,0.223050122,0,3
17.08830935,36.0203052,35.18834478,47.7509599,5.404027292,0.423874397,1,3
15.58565305,35.04232534,21.55379818,39.27320473,19.46449125,0.047154353,0,3
20.52366138,25.22566369,30.05778303,52.10631248,39.58997252,0.260624623,0,2.873117034
20.95229733,36.020247,30.35001707,22.99000078,27.54866986,0.258299839,2,3
23.71913061,8.136848591,28.34548921,42.64310324,40.49992978,0.214568382,2,1.224819276
20.76981612,43.69331624,33.94349351,15.93402503,36.45321766,0.396658979,2,3
18.45480854,40.00154645,28.64893725,24.5904954,43.47142588,0.813010774,0,3
23.03011882,16.03534812,30.41023199,42.82695559,5.334961485,0.244113641,3,2.066882835
20.40278893,39.56146044,39.93808869,51.27906526,16.75964713,0.582067312,2,3
15.79280285,5.568917063,24.05273389,26.04627509,29.6960777,0.55757806,2,0.819397721
20.6585056,14.77609576,35.47786738,49.94267783,47.34581345,0.817924083,1,1.751816336
24.08018545,7.93117574,32.63986004,43.88762301,35.59055811,0.393999406,3,1.245236976
18.96312625,40.11021125,27.62679094,27.43373858,25.54649538,0.223568618,2,3
17.96325802,39.0143368,38.18836641,53.81984689,10.85635987,0.891520649,3,3
16.43469457,41.61362107,33.77970899,35.4614533,27.19469096,0.832947063,1,3
16.51445522,5.2016762,31.93403817,42.41234113,24.84891376,0.62150368,0,0.849760308
19.32771484,27.5554727,36.69173287,34.7815671,40.02994736,0.093239376,1,3
20.95679824,36.71762889,40.0572577,32.63599802,23.60068882,0.016117829,3,3
15.80615405,11.99305079,44.31671975,52.39888586,19.34771337,0.182624621,2,2.061227902
24.39568589,34.24058274,35.73375921,24.73522075,9.037385711,0.196638558,2,3
22.55133617,8.784954469,41.86099964,11.83146112,7.092547877,0.136247417,1,2.087423781
20.86623918,13.15966352,20.02728853,53.98913218,24.76104924,0.262181371,1,1.312560629
23.28438671,26.41085667,33.25589232,51.25119765,20.60878908,0.337888561,3,3
15.80186757,34.41043187,25.36618872,28.32802373,29.98958763,0.7544384,3,3
19.76838878,11.56411071,22.35481143,19.27255694,37.03677967,0.709522139,3,1.354084814
21.30093127,13.33504989,33.29927543,43.77668215,6.800306611,0.104379322,2,1.953524354
23.28652906,14.20008652,38.67066265,13.93804518,27.32976994,0.977106974,1,2.081096802
22.8346956,15.74153621,30.30681306,31.18773778,43.78873524,0.752139254,3,1.896433718
17.7706925,15.19492318,36.75268623,14.29311608,25.48249638,0.163433259,1,2.519934069
24.4088017,22.78170988,32.24298135,39.89548377,28.45589949,0.124496571,2,2.89173391
16.24345841,34.42053429,30.92714665,11.36041919,26.90563283,0.087546886,0,3
23.75133619,24.71143024,27.25641601,41.46191878,22.54068133,0.731788667,3,2.599176703
24.7094025,39.91882589,29.56483786,43.66027866,9.955378577,0.23628656,0,3
16.77153523,37.36708277,28.74489077,34.35722373,10.68602971,0.072967995,2,3
22.22066064,10.69371113,36.1546796,18.75036646,13.05901588,0.421827609,1,1.876109631
15.40285519,7.197873049,22.90046278,15.06969693,40.66540884,0.708698431,0,0.978089879
19.05422825,44.50737038,22.31590922,25.66461741,17.38995353,0.304556416,1,3
20.16283299,8.592397995,36.50032486,33.26033398,47.66557018,0.482645572,3,1.501991169
20.80645226,11.67526313,33.65745175,42.11041584,41.45765749,0.192674968,3,1.771999729
24.35937248,5.9959974,30.75500242,10.06250638,35.80433007,0.429148521,2,1.309567163
21.72250687,33.27513644,23.81107211,45.55319596,37.41771332,0.358942231,3,3
19.81277951,31.20667534,30.2756778,45.63559661,7.143449391,0.433918415,1,3
23.09675036,49.41066499,39.74329408,32.22689032,30.57752151,0.465711599,3,3
24.50532821,44.91195783,42.24053089,27.17032229,47.34756095,0.092298842,0,3
15.22066149,23.48794299,37.56441425,52.11542823,6.759958253,0.093368352,1,3
24.82521272,21.72136284,21.4978044,49.2293741,18.09574333,0.260610584,3,2.266130731
15.86132139,18.35834154,36.76024442,59.16380443,7.318017146,0.115758354,0,2.411658413
23.14386779,11.8583114,26.02463974,28.59654027,30.638371,0.252784314,1,1.640961572
17.80334753,11.21376455,27.88128108,55.34163024,10.22902822,0.024543984,0,1.485064196
16.32179658,10.95276686,24.8968302,14.37009429,26.56625703,0.350739411,1,1.606100378
19.3985564,10.13516407,39.39389477,30.57330331,37.39772466,0.2134102,0,1.9142081
21.43956579,15.82304191,36.21505307,33.26870594,12.39973407,0.89214635,0,2.010712392
18.80951845,18.80008836,35.29587636,32.04371581,38.99139967,0.858157595,3,2.307022093
15.54565408,48.2710537,36.69931524,41.25490942,7.709200788,0.30041884,2,3
20.9946114,31.0312963,25.91930654,18.51039194,11.73310161,0.475485115,3,3
24.02403276,49.44180985,31.11611036,53.32260859,17.60496634,0.955792105,1,3
18.83215366,21.76101265,35.83134304,37.58820093,40.82445803,0.524096374,0,2.73254917
17.16332778,25.59319847,35.91485069,55.2104774,43.25616001,0.84843327,1,2.780160127
19.42577346,19.60603966,39.79629657,10.1315822,14.91709165,0.826374777,3,2.772643975
15.48362711,13.22994429,27.17759917,41.49940568,9.310272149,0.941288972,1,1.343275858
23.20487584,11.44241185,39.25840304,30.62289234,43.15792021,0.305700643,3,1.993775375
23.26340811,47.5285639,31.00461202,35.25495309,34.22153469,0.043445676,3,3
20.88000463,49.40648068,36.7543173,47.19022554,12.10349464,0.103953734,2,3
18.53102889,7.020927343,31.3929845,21.35758742,30.09725533,0.571297519,3,1.249300917
22.99783364,11.76556436,43.71525424,20.24497176,44.25671448,0.530277972,0,2.166142874
20.54687025,24.05858415,24.48255662,45.15039089,8.128172392,0.298453033,3,2.621213211
23.25932309,13.38500644,36.87512721,36.06828795,8.767455514,0.248713297,3,2.082632023
21.31458793,21.37461771,34.41337502,21.6819549,17.31234923,0.70938143,0,2.713064008
22.84405473,10.80933574,24.31827602,34.20093173,34.35180465,0.340502872,3,1.379282022
20.98562993,25.54302905,21.6501584,32.97792029,13.01038293,0.603951786,1,2.644219756
19.14141068,17.22625773,39.97860972,44.57222137,41.73652419,0.712293587,2,2.25337709
24.5794586,20.83572751,23.93628334,10.13305518,38.76935796,0.430465377,0,2.564885622
20.41113825,9.244069316,24.66266707,39.33801329,30.24521841,0.193406265,0,1.256412568
21.05089519,24.26576228,44.4608556,40.28390753,10.2230467,0.860780161,1,3
17.20487639,49.24659249,37.93152129,47.27550686,49.46989227,0.093530949,0,3
21.25650789,19.79748711,26.26217104,54.4615233,27.05151333,0.829470683,1,1.895803838
20.71607649,44.43931737,34.773724,32.00948986,25.34329165,0.836679576,0,3
16.84838398,42.94396137,33.35279596,27.12601122,49.80060859,0.570999265,3,3
15.59587097,47.84262882,41.11183169,15.11601888,43.87407186,0.629476051,0,3
21.0435932,40.55492805,38.2330187,26.84179224,25.53654803,0.358017061,2,3
22.63692269,34.68185722,40.79302814,13.42423322,23.84613437,0.841584222,0,3
20.23401371,43.54629999,25.2876647,50.14101027,9.315922216,0.263703686,0,3
17.26772625,8.40401063,36.00548011,50.35030739,46.69302859,0.559776064,2,1.257192628
21.66521977,25.82737957,21.00602146,30.86188286,42.96986815,0.001794835,0,2.973422426
15.80105727,49.51653074,21.72351531,22.98206169,18.95011218,0.939843106,1,3
19.41833705,39.63200681,37.83817582,15.90100377,38.89945794,0.948296524,1,3
16.63366758,48.29339201,20.61050257,52.5618583,39.32282418,0.710416685,2,3
16.84459051,40.08354603,34.49412522,53.87476392,15.25598228,0.423239832,3,3
17.02293949,44.36968853,41.01012746,23.31448073,32.61449615,0.178611101,0,3
18.86707057,36.79383345,29.49854521,41.08802742,16.47629615,0.492462886,2,3
15.51150206,39.2225902,21.12101092,22.93268324,40.54487234,0.791410472,2,3
18.97793441,28.54301044,37.84618624,21.25633136,11.92143661,0.605273622,0,3
20.11707447,46.59069654,43.24216131,11.06040253,35.10076994,0.527496571,3,3
19.83294285,42.12675098,37.9292848,38.85797088,19.67052702,0.849444213,0,3
18.827841,42.97482345,34.46118108,17.49707716,6.628192589,0.313133936,0,3
23.39146608,35.28540954,25.75072075,10.61855914,10.56670899,0.85996397,2,3
16.45326692,18.70609762,20.3843906,15.24255822,34.47046122,0.439453403,3,2.177937165
20.05696744,6.603340793,37.36680271,25.68845958,15.79614364,0.002413831,2,1.647802658
15.62041417,47.10448082,25.7756544,43.45815951,33.39659177,0.731942008,3,3
15.71155679,31.3754157,41.45406693,20.13115267,23.66699747,0.877843385,3,3
20.7386585,18.4164337,31.65910297,54.37952813,36.17210587,0.484360839,2,2.110971102
20.66018425,11.71107985,33.26588956,24.42442052,27.182688,0.454747869,3,1.808352831
23.78033513,42.32854245,38.84841361,26.56131447,18.88461937,0.805448426,0,3
20.57873676,42.64340875,39.4857652,20.898859,11.56186309,0.884774747,2,3
24.5979102,41.65285857,36.06627083,22.69026685,20.34942136,0.974420106,2,3
15.48694848,34.02872114,43.46079539,13.70675573,33.57023351,0.345650291,0,3
15.98007685,21.47069244,44.55746091,24.73852894,38.32130773,0.594688767,3,3
15.44065862,18.68316282,43.67213611,52.98087298,12.21528537,0.822918345,3,2.38278625
16.8527685,5.384964655,40.60447963,44.42122707,34.8922584,0.531851924,3,1.181840888
20.41270111,42.51234014,37.64063051,53.76341019,13.06757793,0.461853333,0,3
21.45572181,8.934471387,36.58314645,15.24295072,14.98187046,0.571932081,2,1.674489806
15.45585158,33.38397491,22.59375442,32.78083154,28.90927581,0.356866999,1,3
24.4597089,27.68337261,26.78710867,21.46274365,18.01410359,0.192076094,2,3
23.42165377,28.70102115,20.14220559,46.06077953,34.77179486,0.066631113,1,3
17.96612482,46.70207804,23.43524676,58.51189124,48.00994809,0.609980764,2,3
15.7718753,6.422675507,30.98073693,50.76797395,11.70014906,0.379134361,1,0.977711861
16.69887073,39.80265011,23.66341377,11.76390834,30.67298745,0.882953003,0,3
16.26944414,7.342357927,42.54158537,25.83298473,46.54846322,0.222959179,3,1.782479201
16.23283779,6.716912267,40.14247963,11.42898452,12.94380395,0.31071165,0,1.740128211
20.18561689,24.34179642,21.7902978,12.00834835,21.50829065,0.970506236,3,2.5551863
17.45847442,7.838382845,26.22284289,13.97576521,10.56275757,0.556291205,2,1.240029793
18.58139717,40.51147781,40.47679712,23.81634645,33.89169732,0.346753043,0,3
24.89505333,28.83033921,40.07615316,25.21013838,35.11143175,0.860894324,2,3
21.84314249,6.30674522,43.63626375,30.02267566,34.88820437,0.74337509,3,1.413302346
24.48980667,6.822530892,44.93869404,30.24655472,29.39571718,0.573142934,2,1.591172543
16.42556555,32.57008384,44.40675158,48.57045059,38.58173905,0.889099691,0,3
18.82139475,41.27503179,30.25344964,17.07016218,6.614478337,0.093961524,1,3
20.54731803,24.70097891,26.2582111,17.88703079,48.08810694,0.394493944,3,2.969254314
15.76758062,29.95613022,38.96025476,41.32945258,14.99432936,0.810550104,2,3
15.04187444,40.99232543,27.48182232,38.58710761,10.47028859,0.385942994,1,3
21.70434334,32.47277783,40.160009,17.70023527,47.35112193,0.926736527,1,3
21.41819517,15.11421069,33.34886826,52.61322134,42.36966124,0.152521128,0,2.020657234
19.1078881,32.58734116,39.84818188,26.45297071,39.41916887,0.336637306,2,3
19.89644076,33.27257566,26.89699699,28.34836743,9.713556902,0.425742562,0,3
19.15443001,38.03481414,32.70068289,31.02300404,41.33881462,0.686962086,2,3
15.24005045,32.93933844,34.10059484,26.13509354,32.40605854,0.195349482,1,3
18.35371606,48.61589587,43.57770169,37.87275261,37.9358875,0.009863835,2,3
16.77082255,13.87797389,26.66493942,29.43238616,49.01316259,0.976509314,3,1.494050185
15.98424189,47.79908058,43.41720598,22.9717363,13.74985297,0.898757099,1,3
24.56720434,29.22527707,40.12147289,55.22374339,27.69718824,0.300222085,3,3
20.99359725,35.23802632,38.27235135,25.41753701,38.90083759,0.48348084,0,3
22.28656284,9.475771885,39.67175673,44.92444627,24.51453578,0.48892021,3,1.576264512
18.15363743,22.12591736,35.13562615,27.36133852,7.459388731,0.869225556,0,2.675553111
18.93147129,39.62206159,26.10200026,31.76099934,10.01475045,0.597060141,0,3
17.36923994,36.81099568,24.73737422,21.79717617,32.09413876,0.826431023,3,3
15.96965671,6.806272467,41.6585359,47.61648097,17.82518659,0.911994151,2,1.137083225
16.79031637,29.59674186,38.12848506,46.86016257,11.20282913,0.565953132,3,3
22.97514045,8.972518684,25.33010707,11.11199729,20.29513989,0.285482468,2,1.487727564
21.77545805,49.81353931,35.37733415,13.00970202,14.04414194,0.498707806,0,3
20.46928876,45.37834648,31.18866204,56.11882274,6.077275996,0.850869609,3,3
19.75089873,5.948629719,23.96637925,54.44134236,11.83162949,0.583619174,3,0.557519269
24.22434284,43.63923105,33.29642773,35.30435964,44.73850824,0.895721907,2,3
15.72734948,46.37433203,27.03797731,34.66786958,5.541677713,0.895436009,3,3
17.80600813,20.90967002,22.4061031,50.62120872,39.82326366,0.37335962,3,2.144945208
18.49937854,37.37757448,31.67395746,16.92250734,38.90574976,0.448113896,2,3
22.82425812,24.89466858,34.7527138,42.68495607,30.39069598,0.67791376,2,2.882084211
24.9251462,34.48546181,21.17266026,33.79914972,14.38014946,0.111064455,1,3
17.40670515,20.31428319,30.05231874,47.16655147,44.51266509,0.465557217,2,2.328728154
23.74307334,19.51516565,26.441548,11.50513957,26.3784006,0.149385445,0,2.64315738
23.3062276,24.099525,20.76626477,39.63627749,12.79428031,0.847956184,0,2.281820459
17.24657398,11.55054914,23.14156374,37.83641076,24.30601666,0.942784431,2,1.076684049
18.9933258,42.4012534,23.47585397,52.04241648,13.77127525,0.141548876,1,3
19.09672869,20.69140529,24.5718562,43.84181488,21.92035285,0.667341425,1,2.116113541
24.78220669,23.00672993,40.08443929,54.00801792,27.3509497,0.636543229,3,2.778469175
16.80891901,45.23245757,30.98729666,54.36366608,21.19554004,0.760074801,1,3
22.99157971,27.34807163,23.67714981,30.40820004,34.56699233,0.695779653,0,2.872073663
18.34192714,29.49142592,22.50742417,16.87170669,47.11630118,0.217129035,0,3
22.30870346,48.04241561,27.44851147,41.51418279,20.66672064,0.291212654,2,3
19.20011004,44.90268724,39.95038797,53.68730492,21.00827812,0.165232216,2,3
20.78359763,12.6260019,29.1114962,13.74766721,38.22361118,0.921143999,3,1.634934725
23.32611773,26.29467635,23.99743401,37.89616365,28.87659192,0.521823465,2,2.789508732
23.04165565,48.70833023,30.10290454,15.74997633,24.29777478,0.976161152,1,3
23.66423184,21.75648342,33.88278893,11.34979959,41.62136848,0.449321851,3,2.966915718
15.59617325,21.72078988,20.73960459,43.9817677,45.09662302,0.552723171,2,2.147219879
21.92050553,13.77636043,35.69104504,44.09248059,31.57639727,0.789293922,2,1.731765777
16.39987377,10.14454014,29.87751883,40.03290225,13.32964727,0.79722366,2,1.211430455
19.15818568,38.31371558,20.24314688,52.9611402,25.98286501,0.231149592,2,3
20.48588415,39.65137109,36.84723497,14.04382199,27.6966798,0.288282866,2,3
19.02739485,48.60558336,37.80969089,15.26301308,24.44933107,0.097806838,0,3
20.19611676,39.80381949,35.72099471,53.2267719,16.80943455,0.805464502,3,3
24.96526309,15.95086223,28.54825544,35.16383599,26.25448135,0.793861522,0,1.798125617
16.35217314,6.805246023,33.24012135,23.65264044,25.09457684,0.081258808,3,1.511372839
21.75456045,49.3446823,29.67894265,46.9078489,14.42720858,0.257432591,1,3
18.96000966,20.3202813,37.51554325,54.72018613,45.65437936,0.44986701,1,2.510410872
16.33009799,19.03871941,34.58950466,44.48016431,44.84034279,0.541778944,1,2.341164315
16.58736763,45.76798444,22.04497785,49.59662983,39.18273928,0.522544219,3,3
24.49273106,31.32949543,36.07733896,24.12486201,23.04259599,0.983075288,0,3
23.79601497,14.66920282,37.18096036,24.43876797,21.66538586,0.76412545,0,2.079835223
24.0704196,45.00933092,29.26755452,53.20619402,37.24094198,0.113187822,2,3
24.91532776,49.70123848,41.89464452,40.74314243,32.36536558,0.293502378,3,3
17.0831539,8.900535252,41.07535887,21.70813758,32.02692458,0.345427237,1,1.86943716
18.55439337,43.80132327,24.3791631,36.20809077,10.58501874,0.315148067,3,3
21.6921903,22.5732064,42.60665771,44.29302357,32.82277011,0.785945656,2,2.841639499
19.8380254,28.58326009,31.02180929,20.92745406,45.5838355,0.360561265,0,3
19.18389533,46.16671891,38.09374132,42.74532041,8.86174118,0.492426719,2,3
18.57811249,48.80206381,40.35242517,12.10724249,20.26270846,0.533454168,2,3
20.93780632,16.79737597,32.62781053,25.18458115,27.90564312,0.270423673,2,2.380273633
20.75593429,14.57828469,29.97754848,43.69859059,35.87042727,0.322695797,2,1.858746281
16.61457834,8.623245137,42.88628422,17.46745327,9.03357183,0.779997569,0,1.727194004
19.71739838,30.28090337,25.77133882,21.10995153,44.2762787,0.866682964,0,3
20.53471776,5.612197795,26.42425194,53.95466452,6.824552918,0.037080103,0,0.883941481
20.70286939,23.53542339,29.04050785,43.71605497,43.59603501,0.60515456,0,2.581821438
17.10107193,8.302280749,41.48664445,34.94593551,6.244329014,0.633435512,1,1.546939112
22.42271392,23.23516023,43.46970661,20.54466961,11.90854869,0.737309202,3,3
15.25199095,6.796948517,25.50169287,27.07048283,41.01457222,0.693846773,1,0.912123066
18.54831856,42.58477673,41.59675369,38.71652491,43.70739967,0.877424491,2,3
22.80212649,14.43825473,26.45507399,17.7656297,49.20196232,0.078472312,2,2.108768819
20.63892921,19.77389197,44.26603117,34.08720399,10.20716728,0.388372239,2,2.91786541
17.61162433,44.15215985,34.9351973,30.44871971,28.69030022,0.782089448,2,3
21.94953119,38.58197276,20.17716169,33.83436707,8.472012194,0.846580012,1,3
20.67390944,14.85672627,20.8532476,15.27804106,12.03834317,0.264768438,0,1.895616251
22.96243609,8.23547384,23.68711327,15.32485435,12.85222361,0.585284044,2,1.167227261
22.35025186,37.20531996,24.68932895,58.20554764,7.852471316,0.180765015,1,3
21.10107922,22.58161478,39.19047807,58.96838669,45.18409127,0.85089435,1,2.549379705
19.88177675,39.47359996,25.56914691,31.3082329,10.68599831,0.730430149,2,3
16.33182126,25.03826476,44.2285405,49.44977268,33.32033794,0.222065079,2,3
17.61333018,20.57010858,35.90280143,42.78957135,33.15861791,0.623773153,1,2.513988616
19.19099473,25.30424337,37.31293773,15.84584273,13.93903424,0.509320376,3,3
20.99299287,38.68515436,25.44541298,24.83393287,49.92850676,0.258826731,1,3
20.13707855,45.59991289,42.31765785,25.68257043,20.63154979,0.893122601,3,3
17.88184526,7.239523846,36.69536432,39.78872174,45.72924669,0.147839298,2,1.475324329
15.06464358,28.58501936,41.61014061,38.99883562,47.67281295,0.467459803,0,3
19.96239222,6.477594309,43.91202743,56.17543469,47.70449664,0.582798285,0,1.258340189
17.85625989,26.07842953,23.14102443,49.5018157,38.87769144,0.823545646,3,2.472419453
22.34608301,44.83772731,22.41468076,52.84238323,16.42122524,0.150179912,2,3
15.23946265,21.27156199,40.08519566,54.56143068,10.42949083,0.609174608,2,2.613127777
20.84827811,46.96026895,41.65315148,50.06383363,30.64482397,0.006559744,3,3
24.41474238,33.37738122,34.59403552,26.64406305,21.2017609,0.822581314,0,3
16.74409267,47.03699047,29.15001369,20.75064857,42.39675553,0.234732449,1,3
19.71649491,39.07249814,36.3157409,38.5883669,38.52455237,0.720915314,3,3
15.91421992,9.654582499,27.64160181,44.47841582,17.44107333,0.601877789,2,1.141121924
21.25681912,15.40181154,25.9596423,29.32839845,5.765685516,0.050127383,2,2.087154888
20.50531681,22.73767046,32.20363024,52.4169325,15.67920915,0.183230016,0,2.731437054
19.07365524,12.65480969,25.40384569,58.02832964,30.52020129,0.267740696,3,1.398122181
20.21377021,27.27102221,32.09259021,38.46978631,8.55488625,0.886727688,3,2.968793521
23.96574658,26.21156701,43.91516264,32.82960311,34.62226699,0.480803389,3,3
16.96294302,48.03166391,40.99460089,52.14435585,35.22633281,0.913503218,2,3
15.22564512,24.51775473,43.54077299,11.21347735,12.62272651,0.047449901,1,3
23.61664885,40.35320619,40.15822437,16.45063079,31.83432053,0.006563874,3,3
20.77117082,47.38597452,28.8687734,52.28288295,32.31371426,0.948246621,1,3
23.90658455,44.46449739,40.30113096,46.60142928,26.50901659,0.723916907,2,3
20.96945223,14.3900431,43.07289359,30.80683491,47.89606134,0.783316798,1,2.175040682
23.1016109,27.32134524,43.6758947,54.44259289,9.867343113,0.915805614,1,3
19.29673363,20.6482902,37.07994627,27.57291438,23.29815509,0.984538692,1,2.532828739
22.49859931,22.99364128,25.2841661,41.69226789,44.73143475,0.097712168,2,2.676390902
24.13041467,21.23630718,20.99322883,41.71672352,22.38413079,0.158291344,2,2.327092105
20.72122964,42.18616446,23.6800057,19.21659463,24.10878241,0.188573449,2,3
16.80785151,25.34625748,44.13867295,24.24258681,35.07232462,0.818417659,1,3
17.68797615,28.56624495,31.5524206,55.80034613,34.95035973,0.355549913,0,3
16.98644577,49.21013107,41.37465037,19.17074269,6.03058813,0.593271447,0,3
17.46857028,7.699067249,31.62610384,18.67873109,25.50638418,0.855221912,0,1.209711919
18.06415449,26.95809379,36.52043959,33.98077369,20.00803301,0.68315984,1,3
20.55133787,39.83277681,20.60351943,14.60986841,33.24628612,0.065415394,0,3
20.87991629,11.80228812,26.24662357,54.73130945,30.00660421,0.445673857,2,1.284966241
19.26499747,32.51892176,30.906732,15.00745692,34.28877322,0.067500052,1,3
21.1542078,15.77591508,35.76577618,40.82787384,34.41953239,0.478843545,3,2.122083536
15.81574926,44.0331851,24.2880297,26.98909282,16.46923376,0.219302715,0,3
15.87788237,19.71948494,39.11378661,50.21364427,16.09091441,0.0013082,1,2.772950839
16.7182946,19.80782676,29.11011765,39.49053729,21.66270778,0.813151792,3,2.149638662
20.18077498,31.91872453,40.43588173,29.41530705,15.88813072,0.969382844,1,3
17.13994679,13.26033087,22.44922726,59.19364923,35.7263635,0.964132682,3,1.000337829
17.83284403,17.81998875,36.99391469,13.31154942,32.12896889,0.299185194,2,2.732421274
19.00312836,23.74843326,27.33320833,38.88931516,14.7374153,0.82877361,1,2.482670313
23.11866124,20.91370384,39.88457935,59.47841558,44.7847164,0.678776901,2,2.486683756
15.13862136,28.61947481,30.05426068,44.54763216,25.72981768,0.80007639,2,3
21.4937882,31.98380648,36.63374081,46.98848158,10.71739505,0.846238048,3,3
21.68876531,30.50003542,43.35763172,11.60455723,14.58345146,0.980278739,0,3
22.9865578,34.43757404,20.5156658,11.06815815,29.29327534,0.151729638,3,3
24.32752939,18.84872825,20.27791956,11.8055056,20.22908074,0.769746024,0,2.057875409
15.20137849,10.68918022,39.2569813,59.58619511,43.30498715,0.734153604,3,1.414545313
16.53783706,39.23633936,36.15982629,58.97598804,27.26309333,0.287735838,1,3
23.86171294,43.28511722,27.32449301,26.72544629,46.18826602,0.392587556,0,3
19.58518562,16.56528045,32.35991757,24.54909081,9.582191642,0.176758048,1,2.401322032
20.64590639,23.31913803,21.04839164,17.29793728,35.08669098,0.913273193,3,2.403910888
21.63027204,27.43561476,24.81114013,26.45701496,44.86031836,0.879335725,2,2.866361469
21.79066604,28.99970792,30.61240936,28.50749653,18.1818714,0.614035015,3,3
24.31740403,34.6770577,40.85111041,47.41414084,11.10594183,0.51163,1,3
24.96949417,6.872145501,31.99167957,53.31467765,25.54901321,0.23288836,3,1.104012912
22.20157461,37.46646872,34.65906261,47.33675599,48.26004018,0.789603557,2,3
17.87221209,7.788695314,41.8438448,42.32375505,33.50578665,0.008204912,2,1.746324351
23.79752402,26.07298555,27.72047284,48.2950039,33.9789637,0.462786692,3,2.816970931
15.49220915,42.2452011,37.51748303,46.92487396,35.21755645,0.860551177,3,3
17.31080853,25.3046891,41.54168147,33.78748469,6.789261902,0.618485334,1,3
23.97385717,11.70903869,25.06539252,26.79257012,25.05424106,0.635122842,2,1.420929831
17.56191514,49.32652303,28.91195413,24.13903584,8.49074047,0.070707426,0,3
17.2065106,45.01784579,44.49525435,43.96777298,19.21364732,0.286704729,1,3
16.38125293,39.7091135,44.58046412,57.96520622,41.9719561,0.673862206,0,3
23.59111758,23.51802213,25.58074826,39.05273595,34.53214774,0.049617301,2,2.789157812
20.00058259,13.27305771,21.66114597,55.62632512,49.80077144,0.330935753,2,1.327612842
21.74893203,47.36350316,26.77304028,10.71146855,12.7469491,0.353944564,1,3
17.39066384,28.95580069,29.94329893,49.72353234,22.86744063,0.498718389,2,3
22.58040421,43.35599572,31.02514002,52.6801329,41.43380973,0.362375252,0,3
22.60005545,20.39427526,35.47015768,41.5496919,14.70612211,0.454117537,3,2.579210428
18.12598025,20.08797427,42.487569,56.70304997,11.91748308,0.546997346,1,2.584520554
19.10682633,49.34932163,28.2587003,39.49564964,24.24256506,0.128347842,3,3
17.09690277,28.48248718,41.24961339,22.02684513,22.26769206,0.180475415,3,3
24.76561023,11.33129407,22.33697302,20.78586147,49.10926734,0.832510994,1,1.253581063
21.45602577,14.88536051,21.04686747,37.79181333,25.53131881,0.459767942,0,1.582296196
24.34543881,26.68749257,32.60112958,55.32419652,43.74258544,0.355152074,2,3
18.03385544,6.911190972,21.49155558,13.61839729,44.95844837,0.433881514,2,1.054379553
22.81890913,25.81402934,29.81224503,40.21952561,12.10422713,0.174818553,1,3
22.65858644,23.85233789,42.41945292,48.49017365,37.18871606,0.239847255,0,3
21.91655652,40.07013194,26.03707591,15.77010348,17.49232126,0.515523543,1,3
24.65638975,20.9723884,37.64939438,15.83848454,9.263253572,0.358926496,1,3
18.93555336,49.21469427,27.55913481,28.30639983,44.361721,0.475456103,2,3
16.30717324,13.13464637,21.12300138,23.69405868,18.15948684,0.149704673,1,1.70577176
21.71708859,31.59440082,33.91726454,19.91570794,20.54145516,0.156468332,0,3
22.293098,9.036468365,40.87133726,19.93470868,19.57950664,0.38394302,0,1.874706149
20.75060573,38.02387928,30.23671121,16.53345162,14.01329403,0.378857633,0,3
17.06817893,49.76391596,35.43234566,40.54270065,24.55265219,0.883332344,0,3
20.04455942,41.8612387,42.50058994,44.40628018,24.27317694,0.033451381,2,3
18.12189737,30.00665933,39.74236282,45.14681134,23.39382316,0.992855442,2,3
19.27466528,26.81336108,24.84690998,36.61769881,46.23339862,0.956523059,2,2.665127923
21.45218576,42.57634826,38.33459898,57.64531348,20.28882329,0.542250951,2,3
22.45214743,47.11883381,32.54732563,54.02663888,6.367050875,0.718757762,0,3
17.32224691,49.51429366,38.6491702,57.88155713,13.02966528,0.935254657,0,3
19.05325361,22.84426524,32.36288876,29.43977391,37.46736845,0.251193906,1,2.943194791
17.69161571,49.59128637,23.1989541,53.889158,31.58863728,0.315630608,1,3
16.98631614,12.01668135,34.24773617,48.14373497,47.82806617,0.110924683,2,1.806359649
22.8338722,16.40973992,32.30334981,26.99864515,36.24957982,0.563846117,1,2.165842809
24.09252694,9.005725613,32.94804334,15.32966293,13.7408753,0.159448376,2,1.765819856
18.70232186,17.22823324,41.97256134,44.13106249,10.42898984,0.930870616,2,2.215162769
22.51278924,39.55718982,42.37092617,16.82261621,28.43418989,0.431566847,2,3
23.96995289,43.38159612,31.33842767,24.68879035,34.93682313,0.919686726,3,3
23.46124211,40.05016903,31.39330103,35.01822882,12.45365321,0.205099902,1,3
16.82813389,33.39796002,32.87967397,43.99412676,32.07618547,0.694036474,1,3
24.56291882,28.12849306,32.98973196,56.31138286,43.92629078,0.647592078,2,3
18.7667644,36.89169301,43.7596786,39.66200224,37.74060176,0.39967568,0,3
18.39240661,22.58750972,36.23501168,43.57065498,34.88859864,0.898343127,3,2.581706581
15.62431327,42.85887582,26.93642487,25.50069251,40.51989745,0.434802051,1,3
19.86173654,35.47355423,33.28841992,44.36463082,9.683721907,0.19843053,0,3
16.09013616,36.40121143,35.68058957,31.88950604,14.17241551,0.976985381,2,3
17.48539821,29.11711969,35.99429303,52.84655914,6.714477366,0.441481403,2,3
18.16942622,44.83530429,34.63135566,29.6225257,11.52400754,0.208072978,1,3
23.08826323,16.34066302,24.44340387,33.41360108,46.09320542,0.36363266,1,1.932894089
23.7548865,22.1516444,20.83982973,31.62938785,14.99652176,0.613509457,3,2.286776824
18.02466317,39.99391564,28.44607631,50.55614172,34.79437474,0.512027536,1,3
23.58698121,27.17370033,30.68805386,57.68495985,36.12052621,0.635117023,3,2.845897051
23.57230937,45.0146306,21.54510599,26.36381505,34.03964567,0.661857279,2,3
22.6465095,20.58796939,40.37418345,33.75139504,29.92644719,0.123381032,0,3
16.46695114,21.6198576,28.60193594,45.29631333,26.87586564,0.314884964,0,2.504978009
21.90322847,44.99311052,42.84081865,54.7690811,23.89643788,0.748700991,3,3
24.45024065,25.89666441,23.8602527,34.68503484,46.26044135,0.650367249,3,2.712974224
21.82540479,28.22560629,21.42337392,15.44467541,5.428146239,0.088348337,1,3
18.31616849,19.97436719,32.05790261,28.43356918,7.407033171,0.315147585,1,2.624123988
20.00579317,17.4501474,24.72823342,37.51809427,27.16306095,0.931322149,1,1.72844717
21.45725043,34.51769199,43.43498189,30.8762303,19.87295368,0.862012656,0,3
20.10570409,10.39282977,20.25758496,19.32778634,23.37035959,0.670642853,1,1.185936519
16.19952942,44.56726885,30.31549188,11.84947477,49.90318338,0.072863821,1,3
18.12064045,40.06414115,43.16869428,44.3704333,39.88106146,0.607055187,2,3
23.02396031,13.58367187,29.61045517,59.63685954,44.48335802,0.012188132,3,1.742919698
23.61418046,36.23089756,22.32773202,55.96033169,21.58585539,0.661126405,1,3
16.37300033,32.11848146,27.57237357,44.16354554,15.7802198,0.731211549,2,3
24.52386752,13.30407728,32.45025985,52.07649043,39.55957107,0.49724362,0,1.642696342
18.28822618,17.29415777,24.62879218,22.78638092,41.34092424,0.003806644,1,2.320608385
21.62313739,23.40439267,31.66404263,41.1217218,29.74543007,0.666610118,0,2.651385077
22.51825146,36.46592309,40.90857989,13.03021077,45.31736816,0.819740086,0,3
23.11946235,33.7425534,41.81544925,45.35919637,48.52963656,0.585867468,0,3
24.45749702,28.95056815,21.23151837,58.49361695,26.19593053,0.709197505,0,2.663239172
18.12919548,39.57847444,24.02258395,53.03986536,15.02000005,0.090321359,3,3
23.58506455,39.10719828,26.88225339,36.72204374,28.27008982,0.715321852,0,3
16.31686903,32.80366193,34.87164627,49.43701097,49.52899507,0.614192962,2,3
22.05040906,40.41455375,29.02486897,57.1949405,18.18170869,0.331019725,2,3
22.4197773,20.04185187,41.10102284,20.8008789,32.79196957,0.685333995,0,2.823543494
21.77723241,44.65622877,37.91679671,49.66292565,36.22926488,0.645582882,0,3
17.52314736,32.67095386,22.51140058,23.4923479,14.62679575,0.59946024,3,3
23.73043147,42.00635812,35.61393756,53.8473711,31.48066053,0.182945403,1,3
16.68858463,29.58255972,22.82531563,14.91772528,19.15281527,0.296221725,0,3
15.53634792,14.82972102,26.37589174,18.91092094,43.43943241,0.991382772,2,1.677367898
22.17464991,29.40845579,24.44676584,46.03082317,37.16391068,0.433109174,2,3
19.75475715,21.70002487,24.32654873,18.73887519,42.18198924,0.059426524,3,2.763785431
23.4909802,36.38745662,35.40988812,17.9027151,13.98570776,0.899005311,2,3
18.83397141,26.41072063,34.09012306,37.77334387,6.555861756,0.172932087,2,3
16.68278589,42.62507622,24.40070382,51.74936189,43.27365582,0.403519819,0,3
23.36442192,35.51326305,44.75432014,23.42337126,22.40393902,0.277998913,3,3
20.48909632,35.80449949,30.54591831,52.05690914,13.08750854,0.963875453,2,3
16.89195792,14.77199001,22.4267332,50.39766983,9.135291437,0.378098579,2,1.531730786
22.20383999,49.29123949,23.01422542,38.95527005,28.24253627,0.708716964,3,3
20.11113638,42.87538442,34.59734284,42.32813768,11.75575787,0.598382972,3,3
21.04312982,40.50521981,44.47673508,12.02205933,30.5011411,0.042975172,2,3
19.60898338,19.85968513,34.29877754,28.35677792,37.72879441,0.384314678,1,2.65353598
23.28708984,29.10342438,43.72603692,23.16974656,29.07761772,0.390021963,0,3
23.29562716,11.16964346,31.10332127,17.50019304,45.66649022,0.989833325,2,1.483823129
22.09388822,29.23141895,30.89602759,29.48296646,12.0006331,0.811928701,2,3
16.05401377,11.56501609,32.50018398,27.74520982,27.2279063,0.856654276,0,1.534061839
23.38853862,29.88670298,37.43563645,46.44458391,12.34357067,0.31352117,2,3
21.71012981,34.19248461,29.19039916,39.90481702,44.41558669,0.329054615,2,3
21.97024166,22.55881853,41.59715082,55.65500344,46.95076744,0.515605708,3,2.828100658
18.6298284,27.43451952,20.73203462,17.27037915,22.99981467,0.631015133,2,2.946308415
23.79279556,44.40440245,30.99410488,12.98743027,18.7586716,0.728293488,1,3
22.253716,9.885341512,32.77479625,36.73038937,17.56922429,0.820801856,3,1.303322538
16.12590467,40.62798018,35.17580596,10.05135693,43.68773057,0.873202219,2,3
19.07778034,12.68395479,26.90179781,49.38594716,35.70988661,0.024625911,2,1.658949646
23.86380362,6.651859226,30.68699927,35.29864443,44.62668746,0.796095883,0,0.937051513
15.47196702,13.35085712,32.11344376,34.4032788,10.28825733,0.61083699,0,1.756082555
24.6141662,39.42694355,37.17274947,28.12479894,26.42125675,0.532084779,1,3
21.79162568,23.2306733,39.33860462,28.74869181,35.42805925,0.628466337,0,3
21.31375978,44.26342326,38.44568318,31.55668391,45.36908423,0.881938246,0,3
17.70559256,28.61183935,28.53957631,10.80161722,22.19086463,0.545290894,1,3
17.48791789,6.001265837,44.98626307,14.17728936,19.08905327,0.162188006,2,1.87680179
24.42058219,37.25211243,41.21663279,35.252401,46.08345691,0.43677715,0,3
17.98272454,9.960480892,26.50058433,17.50611326,7.138997142,0.924459534,0,1.242110001
22.75505297,40.52208351,24.87764514,48.93813042,26.58179704,0.814483757,1,3
18.93121798,12.56461474,27.85053126,23.7242587,25.63819523,0.203045601,0,1.846047129
16.39254071,20.54508736,31.30862132,14.89498187,11.57253863,0.714143751,3,2.592107753
15.10715298,39.25721433,41.26998446,21.7604963,22.772755,0.256226721,0,3
20.44257337,47.94041109,39.45905659,27.85491151,37.5169883,0.348536997,2,3
24.75778819,21.71452778,41.28115309,11.76583043,21.50908,0.468917364,1,3
18.69136194,42.32300991,26.79892787,17.08377622,18.93472158,0.440869628,2,3
18.57192334,13.58565195,34.83653056,26.19233772,40.18529741,0.029279827,2,2.243219589
18.44091618,41.32308966,27.08122656,25.52402369,49.4921935,0.774009225,2,3
20.20543837,34.58723267,22.72557902,50.01933483,40.07085683,0.846385994,1,3
19.40664883,13.67345782,37.10494359,52.16277377,43.08544797,0.53094324,3,1.817077878
23.79914627,18.61267822,23.57493878,19.67092996,47.27753374,0.172951083,0,2.363914273
20.05520792,10.92968999,36.69244404,16.1969942,41.07976097,0.247938025,2,2.030111512
20.07757838,22.2335155,36.19910762,41.70812422,49.11594304,0.126334211,1,2.949740123
16.38371595,14.16418885,40.25621111,50.23117778,38.62779146,0.169506254,0,2.171227684
24.82739541,33.97990791,23.48886511,58.18615486,34.7685148,0.876397394,1,3
17.49972891,49.75272969,39.58700371,10.33981424,36.20068472,0.480162791,2,3
15.73364067,5.540412339,44.98191315,30.68390567,45.5036822,0.111013468,1,1.691092548
21.63146249,29.3413916,41.27606121,46.6993917,35.73536679,0.254745262,2,3
20.9536637,30.81499689,38.79530191,51.42796494,39.25423269,0.949501416,1,3
19.15145654,46.13939554,36.55413387,13.11429743,14.72044702,0.50926569,2,3
19.22192234,27.77024006,30.54453712,44.03072597,46.06923258,0.515634296,0,3
22.85063921,29.46656388,38.2625042,24.44693587,25.1245959,0.525644864,1,3
16.9571264,26.22437606,38.10445088,13.72984797,12.24802989,0.111616814,1,3
23.20253319,17.10069371,35.78745707,34.45512909,40.99042361,0.970313659,0,2.073276486
21.48747114,7.521310996,39.90695946,17.90766716,21.03768579,0.084485747,2,1.861043536
19.18969774,23.3895957,31.21909721,46.8503759,13.28536143,0.700038421,3,2.561073174
19.58028617,7.366616206,23.0313178,47.06308998,16.53130216,0.057764819,2,1.004858905
17.56647207,29.77216113,33.97669319,52.10338825,6.572704118,0.44359177,2,3
22.52114333,18.82821395,26.62608822,28.87843426,9.07803423,0.899678273,0,2.031734189
20.12874742,29.01210807,29.61082744,10.66548986,31.66811309,0.768444542,3,3
18.20854543,11.0433634,20.4353726,22.98679692,43.97980226,0.334676022,1,1.388309446
20.96050116,46.96834846,29.5697647,33.39058498,25.1838686,0.551347766,3,3
24.95734452,45.25345596,40.22002765,44.70056397,33.1726164,0.165274656,1,3
19.3526228,13.54984291,33.56805917,29.10202928,41.43798956,0.956120239,1,1.704839185
24.20691401,20.45499275,20.24501317,36.8024198,21.05460097,0.708677344,0,1.997970177
18.4501684,32.60717473,31.74609551,36.21317937,34.44413317,0.374293761,2,3
15.54732707,9.305879329,27.28629119,18.24911747,20.76945916,0.317934595,2,1.4986725
17.04242106,20.95555195,31.93876638,41.152475,33.92219096,0.23863875,3,2.629336616
19.18695143,16.30005291,30.11731804,31.96258641,14.79234741,0.786519549,2,1.921030253
17.19634929,46.19825279,43.29948049,50.39593508,49.00278444,0.43461425,1,3
15.00227038,43.36297863,21.02943247,44.53056041,8.427999585,0.330217221,0,3
24.15001538,31.09247336,37.08970028,15.57345931,27.73547823,0.905221747,2,3
23.43879411,28.41558516,41.27566491,34.4379205,17.88333859,0.150217948,2,3
22.42292231,46.88266075,43.98096462,45.12471792,32.03770257,0.263835494,1,3
16.67814596,46.95925023,24.44090566,14.35058629,24.2738141,0.344765712,3,3
16.20363576,48.61985564,33.28262005,49.62485163,18.79995144,0.259851486,2,3
15.67604749,10.64204978,21.08973943,21.10022573,16.25169372,0.585403041,1,1.263492515
22.24029189,12.22510148,32.47958811,35.15423977,13.21243764,0.601031112,3,1.653105132
24.28807961,35.45315144,23.13645224,57.02806437,40.22956923,0.054748972,2,3
19.30535821,29.36455145,40.94741687,38.56671174,14.99899717,0.144529064,1,3
16.19140672,5.83096572,22.84675007,31.20272259,39.80867884,0.198528756,1,0.933363303
20.12392821,7.78887662,32.83220901,10.33974637,26.82673741,0.070328069,2,1.734733131
18.48831907,44.9636172,33.02740172,16.67068114,8.250260961,0.124761989,1,3
18.74824924,44.0991858,44.29126245,38.93319425,12.44492049,0.239651389,2,3
21.21330624,21.07719149,36.37451735,34.69125203,45.18070899,0.345620607,2,2.800480237
22.18718113,45.09727776,27.19600733,28.19145878,32.12671199,0.791309012,3,3
16.10603599,31.71537835,26.01998275,56.16079427,13.29499304,0.217905079,0,3
15.35590231,41.26575412,23.20620514,26.62412687,36.66942118,0.670025831,2,3
24.94330303,24.2343982,38.9128681,36.85753782,42.0467785,0.05788102,2,3
17.32728349,10.10292473,37.2689164,38.43567048,19.87939164,0.658240926,3,1.539112519
15.53830525,24.51771782,35.24692818,36.3734195,30.04678458,0.794719206,0,2.86557559
16.89875329,25.57849091,21.02101107,33.87926958,18.20524866,0.604807949,0,2.61735279
15.38957846,29.79248872,39.07072166,26.8531868,8.602777297,0.20139229,1,3
18.91810895,9.751222081,36.04718943,55.43818165,22.9779085,0.330408014,0,1.457109366
23.02401784,49.61308384,44.0972217,32.54016309,38.81444086,0.805181349,0,3
18.4124445,15.98615694,34.68005325,36.42244337,25.64061255,0.431971892,1,2.174407089
19.44183407,13.93485816,27.59879767,42.82389919,23.23710536,0.255234648,0,1.757589422
21.75586774,28.70613135,29.5380138,13.38280212,21.4703235,0.932691537,3,3
20.0889407,29.17436807,24.39601763,49.06440707,25.65125702,0.637354857,2,2.921315896
23.61445686,24.7919332,38.07285456,35.6253655,19.32030285,0.805714711,3,2.989177462
23.66035675,39.73514658,37.6930415,42.85884679,32.54828877,0.024501885,0,3
15.09910695,28.24944803,25.01625039,48.60060327,7.860469079,0.339336583,1,3
22.78046306,32.43629548,23.96223308,53.70496954,41.33246781,0.458896902,3,3
19.607336,37.56858734,21.92512333,29.61102085,12.79251262,0.587421554,3,3
24.88840541,6.12612957,42.79939359,50.57149463,33.50501277,0.189971886,2,1.438558521
19.83232076,30.67898821,25.82674584,22.94184478,25.24471354,0.497953553,1,3
24.86895945,44.78875121,28.60408817,43.01678255,39.80720961,0.685625368,3,3
22.54569361,5.782493432,27.01261271,15.13536503,42.17629941,0.345876057,0,1.154378088
17.48604885,23.23319467,30.34061507,11.00152337,14.18901675,0.691442203,2,2.878936967
20.38394979,46.68023526,37.85121998,14.78815631,35.47306163,0.38965404,3,3
24.92135639,20.8919481,41.76489084,25.96912433,13.5458378,0.469463402,0,2.986934894
23.57530608,25.64279709,24.56496874,11.55473069,10.57992174,0.134292901,3,3
15.97366894,49.16936269,37.16030859,41.52456361,46.86332457,0.651274566,3,3
22.06371997,13.96957365,28.81405356,25.82722692,12.39750817,0.224275688,1,1.987015704
18.45579586,7.936483511,44.51317921,46.81880339,15.26593697,0.828850129,3,1.394807893
15.06982262,43.67401659,27.47297898,12.29575681,10.86458035,0.553443371,1,3
19.03480969,44.08094035,20.1798239,20.83507833,26.16313502,0.56025675,0,3
17.34754422,26.24350256,32.89099935,30.40017127,46.38232951,0.912476522,1,2.960476927
23.18869271,28.13932285,23.76827711,29.13257811,16.88250824,0.167402711,0,3
18.37330609,42.61128663,21.11236067,16.54993364,29.38334588,0.530234678,1,3
23.27523694,38.23517742,37.4567308,59.70684068,23.51564317,0.38220501,1,3
15.00597939,16.9317051,38.30648206,24.22197904,20.12042349,0.966324075,1,2.244671417
18.0781915,5.760200978,31.51747533,46.05160423,30.74687111,0.792714047,1,0.769729543
17.41165214,26.58650731,36.92213792,21.00133486,30.15018055,0.757500865,2,3
17.33567361,43.65105467,33.45598621,53.89256054,21.17149704,0.204121356,3,3
15.6818662,45.31256045,35.74502769,29.38791551,43.27534835,0.237323246,2,3
16.8712427,48.03017887,34.91759933,55.04512445,7.392744849,0.029180827,0,3
20.5554957,44.58034569,36.6455691,27.09174598,8.835727783,0.638535362,0,3
17.91361073,31.10195999,24.99076622,10.43219107,49.5851567,0.370835382,3,3
19.17394782,25.00725197,26.7176655,35.85102155,38.64573104,0.312040694,0,2.876783484
18.7686688,39.86824309,30.99907874,36.23939681,41.17680065,0.637031226,0,3
23.75904925,38.29197355,31.15320024,15.99170914,32.12154838,0.828687615,1,3
24.05298999,29.21645435,39.36029279,21.74817867,23.89371917,0.133029546,3,3
19.92956972,8.929731765,29.18484148,49.17477955,33.31520954,0.918661454,1,0.914722703
18.3015595,46.67366061,24.0626289,11.83779123,9.166311752,0.034271229,3,3
16.06800704,25.50211419,26.28664926,34.47633433,39.09961257,0.09510634,1,3
24.53402879,21.35002019,25.36833756,36.52040617,29.33343712,0.838128139,3,2.196345139
15.60226945,33.33053278,38.29150048,44.43560303,48.05293507,0.492703827,0,3
17.97650278,35.32270825,31.75849037,11.87281337,33.6863866,0.939254854,2,3
17.98066201,14.48095627,37.71576745,39.28231635,11.82616417,0.461652997,0,2.081638213
18.20401286,42.66224802,30.40549202,10.15490183,26.48975517,0.926122986,3,3
16.64286843,18.04716921,42.24339006,23.25891836,7.602001215,0.239629626,2,2.860425927
22.83161431,13.40077667,44.58800769,34.98421277,38.54433017,0.616449623,2,2.168277651
16.22497862,23.28799338,36.74606272,55.56406687,27.58241847,0.994468003,1,2.500793425
21.34906659,37.87520364,41.59531393,16.3294908,21.63440164,0.376062808,3,3
16.23846027,48.44561803,32.69833168,18.46445645,48.58472218,0.001454685,1,3
15.70535638,41.4176569,43.36552101,43.46250322,47.32693335,0.064052205,3,3
24.09429504,47.315677,40.78966214,28.74308469,47.87743986,0.859059604,0,3
16.90128766,11.32726118,44.79446429,41.1710701,14.9436609,0.491885635,3,1.96822141
23.21250155,8.202955949,35.57734338,59.87270836,37.78563181,0.536718198,0,1.139120858
20.44630871,30.09671429,39.48016851,59.34358307,47.54219617,0.799426105,2,3
15.7785652,18.06338674,33.5717035,27.68567897,30.68916155,0.811579009,2,2.242749163
24.55448191,42.26247378,26.47800261,35.19626769,14.63721548,0.477421308,1,3
17.46961167,35.23945421,28.86887928,55.23450793,41.80156087,0.858060777,2,3
23.59645345,48.68276738,42.35013537,14.60838312,44.59632113,0.468424958,2,3
16.68810006,16.46565601,21.39869866,32.61519519,36.64559239,0.675021374,0,1.696192917
23.53942882,26.86028515,34.78699715,28.87886742,18.20987949,0.033361831,3,3
15.13228813,27.55582148,29.31210081,24.74413863,13.58122544,0.137999387,0,3
20.11780457,15.76295577,29.66731345,59.7102106,33.09214105,0.851420037,2,1.542393901
22.69442579,31.55420298,42.11428016,46.6774647,26.72602362,0.313118422,3,3
24.34795517,24.94786937,41.34555936,29.43734962,35.0952226,0.334743941,2,3
24.09202136,25.10247002,34.97105939,51.45109458,10.02648495,0.662991197,2,2.829942437
23.1962487,21.32314916,26.82297119,34.48330504,11.1161098,0.592538151,0,2.38531183
23.8819135,5.761820859,31.88640865,53.64122062,21.33003002,0.082188641,3,1.061555848
16.99219686,28.49428566,30.20733484,23.31899228,16.64421294,0.765765034,0,3
17.84184296,20.08615261,28.84045073,21.18001137,32.8702384,0.61722243,1,2.44955229
17.88968525,5.059394104,22.56963946,22.36433406,21.53932382,0.855331853,1,0.606951459
18.77053931,18.85746684,33.57784717,36.92402881,35.77868538,0.53549691,1,2.368019514
18.9332067,17.53827499,27.54578245,24.56566956,39.59592809,0.414324836,1,2.219201134
20.44555325,22.7051669,36.52019857,17.35598421,13.42254066,0.371340458,0,3
16.59879763,10.93333953,27.9800984,59.73139593,46.39207259,0.004418926,1,1.426480478
21.91246664,27.84577211,30.77908733,55.02166137,40.42219281,0.039784223,0,3
16.67566539,36.15981586,21.30900935,41.75062187,33.2051361,0.131211425,3,3
18.10308482,33.35835061,44.81345175,54.5771437,45.90179846,0.929537387,3,3
20.03345131,41.16897264,32.69025958,56.77313688,16.96409373,0.880650532,0,3
22.96440562,25.34037296,20.60593985,43.80541459,23.97709409,0.497196355,3,2.534249634
22.39469233,28.35912787,33.53076647,35.93398893,8.860414118,0.180196393,1,3
21.45534356,41.46808734,41.75884998,54.10008961,25.52818195,0.146111361,0,3
16.55773261,24.24655269,39.31380336,38.38984985,27.78803283,0.256130594,2,3
20.47045346,36.57197075,37.5226671,16.34002714,32.72301156,0.908722829,3,3
15.87446502,24.55710659,23.48661636,28.34280002,7.881764589,0.521468059,1,2.694435842
18.77363177,23.79812875,36.44342697,32.29604759,6.460970866,0.804041845,1,2.869612376
19.1351653,39.2092531,39.15745945,56.76845081,23.89505744,0.506754354,2,3
15.39811439,12.8676612,34.3104766,42.95927362,13.51099905,0.609447318,1,1.696132278
17.73988099,20.23636874,42.31872511,53.76387814,39.1454754,0.610102615,0,2.591570955
24.55649467,15.08775245,26.92474454,47.87958504,35.09313279,0.031337776,3,1.911801992
24.53632608,21.15994743,26.05361749,25.49304433,19.66221385,0.445268518,0,2.506883958
18.52327054,15.36686701,41.73924362,45.93544965,7.060246932,0.864049037,0,2.036615806
15.43100109,31.0732534,35.63495607,19.7649868,13.20996307,0.489098632,3,3
16.79094939,40.91768612,20.03618051,30.40729059,36.12557042,0.435335421,1,3
18.92217793,40.39758775,28.82828521,50.30459286,49.5574202,0.526545574,2,3
24.47779698,21.4025434,41.44639965,40.5964581,19.69071823,0.380767038,2,2.925452895
16.41199064,49.49421827,20.68298779,51.2706253,41.08983291,0.515399968,1,3
22.63515844,31.72344641,20.08119821,22.73517912,44.01934212,0.135344816,0,3
16.08682539,22.97301358,27.03148226,47.48744162,7.168139247,0.967946785,3,2.239502958
24.81257577,42.59926757,42.85000093,20.11621807,46.22997191,0.03412994,3,3
18.81616499,37.84433057,42.53693954,37.26520862,25.9791217,0.483207431,0,3
22.75234539,38.71739016,32.96904865,31.67672972,48.39089929,0.209992532,1,3
18.42591083,13.82627074,33.83092178,37.82379289,29.23501224,0.058355806,1,2.102908635
21.27668877,26.07459383,28.30020028,16.7766712,15.58145795,0.651705379,0,3
16.92016085,43.78226589,26.09341655,28.06139378,48.86007383,0.985181258,1,3
16.46021019,27.68171034,40.38054636,43.34519154,15.94872114,0.749604954,2,3
24.3806414,35.75537345,22.65737151,37.9265397,44.71152024,0.254020667,2,3
24.17647278,31.45701799,32.18385927,37.44848795,12.79078226,0.493389062,3,3
23.8746894,42.90605545,35.85993149,35.54150561,35.36454077,0.049781556,1,3
21.2543345,17.80523779,22.59200726,57.1942455,23.5081224,0.531670258,0,1.695813104
23.08268211,30.8963875,32.99017739,56.7284849,48.74081779,0.099463198,2,3
15.69036937,10.54556006,34.4380322,28.00724864,13.3147684,0.794607643,3,1.525114105
18.34789042,36.05948495,38.56240151,27.59475058,23.39576029,0.056706399,1,3
18.13703125,37.93855273,25.87090123,37.74492283,33.78993458,0.009360966,0,3
21.35645322,6.927679454,27.33318758,14.78031421,48.99291905,0.861557039,1,1.025292537
18.55957773,35.41059336,34.23802867,25.15033504,18.67383845,0.942542211,3,3
16.48506782,23.66105694,44.57816025,21.54337829,22.8591973,0.086554025,1,3
20.96467075,10.58435942,25.43732957,21.16948342,25.78063943,0.278916659,1,1.555193764
23.14383921,23.89583965,44.64759568,41.92527629,16.37152211,0.741697278,3,3
18.82123494,13.74048184,37.85856333,29.21751672,41.78096152,0.539653465,1,2.073998395
16.32268715,23.70017895,40.65205174,18.55821874,9.139802259,0.949236813,1,3
16.96688197,22.29525626,22.24103171,54.37859225,36.71554693,0.389180011,0,2.232517421
17.37483305,38.22762366,27.51050469,53.7074344,29.02680365,0.003322889,2,3
17.99897593,39.83970012,21.44340699,53.12314618,15.88671302,0.019745639,0,3
21.42795071,32.31628945,29.28867488,29.53724711,27.17737131,0.564854456,3,3
21.00945485,6.020907898,44.5322415,12.84912268,42.34770915,0.752105398,2,1.581954914
21.96079862,46.89600256,22.63182656,15.33710089,25.04487218,0.790617018,1,3
18.62501985,35.8804976,34.05931956,23.80240399,10.48539942,0.911517039,1,3
23.23997652,6.538795246,20.15176557,20.99850021,6.836088296,0.229074541,3,1.001082771
17.04087661,41.84748046,37.8170704,53.69928101,40.00083324,0.738405905,0,3
19.69040748,14.01197696,24.92981731,59.31790902,19.86949156,0.827098095,0,1.225463469
23.00938722,31.06495353,23.23961343,50.83368312,46.90601135,0.836275351,2,2.954674627
16.80158648,25.99854665,28.4254453,46.49244514,32.77162315,0.411543569,1,2.876673272
16.09863114,23.89274521,39.27610745,39.431207,24.6327751,0.625983007,0,2.991174529
23.83683968,45.03711741,22.66532716,48.49541496,30.40092141,0.551565303,1,3
18.42929663,24.68125812,25.74597489,57.35166561,25.57096902,0.597485935,1,2.454065352
21.83870125,8.390485291,20.21161054,40.0672335,45.76149871,0.282031236,1,0.971080928
15.25348604,47.59874272,44.21037157,17.7306622,25.61098412,0.683234448,2,3
21.90046888,46.42408541,34.80364,18.19291586,9.682902886,0.71001731,3,3
18.16101312,35.79947103,37.99749091,39.19314016,31.86896176,0.195948384,1,3
15.55740854,26.05516377,36.28457928,26.67342699,33.03414708,0.443632439,3,3
21.09812762,9.178676282,23.60911397,55.51236876,39.43985328,0.422105576,3,0.938661618
17.40803816,40.58366534,34.87349847,40.58211669,46.99778637,0.748950648,2,3
18.86807242,8.396506149,23.28538988,43.82463067,24.9386757,0.66650306,0,0.844332441
15.80580812,8.08704432,30.03091135,10.29103551,20.8434473,0.476195831,3,1.46872654
16.47163251,29.18227291,34.2240784,34.9424276,27.08469571,0.65253131,3,3
17.97977235,12.20577081,33.97202785,31.55823607,45.50895059,0.262861605,3,1.905964846
15.89759501,5.34786203,22.97683565,45.29359284,49.09920718,0.232347882,0,0.731570855
24.10826265,24.04010439,20.86089924,29.13193302,48.7055753,0.239919653,1,2.688094591
15.06047043,11.17477542,39.95585785,58.82875159,15.33629808,0.029497675,1,1.846303117
19.83860219,12.22319369,38.14806092,43.51015908,27.36029127,0.691076261,2,1.713281678
16.23247458,8.460978743,22.04547261,42.99591666,16.67633116,0.985848087,1,0.658063751
18.07679089,14.22921892,23.18538797,55.96705724,21.55922521,0.309032142,1,1.481581514
24.2605956,37.19678809,42.31459441,59.76024169,6.425784749,0.929833362,1,3
16.61694553,41.40172882,39.22822254,19.89103446,12.22705307,0.606542609,2,3
24.6583232,25.36401398,44.90400741,50.52665716,22.86841796,0.224934265,2,3
17.05794377,27.79492171,26.34968623,18.11597477,21.41170845,0.011864637,1,3
22.41566108,6.469476557,32.19507472,32.85217265,17.5474648,0.723731429,1,1.029729372
20.46677265,8.119231762,25.9114894,15.00927022,15.36393097,0.696574235,3,1.17725967
23.84478728,16.59054765,35.57000346,41.16854892,38.70300715,0.229253333,0,2.318409392
20.53993256,29.47542893,22.88535598,33.42590817,18.25473649,0.332705089,2,3
20.34559219,38.27980169,23.18107932,41.43494742,36.79446342,0.898046739,0,3
16.95458,32.22513776,21.79719729,43.89803763,21.58812991,0.157233311,1,3
16.66229362,22.64575347,37.33965206,40.9716125,41.08906576,0.835443868,1,2.681792357
24.16489151,10.32458329,32.35181444,24.70145613,12.52550069,0.169223443,1,1.77922586
18.27838199,40.13479557,35.44328041,51.84795786,12.09217462,0.481727136,1,3
18.72082255,21.37037232,41.98252616,37.58430997,35.58525202,0.498965288,2,2.911129027
22.59823658,38.12243065,38.50821212,34.49255866,46.17118588,0.472089646,1,3
18.38823482,28.08404789,31.54307295,59.35319021,11.43440172,0.287929569,0,3
24.52062447,38.23979241,44.60889971,24.17539534,8.316707803,0.253364729,3,3
22.37927769,45.82803027,31.40640253,36.40151524,47.05867431,0.733154769,3,3
20.97429243,46.44632822,22.81126683,44.11622893,10.27971247,0.275676903,0,3
23.80895161,29.0798051,44.81636868,16.26129665,16.26651139,0.609915371,0,3
15.49605908,28.01787641,20.57051825,27.71198621,46.82723753,0.846639687,3,2.787031878
17.57062692,16.95553095,33.74708899,50.0844358,41.13130518,0.837034445,2,1.901094481
19.65036334,47.11099242,27.72738722,21.83791173,20.42410161,0.167151408,0,3
17.26978539,25.60636252,32.58880378,34.66451825,47.95374738,0.654737643,2,2.972915708
22.43905187,10.74160577,33.96782381,41.5315303,30.56218309,0.602279132,3,1.489966502
24.19208031,24.47172116,26.00239741,43.55811767,8.251171818,0.281984511,2,2.737345264
19.2377012,10.71739626,33.92146889,46.4155221,36.63800948,0.391453981,3,1.542573044
18.421326,27.61392579,38.9015278,53.29886585,29.1774811,0.285113025,1,3
24.61550732,30.25739817,26.66274593,29.64297215,30.76646227,0.53706516,2,3
19.44852433,20.19900927,29.58565333,45.3315963,49.73469099,0.803627398,2,2.150959709
19.890484,8.22427764,26.70606733,46.60873239,11.86314275,0.877503336,2,0.807791016
18.51649872,47.4576591,40.51399327,25.01370651,34.55581551,0.722823593,1,3
24.09548473,39.80089011,38.12455648,58.40789751,25.64334938,0.483450361,1,3
20.68955483,42.74964862,41.77991093,53.26095868,17.23519062,0.958095284,1,3
22.62174587,21.50907774,24.25124732,24.49306643,36.20951562,0.563879011,0,2.432412515
23.11806718,39.23739635,21.83949095,43.75343383,35.06957633,0.478546689,3,3
18.41849042,26.84178028,22.9845876,45.89003172,43.54227987,0.856773623,0,2.563043819
19.33694331,14.04875698,24.02545832,31.57418181,44.54911558,0.184623329,2,1.797670826
23.48471774,10.59905196,33.32706652,53.1871643,30.28187539,0.157878345,3,1.559996598
18.63255352,20.52728912,44.27280176,44.51146768,19.65076547,0.782542471,0,2.692103058
22.93935133,11.18984502,28.93088542,42.90773426,28.83112027,0.87057083,1,1.218984591
24.40992323,49.92210393,43.96270673,21.04201861,21.1664807,0.072774782,0,3
21.23210373,7.21350456,20.95501987,30.39211557,17.48102378,0.764086102,1,0.733886912
22.41627287,24.85146197,43.17180507,31.69612446,29.820892,0.42446172,0,3
23.05097312,25.34420851,24.52881518,46.68305483,34.60703784,0.703726823,1,2.533354064
23.45039649,18.52843679,42.81187464,40.91972726,31.57570791,0.134969336,0,2.803224226
18.95053338,30.71082046,21.40568575,14.29302953,47.94887846,0.973012753,2,3
15.51263459,11.74896609,43.70548619,25.38489759,18.43862533,0.881280294,3,1.937257025
19.01876271,40.27605713,25.01995661,33.65237522,21.75537583,0.405972528,0,3
21.7375623,19.96014732,27.5678515,46.83664729,35.04392705,0.893358826,0,1.99989723
19.50350386,31.61041654,32.2735586,47.1784565,32.01613824,0.894925727,3,3
22.48963151,37.20376562,29.51802203,34.52716543,5.08385234,0.461253025,2,3
18.56982429,45.0068953,36.68819923,15.84661911,19.05284608,0.946885502,2,3
21.34744141,42.61043464,44.37019418,24.64517017,16.41928336,0.976857126,1,3
16.86419805,32.37390626,35.16066227,22.73461911,42.7961699,0.217212739,2,3
22.49369437,22.47769312,38.03713524,49.05132052,43.98119289,0.06666668,3,2.991827275
20.45695969,27.64421015,22.20013126,18.9993157,17.77519135,0.331149784,0,3
17.04064389,39.5930657,35.69531073,33.24606112,9.593201913,0.488835261,3,3
17.91911173,44.48954942,31.34624443,43.53594018,14.23408762,0.092676399,1,3
22.48608709,9.670186768,42.14455895,58.23930765,12.94557795,0.140659557,0,1.719114453
19.82601236,22.31853181,29.70527749,59.96202901,15.68459117,0.971699122,1,2.136559246
17.1603144,39.92524693,36.9863536,57.64610718,15.5590206,0.737300596,1,3
24.6727119,24.42432932,25.70384321,45.91211726,26.5927392,0.874938069,2,2.402637498
22.1512502,19.95024938,26.48431334,47.32204165,19.38386213,0.971154579,0,1.919037677
24.57134833,23.50952136,29.40306077,47.96050488,30.19197879,0.378144359,1,2.662376933
19.27105045,32.12801361,27.60158844,53.13024383,20.4860581,0.687863942,1,3
19.75100341,49.99123149,26.34697098,57.58927314,41.66046185,0.184021994,1,3
23.97955216,27.18465931,21.24171765,32.28530723,47.7856615,0.551667201,3,2.827836513
20.2504934,14.38225137,40.91865829,30.8255439,23.1763304,0.209878478,1,2.388985736
22.07278912,12.32809589,21.60753827,33.02322312,7.226084065,0.160430963,2,1.542613152
17.52172877,6.905738636,42.18413789,42.99085857,15.78102113,0.098443632,2,1.617581392
19.46726469,30.14677557,23.13663473,48.77226981,9.583617389,0.579736563,0,3
16.23449866,29.50574412,21.63154343,53.52721955,20.51437594,0.949851199,1,2.661428064
17.05980036,14.23552671,34.0751191,32.81053771,34.03014054,0.122221795,0,2.170173699
15.00943415,36.28982329,32.56104481,28.16863131,28.3508559,0.502314455,0,3
15.39265052,38.34981687,32.28086422,59.16763074,15.92940551,0.687068117,2,3
24.77283823,16.65941924,34.36260819,21.59438105,39.52665737,0.495861681,1,2.347487546
17.42353695,20.48448938,27.17641515,21.10024176,10.91663282,0.911775924,2,2.287439063
21.6331071,49.57122526,36.57373184,45.77037274,15.26881888,0.166295651,3,3
23.39099699,21.84190105,32.56005549,18.98286478,35.42212178,0.024163261,1,3
20.50660459,39.23607523,28.36858667,29.97044999,13.8755474,0.383118122,1,3
16.531445,25.3726442,40.66251667,24.61934112,35.54432221,0.555488809,0,3
22.28116437,40.70051725,38.19302741,18.43552284,48.96236076,0.254507091,0,3
21.0025141,39.60604575,29.84025855,38.98536195,42.41089792,0.168433548,2,3
22.31250589,35.04902113,41.19044463,28.67557454,12.20047432,0.80483783,3,3
22.69746623,43.46502558,43.00645625,33.11170864,28.42242897,0.188575192,2,3
24.75410368,47.26483227,33.42165668,19.79315024,24.00447035,0.442682208,3,3
20.7356328,31.09924942,25.37381125,48.39334013,49.6251236,0.954481111,1,2.994544694
18.41641113,15.68610083,42.89480391,25.73560417,48.39803158,0.612704834,0,2.434728421
21.48464557,22.93830327,24.7369905,27.13590895,10.72004237,0.497723453,0,2.598175862
15.68440709,39.12375711,21.21058066,22.60769811,45.89288924,0.360250233,1,3
23.97397318,34.28975683,28.18717522,31.72017861,13.70382521,0.520385453,3,3
16.19381011,13.00092524,38.17415861,33.17883136,19.37531758,0.734307061,2,1.873622633
18.27842838,7.305779352,43.08185216,36.48334582,20.90335909,0.822527239,1,1.390542596
23.15745381,35.73327171,35.93214117,58.3784141,17.90699203,0.649847737,0,3
20.97312378,16.29855608,43.79596367,55.2345904,43.39597069,0.790317055,3,2.142216633
18.9363552,27.48516097,22.30927098,40.46963155,19.84695826,0.088417785,2,3
19.73435659,38.60360476,21.51884324,11.94517339,41.75322886,0.01437445,1,3
23.54547393,30.32000513,35.10479877,40.61301704,49.74695674,0.734411031,0,3
18.40004386,8.74861624,44.15290806,14.48343034,42.8342692,0.26170407,3,2.070938888
23.69649685,13.35111066,32.56803272,45.51721193,20.57643169,0.87767825,2,1.526700912
15.88134431,14.86976828,21.28788065,29.50388233,37.0063577,0.535850678,1,1.633608688
22.76798437,16.60389141,25.5304664,51.88482458,29.02655511,0.478520948,2,1.753295968
23.47547633,30.44315264,26.11982266,57.12646226,40.39330027,0.772818772,1,2.95730201
16.81817653,27.67846009,28.44642823,30.85551707,11.88938276,0.741096004,3,3
19.30346532,14.14220173,21.09008459,33.02776477,33.71605667,0.704276532,0,1.434807078
16.65499775,8.039967956,42.62231751,39.50737905,39.8150048,0.689900956,1,1.484716444
22.06604129,12.7144492,32.88909862,19.85663609,39.25541009,0.515395997,1,1.911483848
20.35347768,49.29715907,36.77326982,56.36664204,48.36168525,0.926475536,3,3
21.35323347,26.08461274,21.67932092,31.64999633,7.628512135,0.89064141,3,2.569284637
16.96486967,44.03054771,21.3528867,18.3410168,20.56007161,0.329404941,0,3
17.11745862,43.193861,34.6616943,48.13659167,26.44491118,0.804694539,3,3
15.41497326,28.01838009,42.18240026,20.95756862,18.93935878,0.891108514,2,3
18.22067535,36.80094688,33.21205002,17.17646375,18.94052812,0.618254971,2,3
20.59744661,13.67384047,41.94547931,38.14360377,12.9257873,0.555579193,0,2.106341057
23.57934914,35.97785172,40.27478183,43.57476276,41.58281314,0.671886748,0,3
21.66927447,17.25730607,21.89634464,38.47813703,45.863107,0.163060657,3,1.989297062
19.35396323,42.44279435,25.04893686,42.82553245,8.704731181,0.087343676,2,3
24.53120114,8.76758599,36.44276673,15.77620062,11.97045103,0.820150275,3,1.523680346
22.19245201,39.79124028,31.08753456,33.80090189,15.28038499,0.573326227,0,3
24.30165203,9.497160796,27.26749534,27.8509322,27.90443677,0.12250149,2,1.518872524
20.27587973,44.65351566,30.4658464,58.66843081,40.6027415,0.416318027,0,3
17.58904275,18.68920332,31.12999116,12.48119671,8.215498614,0.298234371,0,2.632657551
15.52826686,34.44770142,42.76380627,24.91471015,33.65658435,0.875477954,3,3
22.26084851,26.93760254,22.58645709,57.0931097,11.72009553,0.507220181,0,2.622100969
16.21302998,21.48364154,26.99326867,59.17480916,48.71556805,0.577512546,3,2.167635411
18.02775128,34.04488249,33.43912041,51.24508039,45.44480439,0.235290405,0,3
20.32470908,47.63853412,37.45717317,13.7999122,47.7312282,0.799063548,0,3
20.64416588,6.857138632,35.76593222,38.06775142,9.777374491,0.930101288,0,1.032183446
21.00583197,46.34837851,43.54106844,30.00614963,26.96163723,0.792494349,2,3
16.6625533,32.40867448,39.89022312,50.32262838,12.43609551,0.492859143,0,3
18.79737405,41.32914353,33.92692105,12.75121178,32.01599979,0.835088932,1,3
21.17194227,22.2743729,25.36706729,19.85643758,15.47326007,0.187958871,2,2.780462389
24.69818865,26.23293387,31.27185579,34.45975331,39.67839425,0.11341366,1,3
22.27631138,44.09828383,37.3345561,17.88238315,33.98011703,0.43821912,0,3
24.22603757,23.66815864,40.94905437,44.63575713,30.72220674,0.181534467,2,3
22.62212058,29.0596805,43.99340561,51.03836106,42.13522211,0.259160556,1,3
20.91716969,5.908771539,35.13631915,45.22599468,27.51228639,0.585116759,0,1.017269466
16.92023369,12.13691026,33.17298418,32.01418568,17.14332832,0.403903114,2,1.797363752
21.66685652,33.87589286,20.44229808,53.91938331,32.93174736,0.86587828,0,3
21.23379566,37.26396055,21.80247673,16.88430659,48.06781845,0.225612345,3,3
21.0246917,31.21704216,23.90262494,23.01692919,32.05217135,0.996790699,3,3
19.89785868,11.44895163,21.36899828,34.47698426,33.33287521,0.359393416,1,1.332728555
20.28656604,25.04324429,30.02158097,13.06692994,47.06378066,0.515402851,2,3
18.34442527,20.97926449,28.42196363,14.78428908,28.18737951,0.13233211,2,2.831316291
20.19312693,27.30476048,35.93385395,29.87216859,49.83608578,0.579299013,2,3
16.97555906,44.16480655,33.3916277,57.19431484,12.18479196,0.961284894,2,3
23.05174397,39.91376474,34.89926898,55.42068466,29.16679294,0.749397778,2,3
16.85776955,8.779527563,31.79943007,33.29874291,14.58053785,0.24405456,1,1.482919049
15.8496629,45.0639139,26.94342871,17.10792723,25.39968658,0.442611711,2,3
19.36246026,26.2295218,43.82063287,18.9053828,12.67582593,0.425433314,3,3
21.5830744,38.47379652,22.16022899,28.87730273,15.01379472,0.097947768,3,3
19.37716825,11.30176541,43.47227499,20.50370975,14.48600223,0.885850181,2,1.931290186
17.76754132,35.18237866,27.78095117,14.14877972,19.40141026,0.38145605,0,3
20.58171184,15.63467079,32.81653613,43.68887418,11.05722655,0.494259611,2,1.97333307
18.47002335,24.72714037,22.72105807,39.07243189,41.42039787,0.291247775,1,2.693734433
24.3286769,5.758829154,21.77327671,24.5648379,14.93040188,0.152395627,3,0.979812613
24.2264514,11.82247871,30.73863622,48.94741913,23.74560478,0.90211062,3,1.266339577
20.0237182,9.143622191,38.54243441,48.79744439,5.72257122,0.037397478,1,1.69243685
18.27883994,15.78848778,26.73411944,34.55009851,9.719669448,0.399879501,1,1.924545357
22.37132414,9.500814051,34.05869722,14.82662778,45.33223552,0.730695427,0,1.571757321
15.36712943,36.1359512,26.96625851,55.92347001,42.67220917,0.308857918,3,3
19.74769006,6.306795599,29.71532652,43.43302618,42.84151036,0.446028607,2,0.963845879
18.36323394,32.79832253,42.66115796,22.35254096,23.51090378,0.564477251,1,3
24.20535885,11.33185239,41.39599064,40.52272735,11.36888595,0.995081612,2,1.610283514
15.12003027,47.53226557,32.90043859,30.25107479,9.855253467,0.758301338,1,3
20.52814876,46.98923329,25.95264069,41.76748199,32.25212262,0.967115374,1,3
22.40663581,15.14763961,24.82959782,33.69354479,42.26869647,0.693145474,3,1.658909037
19.85017988,32.64895842,43.85218383,34.27360751,45.5051517,0.269052888,1,3
15.8540303,6.260239376,25.06791491,46.7941046,17.99292428,0.287488809,3,0.849935651
24.7246139,46.93048444,40.20420777,40.6862873,19.44619564,0.822464303,0,3
20.18010431,28.53442887,29.22425524,13.99763456,9.539449559,0.427713491,3,3
21.14186244,6.945041814,44.64149619,13.26867852,39.84844052,0.370224193,2,1.864755172
17.36609783,20.41249969,29.20389351,25.25046187,17.4060622,0.945094026,2,2.289661454
19.83498085,8.458225784,28.78791562,31.51229983,26.64182613,0.013233166,2,1.483680184
19.29149492,22.68249977,35.93659072,23.76112796,46.8003787,0.524966885,2,2.966041612
15.74895842,35.1466854,44.03792017,42.5729929,38.84970786,0.775076657,3,3
16.06160354,26.14504586,44.40524014,19.75539659,7.373205333,0.736169016,3,3
23.3747252,22.26749786,37.68015366,45.20705482,5.366956751,0.367574387,1,2.846897167
17.39819952,10.36206705,38.86515914,48.65753709,40.43335666,0.535648312,3,1.577312483
16.94958271,16.02225706,34.0850544,16.21596538,29.86251066,0.005577295,2,2.573445884
20.04911451,9.506447948,38.89439348,42.54031217,37.41504842,0.53483027,3,1.554306321
22.68747131,41.33744292,41.49449137,58.0717988,12.05668948,0.590401226,0,3
15.61946519,11.08579226,32.15238258,19.64119086,44.24215325,0.874791338,0,1.546517734
20.7680792,31.79180149,35.49655657,55.46514156,39.79962406,0.21073727,0,3
16.19210443,20.42331861,33.43291738,40.30239746,45.08775113,0.825145712,2,2.34116561
15.36461051,15.16902731,34.06176534,39.54724337,20.34932372,0.718066511,0,1.89778922
15.52743952,33.77607978,42.25119775,12.59613412,17.40673379,0.666030865,1,3
23.34164108,25.56510392,28.89042076,47.41501392,11.8279148,0.394387824,0,2.848180366
16.17972484,23.00654603,25.20460064,33.91365263,46.85398286,0.367434381,2,2.61795424
15.45151364,31.67834022,31.40700276,46.05871959,12.95731416,0.703261222,1,3
19.37899887,27.10704328,25.20212976,50.45905517,10.36927552,0.990223214,0,2.551073161
23.43993472,18.65678938,32.46001064,36.18981867,13.6705194,0.405353759,3,2.383104227
17.62408376,30.15775795,42.58770263,23.18221566,39.7121777,0.918599778,3,3
19.21712618,35.12743594,35.43583801,17.07862457,45.02881557,0.586545082,2,3
15.39922533,6.201192136,41.38582133,18.0251564,41.49110554,0.868165654,2,1.385312201
19.49078514,25.9642278,24.15477299,53.3467327,30.34573488,0.217190447,2,2.759519329
20.77613081,7.595747806,42.52183981,16.17890478,49.72479128,0.762232075,1,1.634064356
20.70907054,13.38824363,35.04467911,29.23470365,8.098432902,0.834943511,2,1.797161542
18.32426692,30.22289303,20.79399472,26.71373231,44.0236255,0.83216914,0,3
18.15533181,43.97850119,35.82797388,53.27278334,24.24712378,0.784711379,0,3
16.06623619,44.72625556,43.78492391,33.88467503,25.48050569,0.30419563,3,3
18.66798321,8.147480456,21.97917501,59.82232087,10.74177021,0.52195022,3,0.688188894
15.99494669,23.85972888,34.56140326,46.85273732,6.504483846,0.29970478,0,2.9196399
22.66595945,31.23529174,42.88696507,52.54617877,19.24827467,0.342965907,3,3
24.66274298,11.6181457,20.24237921,14.9336133,12.86840899,0.301218884,2,1.536614969
24.70074457,39.44444975,35.77282316,22.65511276,26.75024402,0.284227048,2,3
23.65071099,38.49058663,31.8725573,16.77230978,11.62987367,0.693421673,0,3
21.00792149,45.65034562,28.67473297,33.18109862,11.20674814,0.650263699,1,3
22.00865697,5.381870544,35.68841225,45.91437441,44.46405428,0.204264235,1,1.166524935
17.85205803,14.75079098,21.31755236,18.45317841,46.45826156,0.69151872,1,1.655373033
21.3077042,42.22340214,38.82657616,16.50842723,48.38972939,0.291068596,3,3
19.55649549,35.17610229,20.11198692,40.73043744,35.62260993,0.201718335,1,3
19.8201734,45.24754342,27.67339359,21.51563769,39.69574272,0.74725188,2,3
22.5777656,7.573084454,32.59896594,33.96625359,42.61031399,0.362868093,1,1.322844061
17.81918356,31.86337846,29.42555626,12.55588639,34.65149266,0.569350524,0,3
18.18039612,30.60709587,27.68689838,44.0306406,19.86093971,0.20012396,3,3
24.24641791,6.605348736,40.77087864,37.06581908,12.03741493,0.613693837,2,1.342059052
15.56224295,28.10849346,43.37081436,42.37114495,15.67729882,0.207993435,2,3
19.85634298,32.42841401,41.84281712,23.770319,42.81863231,0.166876923,0,3
24.128008,13.60819284,33.06078283,23.93014877,36.32437572,0.386528572,3,2.030279605
21.10363008,17.29983124,42.10410438,50.06802665,25.51080936,0.790061839,0,2.237742084
20.46407074,33.81563058,43.02153913,45.92811565,6.323228473,0.176534348,1,3
17.49744179,26.07354264,30.23095993,38.98643256,16.97919667,0.117026568,3,3
18.43275489,43.61061459,27.08614649,41.40717379,37.80038719,0.031647692,3,3
23.52048416,20.40717947,22.45663015,14.70220898,28.05742558,0.415965757,2,2.434267317
20.59218132,16.99968463,31.97729803,52.80856522,24.59896225,0.282025065,1,2.096780212
20.14742194,49.31896732,43.65742301,48.49535165,19.11557304,0.292108451,1,3
15.99579714,46.00110966,34.0226882,39.52457669,32.31193238,0.981941943,2,3
15.16028156,6.304673525,36.68905254,55.92975656,48.48734234,0.194123403,0,1.197076504
24.63685189,39.68278769,22.82209546,18.43189538,45.55056395,0.458427051,2,3
18.76986167,9.965064822,23.5879916,44.3328693,6.372407214,0.986368171,0,0.84626009
21.03213062,6.236833767,31.61183155,58.14908888,26.64292202,0.030618053,0,1.08061118
15.79715073,17.31629822,43.78161997,25.50044823,19.82611841,0.696657445,3,2.58768395
21.83114286,17.12056456,29.01961604,10.7646157,27.97720981,0.371082952,1,2.386189357
24.32566709,41.86934431,41.93710103,46.74337335,32.27961604,0.906097614,1,3
20.75665253,36.98002607,23.00721484,10.34901622,14.00126306,0.911941438,1,3
16.26115322,49.17242423,35.42543017,53.62668246,40.17056313,0.387212736,2,3
20.81721527,37.01808051,35.01532442,12.81506261,26.37806225,0.221463465,2,3
22.66347213,23.8214999,41.49686875,42.63823649,49.64027247,0.428003438,0,3
19.06416537,36.45174474,20.08291761,28.85920722,6.130732358,0.965306275,0,3
23.79837748,49.97565802,24.74829168,20.16703269,13.53736293,0.281398589,2,3
21.48682953,36.95638472,25.49219064,54.91291999,36.03334103,0.981317798,3,3
23.99248918,39.27566102,43.7491522,47.3122926,36.28308859,0.819391498,2,3
21.23505311,47.22642568,23.84234141,27.02202831,31.1984701,0.267452332,0,3
16.31287972,10.11430676,20.92405876,24.20765464,48.73820129,0.791069467,3,1.071288021
18.09691711,36.71529321,33.36153737,46.80061471,23.68917539,0.049799443,0,3
17.01794948,43.28626811,33.21396156,51.82853813,23.76665654,0.548063377,2,3
24.08826498,47.94703701,41.10117413,45.79252321,45.97143635,0.357349139,1,3
22.60400067,14.49361804,43.72149125,41.99946125,29.22988019,0.426935998,3,2.273282234
21.76398369,27.67680535,33.46363605,21.39623626,20.91774477,0.472854338,2,3
18.0096632,35.62496814,43.24985456,52.64019916,37.35220936,0.50271276,3,3
16.84044772,16.13604783,38.12897878,47.48309917,32.88517782,0.656412274,1,2.081533613
22.56451088,32.02127885,26.6139782,35.86371449,18.78845226,0.696777028,1,3
19.74157946,16.59104521,43.21051777,35.57938811,18.40679591,0.975704037,2,2.255809214
17.25789552,20.00556592,36.6860794,38.45865139,22.80257589,0.762778669,0,2.457450058
21.16621978,24.86834134,30.35239832,51.41381971,8.222902955,0.687797776,3,2.64054366
15.40333852,28.81355444,37.00605211,47.11297744,47.41776061,0.392458884,3,3
18.26170254,25.22146422,30.03282069,52.8122497,13.23590181,0.117808064,1,2.936213916
19.68556995,27.19379839,22.8545942,35.36413858,13.7220936,0.058788419,2,3
16.47958334,18.43649403,37.97446868,41.23245295,34.11672823,0.47768471,1,2.458298141
24.84654478,12.15342923,40.6021903,52.72859034,37.59111713,0.668256713,1,1.707335007
17.09097365,7.13074898,38.22015498,21.61600301,38.15759568,0.650159851,0,1.445840108
16.3035313,13.81904251,25.72786669,32.20103401,21.87837606,0.95286142,1,1.441058757
17.03534874,31.18746387,43.91587534,41.03261185,44.29980288,0.382429973,2,3
22.69061133,40.37519515,20.63136404,55.75731287,29.47995778,0.627783813,1,3
19.25505659,12.61614188,28.31713243,10.79180055,24.73643985,0.887873822,2,1.653663687
20.6541594,9.8849911,26.50231086,20.62865791,41.46739074,0.404077757,1,1.463584015
15.21009157,38.71806622,21.20315569,21.72252539,15.96025622,0.477743153,0,3
15.34431309,18.73212487,30.14324232,26.33063401,43.70834495,0.922972896,0,2.153194443
19.4582555,47.81747477,35.577871,24.08933102,29.24732276,0.550241953,1,3
23.16655243,37.14430868,42.06382159,39.50693928,45.5026171,0.799609938,0,3
23.85238879,19.70402213,44.7422429,54.28101321,14.0725639,0.935623836,3,2.451188259
15.86706568,18.02942365,40.20223966,41.84889205,47.12283842,0.571058039,3,2.438999081
20.38363102,28.56642738,31.71701297,22.07632795,35.95445339,0.109186969,1,3
24.13229686,8.561510073,38.09261065,53.1876425,32.82478371,0.821699954,1,1.183178294
18.87972754,10.29544307,41.09059471,41.60228946,23.99303838,0.817782165,0,1.57431682
23.29565831,12.91360466,31.63267991,20.94810625,48.034175,0.114985194,0,2.07880947
16.33695654,39.8625617,39.62636085,28.08332686,24.97638327,0.548118152,1,3
24.3539449,28.12358117,32.06631046,49.49824034,27.43443286,0.487085635,2,3
22.51423318,5.475520525,29.66239977,46.94655907,40.16741489,0.847162933,2,0.643251654
24.41334393,35.30824374,33.15227094,38.82911848,17.81790933,0.274627832,3,3
21.76617234,24.06605804,36.89636844,17.23837514,18.11728908,0.426277708,0,3
18.63403932,27.98835642,38.17205141,50.16446487,39.88839594,0.604791045,0,3
24.38181173,14.63523095,28.91840672,25.37712643,10.78609051,0.517245193,3,1.915076126
17.75566776,29.83020028,34.28300629,48.57989695,42.03340341,0.955034275,2,3
18.32172522,49.06189579,42.74677185,42.37831829,33.13287537,0.960657328,2,3
22.00808418,8.305011095,44.4078225,23.20851408,29.25876949,0.081572491,3,2.037890473
22.653163,17.77628298,25.68120228,20.61846141,15.3099222,0.297846992,1,2.278560264
24.29403484,15.93489168,24.82077914,16.54549616,40.38656762,0.007534816,0,2.251626103
17.04802409,16.18471898,36.91714084,22.09731183,41.22288903,0.417860349,1,2.419139967
22.97998035,22.04178609,30.36709715,17.89145112,26.73238405,0.662139053,1,2.706431143
22.38546053,41.81494031,20.60555846,40.85256239,22.51260387,0.471284781,2,3
15.63794556,46.07864105,28.67154677,39.93915595,16.07728269,0.067181874,1,3
18.87223141,14.09967894,40.16861859,39.30860301,38.94053077,0.195956238,0,2.257857698
17.82765457,29.43274721,39.93567326,42.09449046,33.77533654,0.173291348,0,3
18.04490424,33.66045375,32.36712872,50.7392267,14.29839632,0.51112829,0,3
24.8294688,28.48223635,31.81444837,55.67763558,40.75106359,0.677680016,3,3
21.42777413,24.53343774,34.48768606,21.5187769,44.6992391,0.316325423,1,3
22.17676158,13.63889776,25.48491776,39.38872451,7.666126824,0.130460064,1,1.754269758
24.76617637,26.96987116,33.15109062,13.91681106,39.75892871,0.798597648,0,3
18.77201782,23.05466725,20.276159,16.00712192,43.376087,0.858361837,3,2.392086554
23.01840168,40.80035131,31.88898887,42.71696565,49.61785548,0.276488213,3,3
19.34530963,39.36219616,28.40127616,34.32902808,15.69206745,0.420747702,2,3
23.69533672,11.02994065,36.87174015,47.91660434,21.69514423,0.081931103,2,1.811920476
16.80657541,8.983357365,35.9588396,31.28387405,48.47859915,0.227697263,0,1.670276351
24.47686177,45.86692745,29.520897,16.37992034,9.230699763,0.767000378,1,3
17.18771708,29.0978775,20.18182454,53.60268269,28.56685298,0.36519789,1,2.863889463
18.26220507,43.60104218,26.30684073,14.14442356,27.80350609,0.604692265,1,3
22.56192234,7.616800425,35.83369625,19.44823213,32.29464825,0.94618448,3,1.288562023
18.93755142,28.69320274,21.80933358,23.8488433,19.88566767,0.723637846,1,2.995990704
21.08211377,29.27419316,22.69106055,59.76403035,46.66631399,0.453452185,3,2.859421605
19.44573501,43.73159146,36.17587561,30.84299101,17.15275674,0.36688031,0,3
22.42369937,9.39244992,38.89418502,35.08542652,34.23629829,0.190527015,1,1.789600053
17.28331252,15.82005037,28.0387427,48.48483755,27.31671602,0.756140073,3,1.653711381
15.58457987,23.29422412,32.24182664,41.82077927,17.00030536,0.112425219,0,2.929729565
17.99929397,43.96286639,43.64278412,52.0710346,13.49842081,0.06139369,0,3
19.74308665,47.24974918,43.63858905,34.32167293,48.04529559,0.104828675,3,3
16.68020052,49.67260788,27.68756936,58.60888437,30.25811577,0.242905387,3,3
18.5479729,48.16370689,40.24969688,49.84061808,32.18859105,0.627123415,1,3
18.99983018,5.267379013,34.84860132,30.06826942,40.23029566,0.861330133,2,0.957010184
15.57391844,7.146875365,44.38711233,29.06359115,8.655199637,0.992622403,1,1.407310835
20.83307248,11.64230686,31.94033924,56.4745596,37.11939205,0.731484148,2,1.298420991
23.84343428,20.69879435,39.3676717,44.22078179,12.43130619,0.145977096,3,2.866938793
16.51742913,42.34631139,39.20342824,41.07168173,38.32164883,0.277704758,2,3
20.97808013,45.16952879,32.43582169,47.89153187,11.35979022,0.131986744,3,3
21.64739205,13.40754828,39.89075286,38.04169141,42.46221649,0.115551782,0,2.232253785
19.1933468,32.88488682,26.52600833,17.95833865,35.64573173,0.567732649,2,3
22.01097587,46.28128933,23.05632591,25.9607731,22.365063,0.906723057,2,3
19.10731543,25.86792812,30.62909362,37.89724319,21.14754998,0.684326361,0,2.886626986
20.04637288,9.659460738,43.59076642,10.90839105,11.70261786,0.800650197,1,1.909562612
15.07353045,25.60161425,32.51861521,31.86753525,45.68240101,0.508096761,2,3
21.91720114,21.9107706,35.88147847,47.79014396,10.33381728,0.475321105,3,2.671564351
21.61342679,30.99460982,35.6040614,18.21170023,26.24348248,0.937484566,1,3
15.38400877,24.7396408,23.31432168,13.22794751,15.64333047,0.721964638,0,2.757846342
18.68250107,5.780566708,29.75742206,51.80145704,49.83473786,0.459341111,2,0.822285614
24.79031841,49.729898,37.67347432,40.86369342,31.36298232,0.332582447,0,3
19.20736563,29.4593107,44.29975246,18.82894862,11.73130265,0.093127493,0,3
20.01945405,26.313384,24.20044346,50.31524903,35.04037989,0.820982911,3,2.524375902
24.09930158,47.95778172,30.26104726,42.90647357,49.62240578,0.169323693,0,3
22.17261876,12.01371654,22.377345,26.70596348,32.22694763,0.515015829,2,1.422715604
20.82070131,13.51569211,26.05941149,28.8098136,25.58205926,0.637279239,0,1.613478506
22.97804681,41.36066371,29.41898358,17.79440816,18.19715547,0.744078105,1,3
23.64366266,16.7373986,33.5160812,51.76277971,9.145553667,0.083343558,0,2.231642991
19.56888072,40.96521978,25.76417206,35.45033258,15.27108345,0.010686139,2,3
19.75108365,17.21900673,25.68906653,37.85095383,29.91293508,0.706008496,2,1.846689104
18.86050936,6.49344336,39.44574948,54.17459576,38.92035644,0.454391275,2,1.195261057
24.6670614,28.26566257,44.06604157,10.79153082,44.50689006,0.18113536,1,3
21.97166254,13.85088954,28.09032419,13.34615313,40.71705127,0.982027412,2,1.696957856
15.83223066,39.10308318,37.19980047,18.07894909,10.64593406,0.791354155,1,3
23.62959623,33.8539835,26.45201153,11.50189065,39.80569483,0.578513061,0,3
19.80559941,46.56212006,43.19880637,42.90780783,31.17220458,0.702107093,1,3
15.68753906,40.23447608,36.822559,41.69397341,26.10984009,0.155023456,0,3
20.49717255,13.13491797,40.06692137,20.54009515,30.77438533,0.962225195,0,1.962542293
19.17164279,41.00712065,21.23385108,17.47032224,5.363389795,0.996367079,0,3
23.77749405,33.87816702,34.96264921,17.28423507,8.047860934,0.64844551,2,3
17.03994604,35.10282388,33.19030828,57.66207067,28.66321756,0.668312601,1,3
23.26464609,42.45182987,27.32492267,44.67522643,12.81286623,0.704458526,3,3
20.57688691,30.82208311,26.56074963,39.27144142,29.54934285,0.665786223,2,3
15.54610303,25.97015815,34.50062006,26.12434359,20.93961073,0.438540828,2,3
24.71845301,33.64884659,37.66214088,31.6521599,45.83354093,0.540676237,1,3
20.12615244,18.4080843,20.82931893,14.47029406,47.73575423,0.282726197,3,2.249053022
17.90876854,13.2168709,34.18503955,59.9075944,49.09028509,0.446847916,0,1.638688506
19.69406842,32.74645271,24.26148822,47.75427318,45.45220981,0.436103306,3,3
23.57857784,15.52317661,23.50906828,41.07265784,49.3650883,0.288140422,1,1.781156481
18.04903124,8.596179921,35.5779872,39.38835976,36.77662066,0.786704819,2,1.258314891
16.92676396,5.024938306,27.77175293,35.2157186,48.2244026,0.409672004,3,0.87122574
16.29071247,32.37437306,31.02200583,22.87137138,33.88066095,0.551715279,1,3
17.97859398,21.29669526,28.99997024,21.31952017,41.41463931,0.156090523,0,2.805094737
22.80048087,38.85399368,36.208408,37.47662286,10.93594967,0.4749669,2,3
19.71626365,21.88293792,31.75299415,13.51004073,35.71698144,0.761455331,1,2.730898858
17.27481604,26.87015517,44.08646655,13.72353994,46.89964892,0.444525639,0,3
16.66185,23.31882378,28.80956898,38.04068016,29.30217087,0.557741384,2,2.63292385
18.32729477,34.2758656,38.50710851,55.99060241,13.40688711,0.701706584,3,3
24.39924373,21.02626229,26.43231419,55.71359256,28.70998523,0.388975575,2,2.232079656
18.43026713,48.36954425,32.71882732,10.54141503,36.81234473,0.353282553,0,3
24.88124076,47.1266144,33.8142438,15.36971078,39.64048246,0.085741958,1,3
19.85230456,43.16125562,28.22773203,39.15388469,28.56659045,0.582272394,0,3
16.79163918,46.41351218,31.79451322,52.42378609,14.78156109,0.706958549,2,3
23.91140092,25.21128598,26.98196595,57.72245433,46.70099549,0.581252462,0,2.552676689
19.60355373,29.13936786,20.15001954,53.0291113,39.81278374,0.283525345,2,2.913550318
22.09671344,38.39416667,25.39120754,43.88065676,17.18097803,0.262336876,0,3
24.83711583,36.32656662,37.50160431,20.02625388,41.53158128,0.159487613,1,3
15.5017535,45.0805368,39.27407561,13.6310737,20.65381923,0.046990831,0,3
15.9669456,37.23489623,27.00507168,12.37578913,19.05941051,0.426878036,2,3
22.20456741,49.90481187,30.20107497,40.60383923,43.83844823,0.160520321,3,3
17.81825003,20.68276099,20.9341415,11.8094302,44.29558431,0.690797701,1,2.302587664
16.84301397,42.4848984,25.92657253,46.96199782,22.93166313,0.96173301,3,3
15.3936188,36.39356703,39.48048208,45.62353687,5.401526229,0.073481556,2,3
15.21846712,36.11239003,35.14965676,13.98054124,13.39545296,0.892955784,1,3
22.74485603,19.66260177,25.14426305,55.33111825,45.91833477,0.657716088,2,1.922233052
16.34433427,40.35208066,26.43604988,36.09646443,45.44372017,0.860278981,3,3
19.67720616,45.51692101,40.42005057,55.22192837,25.40051366,0.154958851,3,3
21.05896815,14.83468077,25.22710507,55.08050281,18.68525183,0.906482029,2,1.320325537
19.28351801,33.14735767,28.35394315,19.85170319,18.62367314,0.957871821,2,3
15.27106652,22.64606731,36.60896729,29.0288814,45.37376612,0.906714109,1,2.741259772
22.83501503,49.52966537,34.02780964,16.73131668,19.61299899,0.785499631,2,3
15.10513225,26.54747671,31.52175513,48.74890051,28.02111169,0.090304257,3,3
22.61889894,15.27440782,42.49352727,35.20624578,37.89549728,0.220731071,0,2.481463698
23.93304494,22.18359313,25.49276157,56.44037877,14.42664687,0.913135211,3,2.047146639
19.32839921,34.42272754,38.53549727,20.41076074,16.42275867,0.229424297,2,3
20.35542473,8.424021711,23.97659602,44.41838308,21.11278519,0.347714032,3,1.023581191
19.76983393,32.16208641,35.39334584,59.46184139,34.44005252,0.050476895,2,3
18.89208619,46.90511416,41.76558909,43.26906309,41.7870793,0.628093005,1,3
23.87424535,43.26632544,31.44754464,13.43869664,29.60175935,0.563300922,2,3
23.93933511,8.04530915,38.10736268,39.42121748,10.98179315,0.961771668,2,1.199678329
18.35816365,49.70254454,40.50983382,18.99213748,25.08104854,0.892344635,2,3
21.15069754,36.44271157,23.40066062,11.52513887,10.7460825,0.505943891,2,3
24.26907562,12.30263709,37.64567238,26.74803487,8.973372635,0.609337303,2,1.912970455
24.62058499,5.558724013,42.9960256,23.30520415,31.53275464,0.41319682,3,1.549422803
20.0895904,12.70771863,34.40926525,49.43854494,48.02954503,0.132459137,3,1.857132353
19.52824805,42.71791643,24.65305611,28.68402705,42.6925325,0.867790595,0,3
17.78694316,5.973769623,23.17356329,46.64793902,39.85120681,0.549538581,0,0.628580391
24.58871873,15.49162866,26.49338326,10.8119496,37.71751846,0.425392124,1,2.111460084
16.42814304,39.07875179,22.58783173,10.74060667,45.37075357,0.068465406,1,3
20.79829576,31.37497412,32.83485179,11.46567288,38.87757879,0.665383408,0,3
17.82550268,40.22310697,21.74261707,20.96792209,33.20948054,0.399664906,3,3
17.7900829,38.57677267,25.58511562,28.69938925,21.41060361,0.253695866,1,3
19.04968587,7.27706242,30.9977611,40.39229016,9.542475044,0.876753272,0,0.918665408
24.98792936,45.16301386,31.84786876,59.29569429,25.74650137,0.183631834,3,3
15.54966307,15.21643254,34.13496213,27.72047835,46.61529063,0.515019874,0,2.124760604
20.78541818,29.90265981,37.64037407,12.78294534,31.23951194,0.795756019,1,3
15.82572158,33.99296704,21.18071599,19.74500808,13.3026881,0.849074773,1,3
16.5452083,12.58826949,22.0155238,54.89259169,34.20604888,0.8187054,2,1.034399126
19.39562942,48.93040655,21.5214788,44.96895951,25.94580053,0.896626335,0,3
20.10460131,26.96701802,30.57875789,49.5100412,46.91210399,0.142357378,0,3
17.58792408,7.593921302,21.04619862,16.20841028,12.24229595,0.940458532,0,0.828618715
18.16457131,47.17679202,38.65203167,16.74934944,37.04052868,0.010802932,1,3
15.8696702,31.38205294,25.57500453,15.61230038,35.67211092,0.255904002,3,3
18.03219784,36.46369391,43.48031233,52.85845822,49.25937103,0.084038746,0,3
24.66558439,28.63291055,32.16009388,20.49838043,30.4210457,0.945533135,3,3
24.44707382,42.56320796,31.15814381,42.15758727,44.22083162,0.423935653,0,3
18.3487829,6.491005799,39.51346732,35.80831831,6.112127189,0.315269405,1,1.450498272
20.70853936,17.07702644,37.8288496,37.21949559,10.53013857,0.167087464,3,2.512925609
24.09595391,26.13417604,35.18272602,19.77176792,20.56723578,0.155817907,0,3
15.06183823,8.447162734,43.37866766,41.76230467,32.86973287,0.613931686,3,1.566082972
23.1068357,36.76580012,30.55648152,12.15502672,25.20857052,0.047084166,0,3
24.48369553,22.71485363,40.21329189,59.67361381,14.12133113,0.594330375,2,2.718027101
15.91325734,17.27005956,29.50232364,11.33794532,31.5141683,0.774649372,2,2.209712605
16.61447686,5.152048106,40.95864186,12.50782704,30.50145767,0.601014867,2,1.454907169
24.60746303,37.39236403,26.48686572,26.23237099,28.60013653,0.826578768,0,3
20.37540144,42.5214189,27.23167682,51.58126779,9.075025045,0.265258704,3,3
15.14196634,22.77682411,36.94673835,22.85946059,46.71614717,0.077171518,2,3
17.57631999,30.38980897,25.31783237,33.59675069,31.65148867,0.720990617,1,3
19.49943674,15.24589817,25.72885468,10.89886656,16.87962862,0.82813039,3,1.859164445
21.92908911,32.99889408,27.63156073,13.94396582,35.93381857,0.501676537,2,3
22.33160378,5.546185624,36.97321924,40.39830243,19.30585959,0.82061694,1,0.97276771
24.95421513,26.98897537,42.23470231,19.71792347,27.7635212,0.457919155,1,3
17.87511199,33.98924668,36.86419128,44.71272815,20.3509297,0.198527634,1,3
20.38220102,46.3186298,40.69535611,49.26955875,44.61773119,0.474394018,0,3
20.33323548,22.16011177,33.58901474,52.51670997,49.7291263,0.215950649,1,2.702502578
19.05645259,39.43355913,21.72308053,16.6899669,12.25319294,0.472031571,3,3
16.69161894,31.89591635,22.51165529,32.77542745,6.061052775,0.147551559,3,3
24.77456563,46.71554508,33.85979946,57.3540725,14.86951281,0.185562071,0,3
23.53317187,22.9269954,28.19502422,48.60417712,31.54783924,0.882912765,1,2.305035527
19.98333028,19.35929029,25.51420184,15.84801909,12.82780128,0.115858181,3,2.569993143
21.03245423,44.92138994,31.65642318,35.12501225,41.51679911,0.22427428,0,3
17.27261054,7.215998063,36.66241852,56.11902909,23.39017596,0.995520051,1,0.884730108
20.4378707,11.13734268,29.62479869,32.00194028,32.47397333,0.576018516,3,1.493198897
21.94970133,8.708199556,40.06355643,51.87088044,25.50280287,0.585819217,1,1.394653424
20.15167028,42.93994805,38.46308116,34.79218606,45.64975647,0.844970876,0,3
24.90285171,5.477334052,38.37287205,15.34058386,6.581090168,0.524319636,2,1.411263483
21.11341656,43.774572,44.62974224,17.3927463,37.8185853,0.221781953,3,3
18.70973713,25.30705079,27.38074943,12.33378764,34.347746,0.422466556,1,3
22.72152028,5.181137548,36.11813966,19.76573703,34.22817639,0.755001254,1,1.146893746
16.70462512,23.07403297,41.3869585,54.68070499,23.62952269,0.872448438,2,2.703937312
18.84515814,13.40603785,34.48811085,42.5099023,5.705385281,0.273203825,1,1.928506544
18.4695895,33.09802194,39.7375544,46.94284674,36.01583249,0.261975264,0,3
19.31807095,35.57114555,30.36130465,41.08307292,42.32620458,0.327608206,0,3
22.81779826,26.93874067,34.76228364,29.32696461,8.835363994,0.5962107,1,3
19.84173032,6.823378645,21.39165982,20.84305664,24.87278769,0.278509066,1,1.047708093
22.9401445,34.5257962,44.64419015,56.2807292,12.31676843,0.893136925,3,3
20.76488903,42.89174526,40.00046204,35.74148908,32.49220039,0.978007589,0,3
18.42069435,37.41459248,41.72022679,34.05499406,40.35221944,0.679119922,3,3
23.09978744,42.34810635,37.35735695,59.80520443,35.00179542,0.970299696,2,3
17.38289671,14.02292856,24.65125082,29.19649942,19.31270317,0.287850468,3,1.788110988
17.2438298,44.99995728,20.77571106,52.70626574,11.28797163,0.815170353,1,3
20.04502924,19.49870528,41.61641519,53.11720302,40.74206657,0.67844464,3,2.466690018
17.60849246,5.603216641,29.90826634,21.63351052,19.57625863,0.263191831,3,1.209332855
15.09087035,42.95262408,26.5966219,14.74198462,5.996292428,0.31840728,3,3
21.48297527,47.3819571,34.04182397,58.78100579,30.71395465,0.488625667,0,3
20.11093821,34.50011888,30.52246306,31.29484321,16.10047896,0.791643337,3,3
19.45517814,15.41464837,36.29164989,10.1110161,42.85426993,0.872222269,2,2.213965205
24.66968515,16.32850089,32.09483083,34.95089169,11.4464842,0.633947044,3,2.036195345
20.71199184,25.9966793,37.43082851,40.96501819,24.56603821,0.721576372,3,3
23.63431578,45.40239858,41.33558174,48.80441237,16.39085916,0.263849538,3,3
16.39450236,11.73189453,24.88892527,57.14710591,36.03207286,0.74107155,1,1.060813461
20.69206463,42.16881513,28.23582201,55.75853145,29.68389092,0.604979813,1,3
23.67979627,18.10862639,30.92038966,57.006791,40.59444737,0.222920905,2,2.160013932
20.83105757,41.38637762,44.0514612,11.60625741,25.63756589,0.950186972,1,3
22.18014178,46.41220389,29.13334034,45.58870669,5.216379419,0.512859609,1,3
18.72043568,24.23722424,29.52749624,21.29289814,14.68384162,0.794462019,0,2.797812308
15.92449517,21.42727943,36.33681307,19.37763436,49.96206987,0.525612767,2,2.897372319
19.57900295,41.09995935,30.47999275,50.01592843,23.24052452,0.932936716,1,3
18.94479391,28.82672971,43.78059364,30.85648446,32.91057985,0.141279385,0,3
23.67060182,35.80020718,42.36171901,55.83000379,45.72192236,0.546154626,1,3
17.43995302,33.02731566,32.83521944,12.12175454,5.923588197,0.025155002,0,3
24.66734228,11.87999805,36.11938085,50.10904147,34.68233284,0.197393593,1,1.792191956
24.5813812,43.01556621,21.45076405,16.84172056,17.97696383,0.281026505,1,3
17.47631643,13.80988001,37.3932632,18.82886008,17.56617149,0.472610071,1,2.202836472
18.48051955,46.95269648,37.68002182,33.86758578,15.11831315,0.820172657,1,3
23.95555741,16.27570811,28.97998239,29.77949704,42.02281473,0.466654501,3,2.062448004
24.66622221,38.0246438,25.49207209,34.30861531,21.78264796,0.5611872,1,3
19.43439103,17.80949271,42.87696005,57.0013261,8.020244222,0.924054361,2,2.178140831
18.20997046,19.30034339,30.66762252,42.86944678,9.358302105,0.756532465,3,2.145327723
20.26094013,18.95008338,36.34265262,24.51546909,11.68764632,0.050203388,2,2.836173706
21.87769206,38.65515143,20.83321987,18.64543562,45.45174143,0.176462591,3,3
17.73474515,30.05668031,30.35167916,31.00231376,24.23495419,0.038217512,3,3
22.36473175,44.73286051,40.43147028,32.58205136,46.22222028,0.069056261,2,3
15.51657357,18.83177236,29.68940001,40.06472049,41.78657627,0.338854802,0,2.302749297
15.49294493,36.13966349,35.079029,23.30013518,42.70471796,0.727858504,2,3
18.86287705,38.88268698,25.24639501,48.37546235,17.9074315,0.244352893,1,3
18.53473192,11.81669509,30.41314122,14.92301227,17.20914857,0.392286262,1,1.850067629
18.15633215,23.02652108,43.19094295,38.02266818,30.20307709,0.393874661,2,3
19.91019763,26.72678725,34.16129374,41.17658266,23.80662329,0.59030655,0,3
18.20733582,21.00593255,42.54828648,20.34157905,27.90773097,0.892919007,3,2.868994176
16.92257918,19.49506682,42.55048249,51.30056752,7.394189084,0.983227283,3,2.363236781
18.09469549,35.88889523,43.60369501,40.77160626,48.72155861,0.604610964,1,3
24.74904273,14.71398789,42.3847915,42.28611073,7.617596353,0.50507048,0,2.208828826
19.11113417,36.92258354,20.08202823,34.88717529,13.04740839,0.681875685,3,3
19.44712777,47.07698884,43.35037229,55.47971086,35.51902362,0.668031247,3,3
20.7654499,30.43388845,23.43648598,44.69637907,11.99756983,0.523945863,1,3
24.83340768,32.51454065,20.99815628,29.09177824,9.809146747,0.736956299,0,3
17.41601276,8.101971596,21.38471336,21.93029439,11.91291716,0.491271403,3,1.058082293
21.81282111,43.90146066,28.72290488,13.55308374,7.786410945,0.996458426,0,3
22.15984694,17.84515042,35.52010213,18.26804186,16.30934331,0.048997303,0,2.761339376
21.07324417,32.67730245,30.05777991,59.6341476,17.2003672,0.443215622,1,3
15.8857834,49.06004764,20.63885712,30.3383448,27.43799394,0.397024344,3,3
21.76872276,31.79761703,31.91206585,54.93436136,24.74251327,0.770303957,1,3
15.64094711,37.61192694,31.05326856,18.52846784,26.31710368,0.190825356,2,3
20.9614265,25.03938282,38.92123164,31.26804357,32.72177769,0.434075498,3,3
22.39581177,7.716462958,26.99032246,58.02592335,15.39326441,0.697944537,0,0.742092209
17.10969891,40.89197073,25.43827934,14.55661257,11.0616859,0.603191866,0,3
23.41622008,6.574947857,26.39847394,39.69921419,44.54952254,0.545121831,3,0.867890859
15.30353806,36.5296023,27.59349557,55.95859503,33.52736028,0.434955132,1,3
23.43812864,6.031470792,34.97912183,57.48416865,7.729848227,0.7520088,0,0.81827172
19.60329051,43.80373565,31.78813714,52.30037386,48.24732425,0.646425128,3,3
17.1758794,12.09362161,28.42236413,52.79672162,36.1880826,0.874711025,0,1.19145157
16.33778145,28.14221729,29.35785396,42.60914771,11.82670889,0.732998886,1,3
24.53307168,31.8717817,29.2730915,21.0211554,48.61104943,0.140407564,3,3
15.72665588,25.58954333,44.31016737,46.53392722,21.44333045,0.619538042,1,3
16.9909342,20.33435702,25.8249247,58.91922322,49.30295359,0.044538433,1,2.282805077
18.47822347,26.05164333,40.45153901,36.29667573,9.647403323,0.387370862,3,3
21.20234849,19.01370892,37.70527094,23.03486795,12.19861477,0.411937707,1,2.721895724
20.44801085,24.71550562,20.13925014,38.67355339,34.58387979,0.854882903,1,2.328681914
16.25643492,21.15108459,44.82940545,44.53051781,5.996455932,0.180371707,1,3
17.89727984,30.47921706,38.91098427,20.41401547,5.841033855,0.643541505,0,3
17.38751771,15.7065873,37.06123966,45.95946738,40.63922745,0.192387023,1,2.2502452
17.13542854,49.48954497,30.13311769,39.37164294,12.55011493,0.948670151,2,3
19.11144336,27.5391479,33.88007722,40.61749546,46.34554967,0.529496933,0,3
22.04031453,13.73729348,26.33177239,25.29939649,24.1653273,0.708213765,2,1.644354247
17.17452932,26.46800373,20.88708513,17.76334051,44.31435594,0.64654539,1,2.842130444
18.6667888,43.98868083,40.90054146,41.17249477,23.79936128,0.303638524,1,3
18.90917427,5.981305691,42.41211234,39.31164946,28.86035022,0.90119776,0,1.168152272
24.76456529,35.57993536,24.06176592,26.90060939,19.24313728,0.627248669,1,3
24.54666357,29.65855086,39.6764024,24.79468338,34.6134388,0.510318019,0,3
23.00137583,12.63010975,38.52881683,27.36222308,19.31905247,0.528360693,3,2.009502292
17.41658921,41.78643977,24.45937505,34.49416692,15.0426544,0.890690524,0,3
15.68037314,21.59980801,30.54572006,58.74098676,8.647129038,0.059119473,1,2.561201866
18.16904138,18.2210913,30.56894802,48.1782311,7.595120652,0.389062092,0,2.164760707
17.66794549,42.26563363,38.99910646,52.58698696,18.76884589,0.841627528,0,3
20.059258,33.73362708,40.94152264,35.28247845,38.14130054,0.037515247,0,3
22.7772791,45.42165877,22.36937803,36.30618059,14.25290299,0.639181219,1,3
23.58322939,33.34476667,34.07423087,20.21623307,18.46523526,0.403264183,0,3
23.44864085,38.33679461,39.04371242,46.05229182,45.73271383,0.204583471,2,3
18.59675561,42.64006533,39.65476485,31.07920029,33.76208731,0.611404867,3,3
21.87234343,7.463283616,23.69983811,47.12234294,46.38750752,0.831061003,3,0.649569034
18.12834198,39.92220315,33.13762858,30.45276907,46.00517153,0.467339554,3,3
15.60905543,32.61679168,41.43896766,15.42585936,7.853480712,0.146737389,0,3
22.01565266,8.127850843,27.96296441,18.65268439,47.97541962,0.30615122,0,1.405281444
15.09827553,27.88600648,30.62792247,50.5785039,7.303008158,0.98135325,3,2.813069733
19.09182587,8.710613509,40.10896278,22.93082448,46.6528513,0.111091887,3,1.923172589
18.29379269,38.11762408,22.23298803,23.21772113,29.60300465,0.16071502,1,3
21.93377539,29.59257713,41.48733225,56.4684045,28.99353123,0.990177848,0,3
22.66245473,47.91080918,27.77891792,42.88178114,37.09688282,0.882101424,1,3
18.04094636,13.24109172,20.03625791,15.71537769,44.56450718,0.707128745,0,1.481266287
23.11627014,32.27150536,25.85397863,17.17926351,32.765205,0.150983253,3,3
17.93916761,14.52119606,22.23751602,23.61837164,24.14299342,0.24054915,2,1.836911848
19.4632636,32.63292431,22.30962267,39.69978439,10.03502043,0.180182204,1,3
22.27018527,37.51923661,37.32089335,47.6412735,40.51441877,0.630954855,2,3
21.92920229,37.50369482,25.34940839,23.72482217,10.77320716,0.398868888,0,3
24.87368472,41.67832958,43.36855907,53.53210187,37.68646375,0.047779136,2,3
17.25161024,43.40976026,32.91111366,15.45900894,28.75662256,0.291292303,3,3
21.62317914,8.477227682,31.50245645,20.3799584,22.36261661,0.860653226,0,1.263678453
21.09681908,20.44702207,30.85708796,58.52324606,32.58438738,0.796042333,3,2.090018178
24.15098454,35.92051342,37.31469099,16.73724318,39.75602387,0.643011804,0,3
16.56362142,27.43638293,31.30656906,54.40556539,47.35128283,0.085543514,0,3
22.51798164,13.5804176,23.21500891,45.19675377,16.91135973,0.882790819,0,1.238512443
20.68268616,29.87193066,42.00430452,13.65435453,47.62085721,0.534517809,3,3
17.7466587,23.33460437,30.70988372,34.18534144,48.24266207,0.49457601,0,2.767981809
19.74434914,22.55172249,21.85011439,35.94896766,41.61337315,0.934063577,0,2.156987931
18.33776597,41.43891728,33.23414969,56.60698157,44.66467287,0.008844027,1,3
20.79313403,23.34192502,36.18367146,31.05522965,36.15923812,0.555897207,3,2.951813984
23.89000611,6.190452747,26.8895616,32.33818077,6.759374897,0.791244391,0,0.796359991
20.69304984,7.61285025,40.00851019,15.62418774,30.87853451,0.063690475,0,1.906814917
21.31722418,43.53098188,36.74439615,41.95862817,38.62420533,0.357172067,0,3
20.18747847,48.22703645,36.25852923,20.54484879,47.37664106,0.977485185,2,3
15.51165506,35.97842014,30.52062382,13.87666291,30.67033312,0.211786052,2,3
17.32858557,21.39657323,44.04788254,59.84595,40.73903052,0.531179433,1,2.743870858
19.92001729,47.23701421,26.8547292,23.4814814,36.72674229,0.746069026,2,3
18.10235284,34.82613889,34.44263753,17.05265826,17.63612998,0.390373853,1,3
16.81763598,42.99500971,27.72637894,44.97451873,11.96276338,0.407873247,0,3
20.04132842,39.46335368,38.62011882,51.0841078,38.79073979,0.063268352,3,3
18.22809793,22.06126921,21.1947871,13.20387466,15.51957625,0.190093348,0,2.685534403
17.58107643,26.54159904,21.1473467,15.26966537,16.01111996,0.880609226,3,2.766070194
19.63985417,13.37594695,40.27152424,14.50869118,33.97758074,0.81831764,1,2.125733104
16.33284258,18.14063452,30.85670403,12.34796517,40.50808088,0.304638522,3,2.56682134
24.27745733,40.01565476,28.52950137,42.97282393,31.20494418,0.381711299,1,3
23.67702098,45.22902763,35.18817155,39.41565949,44.82424192,0.440410424,1,3
22.07620586,37.60071905,37.5474836,43.14033283,14.51494712,0.345943628,3,3
16.06213828,25.93281635,25.03003367,35.28335816,16.35864933,0.653911704,0,2.747826657
22.75877254,8.892917102,24.63578104,50.87538427,33.66299769,0.012828431,2,1.195316353
23.07957328,7.562657691,43.95376869,37.33341512,42.32156831,0.880168056,0,1.407973213
22.67764618,21.84465041,34.74160766,55.93734674,29.27083108,0.300649094,1,2.632820615
16.13965887,25.87197734,29.75291193,34.28242663,5.467170799,0.872373462,0,2.799950468
21.43907957,32.410428,40.03604237,49.53293306,35.46244081,0.454385818,0,3
23.34324796,5.292028462,33.12897397,30.36801768,41.61120949,0.776330992,0,0.941656306
20.77353401,49.53753007,26.04157026,31.76119474,17.44446326,0.825779839,2,3
21.46407375,21.37724975,25.16838264,52.44960226,7.4389203,0.301288824,3,2.301530629
19.58363479,43.16425987,29.92148165,15.38299177,28.30783901,0.640324809,2,3
20.2870732,29.07350175,41.49739651,38.24588775,6.896984916,0.607413976,0,3
15.34376858,10.86977545,21.5361979,46.31682339,23.72075348,0.476014102,3,1.103675524
21.38963022,40.89044986,25.46315002,47.52103077,5.801803001,0.469568677,0,3
15.81447213,36.94221837,42.32879547,39.57467636,15.12350253,0.30520327,1,3
19.35014594,28.73462382,23.04336422,32.40322421,22.49701033,0.310190512,0,3
17.92655098,28.15488911,35.74064296,23.03912219,10.02676504,0.548151608,3,3
20.4542795,8.936582259,25.3377842,55.47131177,10.13701568,0.032270618,2,1.167402606
16.33416336,34.51320269,35.14667119,28.48939738,42.21777831,0.933664382,2,3
21.91643402,46.00603201,29.57760417,49.94960443,6.864074004,0.649979323,0,3
22.95011537,9.196021365,22.54192241,11.58328065,36.00348119,0.44344354,2,1.333444974
16.6335445,16.85801528,34.56187669,21.60846073,41.65169222,0.061806002,3,2.590876476
16.04313087,45.6038588,37.07606868,27.27923964,10.88250594,0.63001251,2,3
16.45515483,17.79547594,37.00681547,43.57870317,13.79168305,0.017742663,2,2.568449747
23.77127562,34.42746525,35.92586023,25.96654036,33.86719857,0.679867195,0,3
20.28189262,29.06681742,32.50561952,12.06819004,19.20409757,0.072524448,3,3
19.67260996,31.83474223,32.98681542,18.6933758,26.43903821,0.65610219,3,3
16.06711819,23.71050057,35.89100275,22.95826762,42.62012187,0.405887766,1,3
21.49556007,18.49961617,37.25648404,18.802374,11.20924271,0.662628495,2,2.572506432
23.67999592,7.184005283,36.37191847,20.18622801,32.88436349,0.138497326,3,1.659686868
23.28185869,38.49264227,34.67363912,48.44784703,47.4078975,0.117382909,1,3
21.26054709,38.5742058,23.89597462,30.6016822,7.585998336,0.247424041,0,3
15.75278717,35.1826583,25.26541346,30.25896223,7.700304424,0.411511318,1,3
16.12397027,33.96352047,26.50560053,58.33031683,29.96340677,0.253030952,1,3
15.49308987,15.96727095,42.99154143,32.3350919,48.20341082,0.082015384,3,2.665419864
17.57479216,6.005522019,38.98487729,56.38290663,14.92131391,0.325028098,1,1.173704996
16.35661467,41.39219286,33.82167049,24.95315491,19.88563864,0.7057609,0,3
17.6004804,27.10123411,26.30142321,30.031313,9.439158855,0.583086104,3,2.994981336
18.85058056,18.80771588,22.77228808,29.8141678,21.30112537,0.963324555,3,1.860043902
24.42982784,9.586935805,42.46898065,37.30394162,6.994961601,0.435921661,3,1.783326022
21.1037606,7.822471591,42.3166504,39.21236454,22.5092299,0.332802355,3,1.634277349
23.34973786,20.69900248,22.76738989,22.40625145,29.99694987,0.693679528,0,2.257910966
22.10351501,41.21316791,39.93041665,49.67921252,48.8752172,0.411958789,0,3
16.12503131,46.34256872,31.16612673,34.82629773,41.82745908,0.618309269,0,3
22.35920406,45.35381141,28.09917332,10.35217768,41.99294348,0.946287281,2,3
17.75098882,46.40003756,38.47761341,39.56703167,15.26649461,0.499189229,0,3
21.39107847,45.84764044,35.35823853,49.90297208,8.925561598,0.498175006,1,3
18.40961974,28.72511382,39.50075269,22.52333689,32.13836168,0.775166523,3,3
24.97672263,14.87370374,21.85822152,11.89355047,28.45121878,0.756076655,1,1.719003925
17.63551479,40.91209623,27.9646755,50.35893278,28.24267445,0.516231446,0,3
17.79130471,14.61708387,27.98292126,58.8138358,9.905359379,0.064720349,2,1.773973896
24.30672256,17.02432745,28.24382731,13.82818073,27.22482024,0.980786994,2,2.015218351
15.24644405,15.49644448,32.56199682,56.90184037,11.76600833,0.377320421,3,1.877365728
21.96688988,28.17420817,27.07534508,27.9637206,23.99515672,0.316706416,0,3
22.25326391,19.48223787,31.10959025,57.07198043,7.797318469,0.981546833,2,1.923716908
23.36378577,11.93702223,29.19443983,42.4419662,43.56016697,0.872135217,1,1.306362947
24.74439311,25.39280354,38.3824012,54.51221562,5.593103884,0.330216642,2,3
24.75601919,44.32582575,35.08751989,49.29165125,47.26954128,0.308309056,3,3
15.65276758,30.67487847,36.34073581,11.39988714,43.83013202,0.720954143,2,3
23.21839323,44.52510226,25.26459735,13.27212512,38.86736327,0.334315902,0,3
21.46309934,13.81424833,28.13755413,36.28723026,49.2147762,0.251431963,1,1.83075502
21.47342134,12.51382432,20.52913619,16.48095099,7.421899871,0.979670847,3,1.281042038
16.28349927,30.90097066,22.70936768,33.05171196,33.87186977,0.565710238,3,3
21.50187166,25.84980057,26.6263558,57.73151493,43.21859407,0.762497621,2,2.51396129
24.82482581,34.70776887,21.63659303,24.73786438,10.69776934,0.71305496,3,3
24.1181857,40.7582056,35.06581001,34.44563569,31.31487404,0.755525995,2,3
19.39130661,38.8088283,44.9532529,29.2129815,22.72648589,0.903389976,1,3
15.39947973,47.40175281,22.52038035,41.49134821,24.6122201,0.500768333,2,3
18.6229349,22.92153841,40.53075532,19.69224653,46.06358384,0.753378179,3,3
23.26390312,14.2874034,22.97040618,22.99696451,29.23931526,0.796813834,1,1.566043984
22.01499101,29.7910688,36.74785047,52.93839257,9.196792018,0.946384585,2,3
19.59343656,9.983440409,36.07894008,50.56681119,47.17472782,0.713096703,3,1.338758913
15.55101535,17.99830055,42.56792337,49.45948444,13.33450268,0.892615799,3,2.27785809
19.26894728,14.35496249,22.84864034,48.54598047,45.16865674,0.0950381,0,1.664138739
19.6902494,22.84536726,27.88611165,32.97187467,48.69143245,0.126096594,2,2.821306737
24.28555533,10.00474588,22.26949401,46.44453863,44.50268584,0.15834619,2,1.199172573
21.41086104,6.432878505,30.18458315,29.36024089,35.47102,0.144813072,2,1.283431677
18.11652917,34.55573021,42.78982934,15.03547901,38.45983189,0.087518812,1,3
20.25318264,32.46120402,39.53807878,29.66873208,36.49402597,0.122573786,1,3
15.66055308,36.87615212,38.07250251,17.93315221,25.72359745,0.995910285,0,3
24.72568236,34.71738981,33.32568762,29.54258403,17.34888734,0.27218503,0,3
18.60059902,10.14326065,42.08714356,24.87126077,17.82512285,0.478048107,0,1.929494189
19.77867355,18.09854966,31.23604496,39.95803335,37.90255376,0.82161537,3,2.040668446
18.55283974,10.82869745,23.74214168,28.07702077,33.17164017,0.118304674,3,1.534351922
21.8251173,42.93375809,40.93963058,45.27948317,31.31978153,0.317365006,0,3
21.62232158,38.61066449,26.9909582,35.60733405,34.36739771,0.15928602,3,3
22.15322311,14.06871513,21.34083853,55.97461393,39.86538059,0.062556116,0,1.5272086
17.6814323,20.35891582,23.15095077,14.55127177,38.67534116,0.960753381,1,2.181700533
18.15668481,48.49767465,35.2264729,44.38545943,9.742838261,0.858357836,3,3
16.25251231,31.7371711,35.1770491,43.61984388,21.33657724,0.879297995,3,3
21.55509972,41.05200188,26.50457928,57.53132737,16.87852116,0.868680133,0,3
15.39797127,16.90659656,38.1795037,28.57759335,29.2207398,0.154566834,2,2.600250429
20.97682336,14.45238141,39.34100388,25.27189849,7.763723707,0.784996896,0,2.111387504
23.69695885,40.2762618,43.01256565,18.61967221,39.31088214,0.727871202,3,3
23.90832148,35.86426049,34.62343747,23.26442577,9.793730019,0.92541536,3,3
19.4903776,35.64400681,39.4855841,35.09453864,17.21309117,0.219322272,0,3
19.59303688,29.86855618,38.82749199,51.8856481,40.22336773,0.414044387,0,3
15.76969183,30.36102542,26.44522621,24.21433017,7.320199231,0.294928513,0,3
21.70765025,38.10638774,27.7556482,17.88710583,34.70904809,0.257917818,3,3
23.2125942,17.15011165,31.96205989,23.60642355,46.60152223,0.652381688,3,2.218158082
17.44655055,20.87458096,20.47597419,15.04634875,32.79370177,0.16394335,3,2.537555407
19.21300882,44.22365467,27.43494433,56.33477082,37.06958693,0.46480712,1,3
23.38839337,18.89893405,31.84707183,53.6312076,40.65200926,0.646640447,0,2.091830166
23.77120468,29.58393071,22.70173238,25.42458585,15.0010845,0.130303067,1,3
17.4317998,36.61877588,23.15689719,22.3493908,31.14337631,0.256980137,0,3
20.50570635,49.99661721,31.58091839,55.2698657,18.90755222,0.967366058,1,3
16.92493151,24.58810992,38.27412579,10.08859757,16.22729207,0.795429332,0,3
16.01878764,24.26417945,40.84372327,40.0288764,13.66053868,0.676954676,2,3
24.11120501,42.91647707,33.65784744,55.80018805,31.34437769,0.855969207,1,3
23.20507504,41.24764001,31.86872469,35.42787445,40.75393669,0.013968452,3,3
22.60034902,37.89841468,29.60701421,10.14834798,44.41500789,0.006074434,3,3
15.48766319,25.84533368,24.82372481,20.94357147,24.28636758,0.153966636,1,3
23.43728793,19.57726041,23.66405007,56.12207969,21.78045501,0.495257119,0,1.937678353
19.38044076,32.39287172,39.79741129,10.85112121,35.92881059,0.569973707,1,3
18.42395123,44.43004819,31.62516581,29.7389883,40.11616588,0.113688531,3,3
20.46476361,44.76998562,39.75800614,49.48723632,16.39937015,0.07228562,3,3
15.91353243,9.882425528,37.6020759,51.90454968,18.37808979,0.828334131,3,1.30843252
22.56646549,24.27576277,24.84739786,33.88039663,29.00269936,0.464468481,1,2.684784665
20.82435077,25.91248803,32.75768161,21.62418759,24.99735595,0.992494426,1,2.970682434
16.86590097,48.99269154,31.10041576,39.98523588,36.76044799,0.229346659,2,3
16.882322,35.50991069,30.59683765,23.18890158,27.70182459,0.647201112,0,3
16.84248652,23.32608878,33.56427623,22.7632129,10.02195976,0.804388166,2,2.821591874
15.57002388,6.172604869,44.55204753,50.37998817,12.46789377,0.872638156,3,1.162209778
20.87798449,30.4423322,40.32251494,17.71329176,45.58589797,0.306319015,2,3
23.40348178,9.323418904,42.59281079,10.27607392,15.23292642,0.193280383,3,2.152701319
15.17498214,42.55024808,20.74098958,26.83876085,7.253874114,0.226094573,0,3
15.49004645,38.86333973,23.50840917,34.54869775,37.91545512,0.66674277,2,3
20.72770277,25.7229122,22.11909151,45.25401959,35.78050147,0.522329838,3,2.595889155
23.19495685,24.31448508,26.58077513,49.05576288,32.00342084,0.598991383,2,2.527421025
18.26738891,45.38025345,31.0473123,43.17596056,27.60152695,0.020528618,1,3
18.49614399,17.98062577,36.05133119,41.32544402,48.63111593,0.390973209,1,2.391032572
20.96346497,16.20589829,32.52078166,43.28743612,10.39245332,0.310148466,0,2.116667291
17.74212889,47.26388448,42.57959787,23.57632588,27.95732522,0.863781291,0,3
15.26608366,41.41606265,43.49639897,29.11806615,30.38202246,0.776258689,2,3
22.35228518,41.92815169,24.08802378,40.82182505,6.012181327,0.429571864,0,3
21.25649913,13.78372164,41.32282301,13.27853302,23.53965912,0.630529581,0,2.307749477
20.80755999,11.44831961,32.0430551,24.7662675,40.22609564,0.047679394,1,1.941431426
22.41684129,6.171329742,31.33323678,30.32094724,26.19944399,0.637251451,2,1.039739003
21.75230838,15.6668679,39.62348371,36.67203414,44.38753024,0.097204995,1,2.472146741
17.05881988,39.83857213,22.32851273,34.32410537,34.01595194,0.714018781,1,3
18.52481047,15.80172884,42.06232819,45.90659391,39.47384138,0.573838449,1,2.236265327
16.26110142,37.80964776,36.77158386,33.67133377,41.20160608,0.300493243,2,3
16.29857013,16.33587194,41.88154019,55.20649919,36.02751077,0.370839996,2,2.292153544
21.76195746,22.78816241,44.86193944,29.01591711,38.7221297,0.090091582,2,3
23.58600107,49.24230305,32.95011131,36.26858531,36.28897429,0.32278847,1,3
24.62732584,16.01652791,22.33155495,10.16051948,29.77086868,0.96684291,0,1.761011306
21.28347118,21.93667823,24.16309657,25.52389782,30.49398345,0.486184863,2,2.500772966
16.84101323,18.54892312,28.09045606,53.32864887,13.54481522,0.474240922,0,2.020833898
16.05650345,9.933124385,22.58882355,26.67881973,42.2347655,0.629228789,1,1.164870632
23.12850972,27.0452364,40.38354565,22.65931667,19.04617912,0.48444381,3,3
20.78756476,22.04107985,27.42169628,37.17684812,29.10815971,0.3555091,2,2.568641496
21.18285021,36.26991886,44.3971547,13.93650492,16.22955011,0.139521574,0,3
22.81462089,41.79175461,37.5647858,36.58025658,36.31392406,0.630315238,2,3
22.03277228,29.49123715,24.33575926,25.18328991,48.88260285,0.748922423,1,3
23.34458253,6.448838994,31.90106617,29.15514449,41.08731056,0.923102653,2,0.95515
15.56213905,32.85150603,31.67210554,49.56825022,32.85929668,0.003013857,1,3
22.47520637,7.492582851,32.31279146,43.09820093,30.53779402,0.066660411,3,1.362039119
23.50852757,32.73603456,33.39227927,32.30530466,27.03970658,0.899405662,1,3
17.86135042,35.82634772,20.77932706,38.87581565,14.22371443,0.63115554,3,3
21.40447274,13.89954324,37.15752814,48.34293777,20.66045233,0.957910276,3,1.66615408
18.14162064,41.87057669,32.17979438,47.28918726,23.28773334,0.430844594,3,3
24.57971066,45.99883092,39.77413497,19.26608553,47.50560837,0.41668717,0,3
15.33423572,41.58891339,40.38373933,25.0459611,24.15122843,0.344264579,1,3
20.79792844,18.72991356,25.76337805,27.41184655,31.37856597,0.142818924,3,2.386242697
16.66503547,31.39893556,21.21057366,19.3771145,46.50910433,0.378632909,1,3
22.12220205,46.16668171,37.5808464,10.6080727,28.32918835,0.01464854,2,3
16.75890283,19.42991268,44.44406971,18.69836344,16.31524009,0.509313285,1,2.982819982
17.35383262,41.901252,31.16644966,50.41221635,22.1452748,0.847210207,1,3
19.94370811,5.426380907,26.49032024,37.29602257,21.89926402,0.321196754,1,0.892090163
24.1483495,5.164101625,23.91679736,27.08290135,37.16229041,0.094640157,1,0.99548765
17.11714372,39.18702472,27.18613993,40.41722228,18.32543287,0.973761323,0,3
16.44240021,39.2651412,28.19798878,46.99170627,37.862986,0.128977609,3,3
22.58976832,40.50397345,30.59686859,27.72138915,45.01592203,0.528697497,3,3
20.00619532,46.8512077,36.38517808,33.30374208,20.12328553,0.809185687,3,3
24.11785112,10.30578403,26.8290764,13.21066083,11.09034951,0.252345207,2,1.666601738
16.46614557,15.43932432,21.27441909,39.85452681,33.73494579,0.84148954,2,1.433789697
21.45927893,45.66762142,29.33196529,27.82035478,21.23845104,0.557025141,1,3
17.32879146,12.9756289,41.3907404,31.67618238,29.02937752,0.33193568,0,2.194524573
16.56760429,35.70031704,32.45878777,31.1300309,33.53745343,0.865689216,0,3
21.83429415,28.870835,44.11959394,41.62046444,23.34843248,0.622000153,1,3
20.9368462,8.743715458,32.59053828,38.62326745,46.61125033,0.615384427,1,1.266797934
22.54827458,17.83686479,26.89747042,31.10530239,22.98265944,0.504009717,3,2.117210944
18.09462576,28.41674974,24.83284993,10.84775107,18.83184473,0.274737487,2,3
19.47971656,43.35575525,37.36311242,41.04813073,44.85538495,0.304860446,2,3
19.05471676,36.83923203,33.40953214,53.9788737,11.13357755,0.088079073,2,3
24.84089464,32.98474227,35.09997322,48.47757858,10.5894018,0.243723706,2,3
17.92248957,27.32148005,38.87816973,59.08078161,47.10641934,0.277825086,1,3
17.94817238,18.44077927,38.14758661,16.9537669,14.40357863,0.058701493,1,2.916775732
18.54548209,10.36602101,21.0840825,21.12600264,11.67968316,0.110314737,2,1.472987456
20.64594081,23.40842156,40.06429763,36.96337326,29.08257368,0.270252989,3,3
17.52322744,6.283332226,33.31758268,21.79408512,7.105480979,0.677252523,3,1.182352199
24.1528994,14.49751502,29.79271327,11.72748906,32.90067503,0.184234991,3,2.233449558
17.65685565,24.46175191,33.43798566,30.11441381,25.38188593,0.5218496,2,2.998705775
23.95815732,23.83723336,35.31128621,24.38223671,33.8185384,0.507903265,3,3
16.03475064,6.993294395,23.73765775,23.18804228,17.77716066,0.83403808,1,0.841685235
21.56562702,31.50770691,30.43538488,57.65864085,45.74624965,0.609163805,2,3
24.06985518,29.73579151,28.38965525,21.92270581,17.17613207,0.916999079,3,3
16.68749438,8.514693681,28.76022362,16.47162856,33.69041085,0.628101369,1,1.331376519
24.6832696,47.44233736,22.28337346,16.2659629,47.52913328,0.025515638,2,3
19.5288336,9.472225053,23.9960872,50.31620367,23.03641798,0.381492072,1,1.053184006
24.45715108,43.46753681,24.04580169,45.74240373,12.26419377,0.699047976,3,3
21.76820044,5.013937936,29.33061858,16.47430978,8.077211416,0.475121894,0,1.076777035
18.0158687,44.70264928,42.36228862,20.98765594,48.33580986,0.41939787,3,3
16.88302525,5.887387949,25.1506843,47.36715042,39.36656687,0.671545631,1,0.617650619
18.03735046,39.10154144,30.40481269,23.73081989,46.3528427,0.28573288,0,3
15.93017409,21.27608651,27.79023538,59.07710376,36.44748739,0.908978032,0,2.008689777
16.43867966,38.21975601,39.68458281,37.02850333,20.41018269,0.413143601,2,3
16.0466044,23.07853424,21.25316081,19.60039852,10.53574637,0.631217811,0,2.504679227
19.22943544,8.190856505,24.91358489,52.94042273,46.81880867,0.982333267,2,0.62896762
22.95578376,39.53780129,25.26603856,25.97377729,27.03285699,0.78548023,0,3
16.41383554,8.206370839,44.82407001,24.44036775,22.84290483,0.531623159,0,1.804557494
16.30320433,46.49541962,34.26937545,26.37206167,31.00064276,0.859387588,2,3
21.4342895,7.293831611,23.47395661,48.40986241,9.795169464,0.560437718,1,0.747530898
16.97182982,26.5696375,26.80497848,18.66064749,18.91417187,0.441653435,2,3
15.97610038,37.53654939,24.19555235,29.08928901,33.70442482,0.873452945,0,3
16.66848578,22.69609092,23.11511424,11.54163864,9.505532586,0.027155357,3,2.911118835
24.23731396,14.77550636,39.92955071,51.33133087,11.08592415,0.407466137,2,2.091489282
23.21471253,39.15909326,32.39381572,27.03593832,27.97645388,0.342992467,2,3
18.54064562,40.29326172,35.78025342,22.40864599,33.05557061,0.714086306,0,3
21.55820767,46.52127428,28.28128117,38.99466212,13.41507676,0.012586215,0,3
20.37275674,21.92742997,33.84237715,45.24959419,6.48880855,0.660852479,3,2.537900054
21.77124263,27.78132805,26.43922581,50.64480186,48.12651017,0.346361236,0,2.979811696
21.82671152,21.34077993,27.70090687,27.38924727,6.237169605,0.097893379,2,2.734602393
21.28734015,16.56868198,36.30594861,50.61504251,5.092341868,0.980330782,2,1.870750669
17.66101369,38.79648327,23.75875315,33.24405002,19.5503256,0.212228738,2,3
15.39006421,20.28433303,35.43054648,15.05711338,15.01039259,0.349129929,1,2.88431542
19.55566782,24.26672489,41.30587041,52.31537414,30.81138629,0.207046589,2,3
23.90973885,23.16531459,23.01058065,37.38173911,45.23939946,0.661991197,1,2.378737825
20.69497259,37.06975515,42.43653201,40.1234786,26.64984526,0.782516314,0,3
23.32391042,46.30080317,21.98614201,56.87456348,39.7985544,0.860640835,1,3
24.91624343,35.00402276,28.72273067,37.95757425,45.91521673,0.310998218,2,3
16.63616204,26.22121682,35.26273288,10.27917653,13.52298441,0.524553392,0,3
21.91777639,40.06423016,33.985369,53.53079205,26.97398988,0.663257625,1,3
21.74293574,33.84370959,22.40977681,24.23755402,33.89314998,0.629520975,0,3
24.79955447,7.72746607,39.97282919,35.08834604,19.93474571,0.716027194,0,1.39627719
24.85600734,9.304861389,44.32883233,20.24433013,38.28884499,0.769727304,1,1.82080693
21.86678612,6.706262483,24.53070723,24.84917842,36.73917388,0.097473356,0,1.191088027
17.43614792,25.55673468,42.37827425,44.3324424,23.94924279,0.168311025,0,3
22.98555838,42.16340455,33.92023605,31.47866755,8.957918904,0.73432105,2,3
16.07029134,19.08874262,43.39834428,41.35653153,5.520595257,0.476675534,3,2.703582656
22.80699304,22.28720824,24.40214896,51.17878457,21.6207303,0.427033791,3,2.316821048
24.10196124,45.92646988,39.80053483,27.04110111,8.69309803,0.455440125,0,3
18.82833395,42.66065504,21.49453939,38.41700192,40.17309994,0.372026013,1,3
21.30635295,34.92716506,42.07991117,48.87939467,20.04466025,0.591067513,3,3
19.30142732,17.00617019,36.85398555,45.75615964,34.97442241,0.323325543,1,2.309858837
19.37765055,10.26686672,29.2563696,36.9921718,20.58705443,0.636815401,3,1.313569574
18.10370889,5.722647021,24.76167059,29.16917554,40.81722876,0.202637116,2,1.004643409
22.6212962,9.815480267,40.41332746,30.37509906,44.97856235,0.757688914,2,1.646063495
24.36176564,18.16683996,35.08103303,31.6567606,42.68813672,0.781599975,1,2.278684171
24.40750859,29.83055286,29.01039632,27.44227645,26.80131038,0.578520816,1,3
16.74781285,7.880003724,31.09589562,44.95378174,8.777822489,0.369323463,2,1.190330678
23.7474365,11.13025002,40.6635664,16.27076261,21.72699976,0.014396573,1,2.298571303
22.37431441,13.1486316,28.47317983,58.37270604,24.10051976,0.121532472,0,1.619475858
17.52837401,33.43919418,22.24081695,48.9492751,48.21143049,0.079687013,2,3
15.67284613,32.71054095,42.78205431,24.90815261,30.44737873,0.010205025,2,3
17.67997267,29.78445769,29.68359349,12.12737846,33.83808048,0.722219772,2,3
24.12208237,16.27256411,28.70968778,45.56515862,40.19016115,0.95606676,2,1.650561038
21.33178675,21.7003861,25.10999047,46.71795225,30.56911102,0.011168265,0,2.534274638
22.21054661,9.351037235,42.43556428,58.18113053,31.93180741,0.112690602,2,1.711465927
17.57152351,15.19072717,25.43763334,22.68527788,16.03975088,0.860675859,2,1.70980312
22.19388156,45.39673519,35.9168217,14.13625451,7.64899734,0.688502249,1,3
15.28121506,49.08612859,42.01912529,55.75673789,37.46236456,0.404710396,2,3
18.75321346,34.14468135,20.87284037,22.93245173,43.19081138,0.992796517,3,3
21.26753349,46.25704814,40.71979263,46.07657237,23.54000825,0.573621342,1,3
16.46096566,33.92338552,30.26498554,13.03298189,29.7011504,0.669599013,1,3
23.23003574,6.493841875,36.44936438,48.02924025,18.82783523,0.653176367,3,1.057482414
17.35031299,49.85431632,29.31011408,16.35129486,25.25992671,0.22270163,1,3
21.52281113,9.452853576,37.38790641,44.7793174,14.40003768,0.48812441,0,1.499693526
19.05197143,35.71888107,26.35737286,36.61715239,39.19490636,0.216411299,2,3
20.96043595,16.37762914,20.54826356,57.77440652,27.13603045,0.50946453,2,1.490228702
16.07450553,22.63915008,43.69468787,11.84588215,29.62204489,0.030781219,1,3
15.169128,34.06703832,20.4091941,24.60243729,6.668963522,0.381959177,2,3
24.09564427,24.64193072,40.60248224,13.47544587,33.00792765,0.372210073,1,3
17.69630009,16.27457265,24.22843983,53.95988176,14.11951154,0.291630622,2,1.749657798
23.19677003,20.05007841,29.80550572,39.69505768,22.252759,0.079228942,1,2.56195965
24.993503,20.36966526,40.56230941,36.74848062,23.5722065,0.77096706,1,2.63607517
17.11431258,48.1695757,25.14830376,16.57289461,25.19296689,0.420454864,1,3
17.65170741,40.93758572,41.64269014,34.45161287,15.23463751,0.813973179,0,3
21.62859788,25.63469472,32.44397348,29.93518276,43.25496011,0.835727238,1,2.927719808
24.65448635,13.99194142,29.15383657,25.78759341,24.25325678,0.21359739,0,2.006314065
24.15814348,41.49572496,36.56094367,48.60944777,32.54605061,0.421330114,0,3
20.0287552,12.07321122,28.53474305,13.06380199,32.62718956,0.720974005,3,1.667354201
22.95110283,14.47079977,28.68220897,42.33428637,32.31431035,0.499496154,1,1.730062669
16.35745853,21.47060263,38.33815977,51.14965156,30.1693104,0.85506823,0,2.485968292
24.77438184,44.61566881,27.74580561,55.36536414,42.01815867,0.571569008,3,3
24.64353234,10.93040009,25.01931621,47.29582974,41.56780162,0.629580968,2,1.139268435
16.63728958,10.50053868,40.1911532,24.12278394,23.77150577,0.787023465,0,1.755019403
17.99423125,27.22887447,40.13427584,40.02537303,33.61307217,0.122222108,0,3
16.00154998,17.43847435,32.43964259,17.07018055,9.627316004,0.584248238,0,2.36234293
17.71717599,30.59275737,33.1663904,15.85303119,9.084770522,0.085429869,3,3
23.15955789,25.32365081,37.40191564,41.93120711,26.59623825,0.260551124,3,3
18.78315607,24.57315979,32.73185729,52.55538273,45.50918106,0.212571706,0,2.916538208
15.88396967,10.03878367,30.42599897,13.36240628,34.24998661,0.567076091,1,1.600916225
18.42225525,11.34723606,44.87235483,15.30018661,35.11473902,0.843902378,3,2.055515712
24.81383334,41.94853599,23.6910107,38.28036537,12.09529904,0.13280961,3,3
21.29683595,44.86472319,34.81819948,20.91059305,25.39869999,0.768396528,2,3
19.16160946,15.56075898,42.14657565,40.59090614,23.03559252,0.143066125,2,2.483519629
16.66538513,10.10572257,37.18037603,20.72719126,40.2340256,0.189671713,0,1.947810355
24.86176797,7.403750237,42.02308248,15.82409872,11.20208435,0.916940197,2,1.524433354
23.20849009,32.37339262,28.40836801,37.27874911,29.26359533,0.009729156,1,3
17.81477302,37.19089456,26.79982441,53.1097569,46.01081761,0.197144041,0,3
15.70068696,21.77644951,41.28180967,44.25609861,45.16069503,0.215556091,0,3
15.56625557,35.58541404,29.8528644,50.93625688,43.35516994,0.281880563,3,3
16.2037815,37.0831467,37.74205808,23.31675872,21.87433908,0.363411707,0,3
20.80768584,47.09040266,23.69371446,54.29893256,47.34953108,0.103178012,2,3
24.28763421,7.919313703,38.89595313,28.85195873,41.23852289,0.46845428,0,1.565716414
19.96743428,13.65312755,33.72456623,52.62238339,43.30135937,0.399350367,0,1.763565944
23.42945482,8.083669442,26.715291,33.55877951,46.95592074,0.624933811,2,1.050821944
19.4588662,44.059727,32.3625991,23.39288237,47.16505695,0.867517634,3,3
22.08583546,40.6664222,37.42359065,23.01294155,15.80292335,0.29772026,1,3
22.31872737,30.85889318,20.29716022,38.38339422,10.74594703,0.546487774,2,3
16.73963706,8.764853452,35.93667647,13.95051351,36.08937246,0.37137737,1,1.749180741
18.61216059,17.29905614,33.53976946,56.50280973,30.34462805,0.040250281,1,2.262744691
21.37302157,18.39739316,25.50715419,23.57317478,19.73419275,0.821075364,1,2.043708359
15.70696608,30.23344382,38.82452685,26.78124089,35.8002278,0.63421644,0,3
18.61540188,16.61197523,27.58652462,21.66507769,7.789859479,0.00217227,1,2.363011432
20.34799466,8.283193876,26.92152329,10.15039803,7.124374242,0.24957194,3,1.499413547
24.96224493,37.88430358,31.78045872,44.62751184,20.94397629,0.308989405,3,3
19.74533563,18.45860952,36.90374196,39.52764505,13.72309805,0.811531541,3,2.274943464
23.16056757,25.35683797,43.2211494,50.48222701,37.33502228,0.76071321,0,3
19.32067285,10.74499857,23.53393108,12.05053867,47.66098271,0.396143852,2,1.540386914
22.96390723,41.11467365,29.91170302,56.43278224,34.77323362,0.157342216,3,3
20.95414802,30.44893446,21.67473981,26.544347,34.46529652,0.386032153,1,3
23.86595442,45.57135318,38.96376869,55.65349313,5.296800804,0.810146322,0,3
19.10942552,27.29622034,31.19332224,15.3565741,28.05246373,0.45239136,0,3
21.0430442,47.36415523,37.67322838,47.19602907,41.76955941,0.115870188,3,3
21.30018681,45.1340692,28.0548606,38.96791157,34.43541644,0.038547472,1,3
19.17382942,30.94069354,41.10793104,27.90956076,15.25020731,0.333335272,1,3
16.44312044,47.02520472,33.37070196,13.9571198,43.18138618,0.148362811,3,3
15.93559407,19.53899363,43.59019555,40.23682549,48.39695259,0.745041178,1,2.632017037
15.16671551,21.45389732,21.97036598,11.32199415,17.55467814,0.278756814,0,2.625136916
23.73534264,7.046507809,32.85692061,35.06410496,14.3192454,0.877453031,0,1.010513903
17.36474912,31.5140408,39.16138115,40.21042879,20.23371071,0.617349289,3,3
17.11506749,37.48657865,35.0038162,46.62618736,7.842122774,0.39366376,1,3
22.360354,39.80836356,20.57985351,59.56673171,44.30447029,0.610057554,2,3
18.20016113,11.74173287,44.30846696,23.00468568,46.81847662,0.295173973,3,2.273488343
20.06044692,24.98715825,27.45659233,26.11949107,33.49863678,0.141323879,0,3
16.62511065,12.95884454,26.23194666,27.05726734,39.39506658,0.964177595,3,1.417621206
24.59745721,34.7957307,32.14149689,46.57913559,35.08928048,0.563161446,3,3
23.515814,12.10758676,33.55395269,56.59096341,21.98094032,0.007328121,0,1.759650071
23.63789623,45.68736578,39.15720344,58.71618748,33.44190629,0.310314206,2,3
19.06773749,15.37855905,29.83184144,57.29056833,42.63440769,0.159534494,3,1.87957769
22.62361214,18.11310198,30.99900941,53.96915039,41.44583346,0.258183313,2,2.175827352
16.43876155,43.2907845,33.3739979,59.54886869,8.647588689,0.05571552,2,3
15.08619003,25.63104246,29.85967749,28.79728634,25.81704322,0.245085628,0,3
15.19972933,6.079817561,42.86370198,57.416066,22.87946588,0.683016101,3,1.121103112
20.86601737,27.2563813,41.28129917,48.05099812,38.84039356,0.820609547,3,3
19.55394905,8.804450092,31.37434238,18.42299298,27.56191728,0.347392018,2,1.568330483
20.18015349,49.34051234,20.00487156,12.27325939,20.73654989,0.522465749,3,3
15.0746314,31.46502067,42.52336239,20.72419789,36.78573923,0.041790597,2,3
19.2268662,16.54396779,23.10841434,48.93755621,26.31103342,0.0908008,0,1.889901295
22.18068161,30.36729558,26.11281038,41.58484406,16.54808125,0.551924142,0,3
19.42693702,8.459019652,23.80903211,21.21781287,45.06876152,0.840576911,0,1.007069785
22.32219206,40.99510869,24.49538925,47.09607272,10.08715317,0.087987965,2,3
17.33018964,46.63976242,40.07193845,17.06611197,5.81394681,0.418546669,3,3
23.13142004,44.34999747,34.48753604,51.09206969,11.47599647,0.970424668,3,3
20.8843124,20.3790921,43.90237908,49.7080488,12.36394641,0.738792545,1,2.634845086
17.10763099,19.65956538,25.78633781,58.62879854,29.211899,0.19760322,1,2.140411537
17.36720476,6.578942505,32.1408727,17.51397823,33.11894753,0.285174267,0,1.411529758
21.28030465,34.31301614,44.43570923,55.33064972,25.18750103,0.947916232,3,3
23.29939593,29.07071529,40.66108786,27.05513319,14.18770604,0.220987693,2,3
19.15627782,25.67058671,38.21539198,30.80299324,10.94859045,0.440907382,2,3
17.58300429,45.8433929,24.72438003,33.42225314,27.14683861,0.355610054,2,3
23.67011607,12.55455055,39.23513502,41.34520266,30.44673894,0.490038832,3,1.904821446
21.69268292,5.434982001,28.68912806,59.73816851,18.67826173,0.236580187,3,0.78413069
19.48085487,8.299240345,33.26342243,39.99794015,14.91979763,0.66835043,0,1.204550166
19.87900195,15.0517147,35.22903033,56.33579325,8.626672708,0.234590986,1,1.998819055
17.04256468,6.497849717,35.23409279,22.7514101,6.181001915,0.602101354,3,1.295689953
21.2680263,27.62796698,38.1630868,29.92058309,9.758139388,0.357769311,2,3
18.58742511,19.13407049,36.54255232,35.22497647,38.39357355,0.251476132,3,2.653504295
24.95645177,13.12173536,21.70927198,26.14509949,20.48083926,0.695002631,1,1.426863626
19.80183515,38.75378337,31.43367565,58.84335515,6.233851193,0.965239778,1,3
19.85885606,14.20030968,36.60054017,46.28417769,27.86743723,0.869375442,2,1.742519476
20.65851787,35.94222954,27.39982455,33.94406761,29.12302701,0.086835393,0,3
24.16756003,20.71692076,27.82641718,47.56523506,24.29099508,0.454413788,1,2.296380071
23.008181,28.03224923,23.11418869,33.37212495,9.980726542,0.694779946,1,2.892586657
19.5113007,47.02401679,30.46537465,10.86126637,38.97353289,0.562615841,1,3
22.18699266,6.680823567,44.67076086,37.15967039,36.00867147,0.726356833,1,1.422332598
20.86235499,27.51190284,27.13298403,41.25926094,22.76281122,0.975120142,1,2.755470404
19.92367049,43.44903321,33.28592232,59.06037094,22.13669105,0.34227181,3,3
16.92315773,31.45884118,38.58093132,12.03964241,12.01708017,0.770873159,2,3
19.63936263,17.45917326,20.33743177,35.60484787,38.90972062,0.094071317,3,2.020747581
17.45818587,22.89565108,42.51098899,14.90773784,31.9808257,0.869748233,0,3
24.1484215,35.61195329,29.66375462,17.44979508,8.860705048,0.778432242,1,3
18.35406813,45.08653524,41.72789967,40.52316695,22.01285563,0.520967459,0,3
24.52264015,6.847986819,20.97369147,21.57838561,45.66024242,0.82103347,0,0.75762114
20.3305529,8.219246985,23.6415888,47.45870556,25.35685707,0.666623445,2,0.80207888
21.31544379,19.62731856,28.06323636,35.70993463,19.62173747,0.552226233,3,2.264960606
20.42940444,15.4750858,28.63654433,20.91064426,33.9702834,0.946000512,0,1.819953359
16.29380617,16.92188988,41.19485558,34.68958388,14.133757,0.130265217,0,2.653322393
18.75821219,14.95714994,20.28002788,10.04408635,28.57115292,0.992967672,0,1.574791224
15.99146112,13.8121272,36.02779441,53.13700218,35.12852391,0.154432877,0,1.97355274
21.22954044,10.87807851,23.2828109,10.63391885,43.46952872,0.480175962,1,1.517474378
19.46874195,47.02793593,40.58039127,10.35049462,36.16269363,0.231410997,2,3
22.77984972,11.48852588,39.46433165,40.57519716,22.29844087,0.271913649,2,1.922621513
17.20470481,14.19816986,32.49802569,58.67604629,39.5510078,0.631831971,2,1.600408061
16.64566058,16.08195758,25.31718064,52.79667422,45.42799676,0.034710143,0,1.906779966
19.06332231,46.98566929,35.86238477,22.60094563,26.49936311,0.940746779,0,3
24.26585383,39.00713601,23.90645794,19.83334056,5.202535347,0.279622124,1,3
22.10421815,40.53647436,24.75059481,41.30560903,44.64131117,0.272532565,0,3
19.18923625,9.714121679,35.66724756,51.13188735,12.44488962,0.86356373,3,1.217219681
20.1727217,42.63394438,44.78071115,28.10393355,10.68464772,0.764836187,3,3
15.84213011,23.36868868,42.27652093,31.61772952,18.84553546,0.671721931,0,3
24.84575896,16.82703618,34.82768394,15.77447568,22.09926854,0.146358451,3,2.612702434
21.66407305,30.90875376,33.46341922,17.64132106,40.97195142,0.769616719,3,3
17.85404068,41.99823076,44.959622,38.41757975,22.51325233,0.360766291,2,3
20.85808394,40.0393468,33.68492869,15.13280729,7.196952486,0.993888647,0,3
16.09482366,45.04988672,30.50291305,20.10230624,33.6182756,0.671249545,2,3
24.65836669,46.76594837,42.73888839,21.7338512,35.20494605,0.835893074,3,3
16.74784988,15.71549321,25.8546074,32.19622666,41.63994144,0.733785292,2,1.744514656
21.48030318,24.07360524,22.43814976,12.28059821,22.94897363,0.594238343,3,2.735373696
17.45454463,5.658284264,35.85225086,34.98854858,8.873198429,0.716319054,2,1.052858442
22.17561383,44.56947467,22.39624084,56.43372032,29.8878025,0.597483829,0,3
22.76821367,11.95574682,29.32871342,11.22318306,10.44488222,0.051198591,3,2.035367337
21.73419729,43.76636656,30.58943464,41.54924326,5.768389536,0.345523141,0,3
21.1449946,19.82242949,33.68845168,51.79211826,40.03625623,0.316417519,1,2.429061396
23.92469094,21.56601155,44.79148864,25.62304213,23.15347702,0.713973208,3,3
15.78626711,6.760951452,25.52454308,16.57592725,28.62523274,0.576173201,2,1.073067375
18.30914766,19.70954554,29.39390946,12.16698938,34.82821412,0.610488803,1,2.523837241
17.4828748,44.97636573,23.30600311,42.19515297,23.046245,0.846981581,0,3
24.88013962,6.14963305,35.19033815,37.61171901,7.300921661,0.525307139,0,1.149203817
18.8938978,23.28473629,38.19182956,21.46474942,16.3734646,0.2182772,0,3
22.32612699,6.412983342,32.05192058,51.58086538,13.74535361,0.012439677,1,1.187667195
21.84725164,21.69155413,26.14578171,46.77531761,48.98273094,0.159497533,3,2.493179527
17.12081237,12.76882884,35.52220673,23.82143925,38.27774543,0.030579091,3,2.207452503
17.3899768,16.3498277,33.47894308,47.66815114,25.31974992,0.237064919,0,2.155733568
17.81284564,44.49192679,24.27964309,22.24971068,7.851532841,0.634997191,0,3
19.11127278,24.62221493,30.14204751,43.76337309,10.21327351,0.151418956,0,2.953613201
17.34325066,17.32090961,30.87992729,15.92725205,41.58048062,0.08192323,1,2.561187736
15.19651483,31.52022701,44.56544384,44.61197317,47.54520922,0.970854587,1,3
23.79393057,11.39481319,41.2321458,21.93872095,6.410758301,0.996905024,0,1.796046458
24.65609831,16.67262233,38.35926971,38.62346771,45.96787052,0.637023512,2,2.241158124
18.41570387,29.58115854,42.21942564,18.62319334,22.1253671,0.108566394,3,3
18.38506879,15.68853688,38.38711015,46.29834738,14.61346973,0.821520632,1,1.974680237
15.07091813,35.56074818,42.58504638,13.04397872,9.600456084,0.539213693,3,3
21.80250688,27.1171086,21.36382787,18.27088934,39.72870239,0.182073603,1,3
23.25439896,39.73950816,31.40165523,19.20682399,26.10097183,0.575692196,2,3
16.466083,47.67100411,38.67245838,12.06717929,42.45907019,0.039382123,1,3
16.59666349,10.21122002,34.58239492,47.25062581,15.1770719,0.97247111,3,1.215126686
22.9008325,20.05992545,24.3791541,59.04762524,35.53556166,0.825965499,2,1.815172013
21.16290748,19.37970783,28.51230216,48.91988942,10.31547672,0.260776917,2,2.268793502
15.44860558,11.80323137,27.94435938,53.03159811,9.038780786,0.418911892,2,1.372029856
21.2254699,41.46364118,26.53367283,10.30038302,11.00299327,0.395283581,2,3
18.08917723,39.19454168,28.57838884,15.89349819,41.40055853,0.861494172,3,3
18.68725155,26.79914619,32.87133221,37.95101696,34.50288809,0.354634364,2,3
22.69731418,29.199685,41.37172562,58.89344424,12.46837514,0.047980167,3,3
23.10935193,7.67948621,38.55081656,43.03564655,22.31474948,0.21468885,1,1.515274949
19.00356627,29.99783085,40.8812426,28.70683469,39.36587044,0.215569657,3,3
24.47152936,40.61036858,42.09009361,17.30746527,17.85534752,0.949241048,0,3
19.06462718,30.82224081,30.4037614,17.64178472,46.45686705,0.924054768,2,3
22.71836035,16.93878666,28.6506571,28.13766012,46.15712561,0.300593287,3,2.217227324
19.83877265,35.03967226,21.44058454,45.69050987,29.88053716,0.0027671,1,3
23.97532327,21.26697935,43.26229055,11.59096455,33.43884211,0.516997631,0,3
24.07761244,29.51929779,21.64557545,52.60887957,34.3948259,0.797239922,0,2.748740204
15.87416808,26.94044135,38.52838788,57.07757178,16.6310806,0.268604982,1,3
24.36493331,22.15287504,29.45270761,54.44082303,21.43946249,0.439044026,0,2.433114181
23.25534842,37.34950912,43.71951936,55.65134547,11.11734997,0.172789205,0,3
22.91310714,44.77442504,30.49005052,10.76696397,46.61921037,0.32739527,3,3
17.0091134,5.234563331,40.41520878,58.8896158,37.57322474,0.758853003,2,0.9023073
23.05119209,47.01274337,27.0663708,28.31785574,7.086031985,0.428281275,3,3
23.50132735,28.01818112,27.47721793,53.46405592,29.72243525,0.447270844,2,2.959449396
17.89150334,36.53293462,34.88798525,19.34044353,20.43831806,0.789551647,3,3
24.52260078,43.50310548,44.94956584,32.32628713,41.68795447,0.762972742,1,3
15.49860146,26.01966615,32.93931045,12.20821943,20.47100395,0.187152795,2,3
16.49909253,42.5738333,43.40771591,12.00379984,33.98675561,0.415272179,0,3
20.37581138,12.99289188,39.65624571,57.16380504,12.45831501,0.848857836,0,1.625097076
20.75792471,12.16253905,39.89660785,50.53033063,30.14399703,0.456737682,3,1.812468686
21.45150083,34.5862116,30.89899973,36.49130222,18.22485796,0.661763483,2,3
15.16969129,44.15643525,29.66355625,36.27290868,12.41997901,0.305962149,1,3
24.60366775,45.15917799,24.7980452,47.43773092,32.86666161,0.059558562,1,3
15.44588093,33.96832063,44.09853167,27.08343908,33.738854,0.164899032,2,3
16.43061953,28.64701536,43.98484031,48.09346379,49.25092015,0.401720892,1,3
15.14014518,19.91268895,38.67669336,34.250419,35.10977268,0.353467028,3,2.761254302
20.66858433,49.1000187,27.40631125,41.89587015,28.20694723,0.895640761,1,3
24.32266884,19.3863059,26.12948851,58.24147251,46.06793794,0.54562267,0,1.95438748
21.65947166,38.48837483,44.71525606,33.56577788,42.27263684,0.627155397,2,3
23.22657468,28.939181,21.66357038,30.92023299,29.69358253,0.688682715,2,2.962493425
15.13281203,32.38305541,41.0891073,55.2874587,28.0107085,0.53162593,0,3
20.42015298,22.70662478,28.88645001,55.12902475,47.38861336,0.769645669,0,2.297431063
19.59562978,48.41704065,30.47174299,59.62093509,32.77071698,0.783100484,2,3
19.98967944,30.72570467,40.79944122,37.54314997,37.12006261,0.351385972,2,3
15.72213185,47.20044337,22.2650754,27.21307705,8.900556897,0.084785153,0,3
21.84435361,5.341613728,28.85424196,22.01950316,37.32375296,0.986354228,1,0.782597292
20.03220415,30.77017624,43.80060693,11.70481785,16.9106829,0.642620701,3,3
22.6514885,37.27341004,37.47664782,46.33643121,10.19920654,0.708916073,0,3
19.85290634,38.5286077,38.87347912,21.67380869,43.2349749,0.756696007,3,3
16.49381636,45.72395968,38.93763252,40.33204426,36.1035989,0.612963422,1,3
21.48256954,5.198072405,21.51425208,55.82961827,23.34039405,0.470901469,2,0.5
16.72386362,5.014857167,25.08018983,57.51068037,24.41375268,0.984669694,2,0.5
23.72394563,26.25185574,32.2815814,10.2205067,13.8702975,0.72765741,2,3
21.13116239,6.318216725,29.20375581,25.85375157,5.429794796,0.845848762,2,0.923818303
16.57203884,48.85396491,30.27280733,51.86890147,20.72116128,0.439675372,2,3
24.62338057,14.99293285,39.53618447,36.82226027,11.67864619,0.904777499,0,1.996554749
20.18365463,26.26991282,20.36698088,50.37543667,23.97770581,0.732151052,2,2.436060752
15.72898452,7.751193351,36.51229816,52.66616414,42.52212896,0.74612799,3,1.092470304
21.26832904,28.49217873,20.0027558,32.131311,10.16394635,0.086931244,2,3
17.53198907,22.09802563,21.57646314,27.9491469,9.128912096,0.617456705,3,2.340798179
23.03693452,7.009701299,30.207153,32.7716633,45.5945999,0.335216735,3,1.212550229
23.17822074,20.080592,41.023713,42.63976013,38.53128031,0.669001666,2,2.614617866
24.78947356,22.61462091,23.62489414,28.35795764,7.388143953,0.568214109,2,2.481271931
20.01869531,49.54646711,33.86553523,48.74941443,8.580671837,0.111189507,1,3
19.5495688,14.35486424,36.96263067,55.19963968,35.82159027,0.529987743,2,1.850583844
22.53475605,29.51508269,25.7383221,24.11556011,21.6654891,0.45125844,3,3
16.32470656,49.42919971,32.80825638,58.24948221,37.5877983,0.776443492,1,3
20.46915514,40.64086436,42.78518208,41.13626234,23.20043312,0.502638271,3,3
20.462476,49.70153754,32.80571313,53.90843856,48.55040093,0.481162168,1,3
15.89473123,48.57342416,23.93307654,15.19582176,36.24874755,0.719490978,3,3
19.17984086,27.02927939,35.69535742,22.57495685,7.097709418,0.66858789,2,3
23.53284799,36.33691324,34.8050045,26.05095397,19.87257987,0.991854379,1,3
23.56153622,9.969940712,20.67386899,25.14110756,30.36227838,0.351952701,3,1.258735612
15.99237665,24.85169713,22.26486014,18.59305783,11.38431372,0.688356569,2,2.697222855
15.90720883,41.4058344,23.91953388,53.41004738,5.113413503,0.167258556,1,3
17.62695477,27.74008944,23.40722694,30.93060706,8.568865954,0.804560757,0,2.842663393
23.74766063,36.62145648,26.48664426,58.15651062,28.5918565,0.786155619,2,3
16.28902585,38.55880985,31.35263308,39.17361834,33.45147909,0.725820685,3,3
22.19996803,16.40611136,29.29290745,16.91973178,9.180651906,0.119050765,2,2.388318684
16.0116562,44.40647178,42.26624729,37.29523549,34.93204358,0.987544587,3,3
21.23137854,25.69200939,35.30273524,59.67725739,32.77058708,0.942610603,3,2.677880905
18.56067299,14.45832966,41.90360875,38.25858435,47.29536419,0.370091482,3,2.27498834
22.88913963,43.94371468,33.17598312,10.09346726,42.83039712,0.577315884,3,3
17.33690449,23.80184627,22.24676177,56.65399518,47.44588387,0.88888697,1,2.110759916
21.39201829,38.76405973,31.58218623,21.74472031,48.47484304,0.494643991,0,3
17.35682535,29.66148825,40.55081367,44.42645265,24.83638412,0.59916334,2,3
22.13660283,22.18422885,24.85259418,35.75400775,26.95598066,0.603242859,3,2.387681184
23.73678035,41.44443868,22.28035697,26.27168784,17.67298857,0.649254968,1,3
16.26801799,31.30114692,28.23586846,24.13197618,27.87945812,0.575500359,1,3
23.66595689,22.57529461,29.72244577,56.43799313,11.78216142,0.405944223,3,2.48092561
20.93575254,9.931904165,27.65644191,55.5962948,35.21439323,0.539479365,2,1.089369183
16.27110491,45.29503912,23.38101964,35.656742,6.12196406,0.871442682,3,3
19.27541855,6.59613134,26.27099649,22.92475978,15.60324903,0.864103346,1,0.874013747
16.60860293,43.84343068,37.05706012,15.11710161,14.36322642,0.772545747,2,3
22.00347889,21.19826862,29.64821291,17.82881914,47.20500821,0.414107607,0,2.722758631
22.58868134,33.77024436,35.81373612,36.11258629,11.52057883,0.785972552,0,3
16.0579652,46.49898757,33.4075945,25.39149803,45.08489529,0.387856347,0,3
20.06139853,11.8267977,33.7263235,12.10340711,10.59611996,0.664068697,0,1.853822133
23.14625056,30.5127714,26.21373895,32.75836927,34.28140938,0.567428139,3,3
24.36163042,39.39947881,33.03857582,47.30946462,19.39486857,0.300024667,1,3
20.13517867,39.09127247,20.58986785,54.5847558,19.22010658,0.452878278,1,3
24.50279224,28.65343616,30.79359356,39.26420228,49.92219951,0.830361759,1,3
20.3568897,33.1132757,34.31557058,46.16460619,15.1719286,0.912752808,2,3
18.94190495,39.08871474,24.54989053,28.20352354,14.11520306,0.205295429,0,3
23.48203129,42.8462437,26.41396266,34.81190896,31.52006371,0.45621481,2,3
19.9298271,39.28158936,25.4882755,46.48134283,38.33385787,0.433505558,0,3
19.71902511,20.93022244,21.76394888,46.38291137,49.21270356,0.489015297,2,2.110150445
19.90312489,49.85268805,28.69643303,31.22631323,36.56361984,0.976625668,1,3
23.46785002,24.55262122,44.47414416,37.18336708,30.28419798,0.518742513,1,3
23.31941542,6.100911624,28.84701016,56.19276698,23.4109273,0.830076688,1,0.594692154
19.03519992,21.31776282,31.51341555,41.59988025,31.7800764,0.663937074,2,2.434256128
18.3329986,10.75023296,36.32718127,42.12873128,32.03757485,0.107190902,3,1.811046574
19.91928024,10.46491771,36.21244378,49.23101462,14.79701722,0.695656801,1,1.413434683
20.7277251,17.6690768,43.7473745,15.76114482,35.20438527,0.647059165,1,2.744012467
17.38337211,7.401897238,41.43910351,36.14421458,14.19907058,0.758468895,0,1.380816581
22.93955085,35.98304848,39.84876718,57.97158681,27.04796705,0.074448522,2,3
19.86482766,8.329499789,43.79068064,28.08301961,16.69412807,0.24130756,2,1.891155358
18.34045548,14.14802999,25.76913464,24.74630732,19.07604607,0.76928869,1,1.641666736
16.06820993,9.180487152,35.42635487,40.06039828,32.6244659,0.370615973,3,1.513015241
17.3884516,7.842547891,42.17991917,21.05597123,7.901830163,0.910818957,2,1.524282904
24.49281172,17.04882495,35.60345396,37.79725783,5.54156669,0.517670409,3,2.254856511
18.05099687,30.73545354,44.43551187,17.78260054,10.87790043,0.001027134,3,3
16.68859289,48.41085004,22.50881785,38.98967303,12.59181401,0.698835963,1,3
19.60672792,44.40004945,30.98326257,40.11895918,13.90428356,0.513463971,3,3
18.07087743,44.41702665,44.4340727,30.92002395,39.82689816,0.317094356,2,3
15.3515925,12.92301662,29.48920071,29.13732127,25.10860852,0.020440698,3,1.973681457
18.23145217,16.92082371,38.48890938,22.27291392,26.14712602,0.198746232,0,2.652943761
20.44108624,8.437699256,20.76007253,26.54611539,33.99503733,0.161593918,2,1.18951423
20.51712372,40.0310753,37.37092787,34.91729836,37.80989458,0.582854144,1,3
18.56558921,8.141733567,43.36566831,22.38294505,5.15787573,0.769554021,2,1.651089173
19.47302756,30.05130519,29.56765713,49.14172317,43.55264011,0.234606417,2,3
24.65517918,16.15440075,20.53249595,45.45176207,49.47956813,0.697723134,3,1.496477419
18.77348477,15.95505353,20.69774511,23.46529336,10.48133445,0.899824259,0,1.600865127
17.58226813,49.58262749,42.30058264,14.87175816,34.29862626,0.621586021,3,3
17.43467044,39.05509131,38.06290268,10.00900195,5.108618948,0.775647626,3,3
19.57764613,42.66227112,22.66715961,39.83594262,7.206326878,0.204231506,3,3
22.59520149,30.73922084,21.36475693,20.56818732,17.8250459,0.074938522,3,3
17.05988184,44.19564293,40.12063409,10.62912351,43.0881838,0.365387801,3,3
22.09296127,34.04707426,40.24651582,27.95426353,34.36254056,0.709006925,2,3
15.21149823,47.57781672,23.01304599,58.09992312,25.06194194,0.686098589,0,3
19.18932978,17.66023637,27.5380101,44.49714038,24.73693131,0.955079241,0,1.761446283
22.75865065,31.78937956,39.50065161,52.88818515,25.97241085,0.62997842,0,3
18.38732956,36.05591066,33.13530177,17.23695491,18.99648985,0.411284461,1,3
20.63737101,22.68217873,43.91462152,13.66440773,44.49715329,0.797131427,0,3
17.04979233,44.58685921,32.02656613,10.57648818,30.5541109,0.153067912,2,3
22.41995391,49.09114234,36.92394844,57.7831145,26.77774836,0.813022338,3,3
15.52279103,27.21962711,32.74458414,25.01013677,25.92844714,0.365930466,3,3
23.52542645,22.57882947,43.57413739,32.97524712,47.11219101,0.154010009,2,3
16.98196386,26.23720679,29.9664773,29.72618118,37.56478677,0.162140624,3,3
23.74398032,43.37315356,25.74491138,46.52284677,11.51665496,0.983597495,3,3
18.52529241,34.04607915,28.16584651,25.4982441,24.66365765,0.623222763,0,3
22.22683574,7.014756763,41.3193801,36.77264413,17.97674947,0.174264594,0,1.623929608
18.19225298,29.39764597,32.44846409,59.77911325,49.4090896,0.268562538,0,3
24.05911671,5.778505523,28.85630759,32.20317757,23.69280678,0.372079769,1,1.031655812
16.26637126,40.0340917,33.60650055,37.56357703,8.054154636,0.05589947,0,3
16.78519789,19.77405231,23.33074268,35.12640312,23.50454007,0.108415716,0,2.349624764
19.93030125,26.2403367,20.13398262,50.15930791,19.46076263,0.761754294,0,2.412696197
15.81938439,40.94051477,27.01461709,23.3419827,31.98121912,0.78687397,0,3
16.95980185,7.090196778,35.12514299,18.52190081,15.17351789,0.988234611,0,1.200521464
24.43766382,12.1343691,37.79201924,47.70465791,6.618814236,0.067596385,2,1.962326113
24.76489661,22.90821694,40.66527416,30.78090932,9.314616882,0.889184412,2,2.893929534
18.76259329,15.34663236,43.16658898,55.68630045,17.74164153,0.317216046,2,2.258078508
24.23286021,20.20556416,30.30280867,42.20796429,20.67451842,0.327850586,3,2.444645103
20.44824676,49.91786321,38.51291999,38.21715559,42.5502743,0.127282252,3,3
17.69742466,42.14364969,21.86682325,13.52285274,17.15313578,0.986300177,1,3
22.02398721,44.77558167,21.43824997,46.52059526,6.417187406,0.980989237,3,3
21.58901807,47.16745851,23.1199498,44.30201828,40.13300674,0.864829609,1,3
24.89125319,20.34211461,31.21422745,42.00359622,44.10129065,0.090780087,2,2.609259704
17.65047287,18.3684631,25.28203596,23.39547618,27.15378068,0.841649626,0,2.024801268
21.72059503,15.53281217,27.17312355,57.33696608,17.82172538,0.634613993,0,1.568375344
15.52023755,42.35526101,36.19700434,26.08275635,39.74629461,0.128775446,1,3
16.13646039,35.5798338,28.96305447,17.61154784,5.400428301,0.261757757,1,3
15.03918375,15.62773921,33.93428894,59.36005775,46.58127031,0.689224131,0,1.755704243
24.99460681,21.96472231,30.31009392,47.31231396,43.94892402,0.803440774,1,2.331965169
23.02273697,27.80202938,24.22423139,30.73934412,29.51749445,0.848087046,0,2.856240353
22.86723015,28.76630258,21.85049976,56.79582154,17.49115346,0.543830241,2,2.765106914
20.09726075,44.99274778,25.90578738,14.55586872,6.478019724,0.534619917,1,3
18.00067083,22.12547598,21.44251174,14.38306082,49.99206876,0.684209013,2,2.441362875
16.51264284,45.88358137,35.465299,44.12255093,39.29331754,0.777722549,1,3
17.84674739,24.86154021,39.89294004,18.89860242,20.24194441,0.170585781,2,3
18.75971222,38.58677037,28.49351921,55.85697576,5.867238724,0.73983766,2,3
22.56310097,46.8614444,29.67777638,52.01795871,33.76812778,0.341686589,3,3
20.39661789,45.84090668,40.40477657,25.31836121,49.41068026,0.383758621,3,3
15.77483627,7.562879028,25.56532281,54.44197911,36.81827189,0.077712965,1,1.025189056
15.18029009,14.25669327,22.97900663,12.14438435,8.767148386,0.588420762,1,1.77598199
16.0233218,26.46074415,32.52795293,37.43189264,23.10252675,0.093420098,2,3
19.10498714,24.41994305,36.15475424,56.77813869,9.913255823,0.913135604,2,2.622803591
24.33192917,33.84012492,34.99136063,52.76914895,46.04722473,0.620970306,0,3
21.37402481,47.51190729,37.84682613,27.80366619,19.86865119,0.990281855,3,3
23.018259,10.05821201,21.41877955,19.14352176,38.00194382,0.245652153,2,1.405519225
19.66374595,25.33363993,30.70504032,20.52702942,8.81106611,0.679600564,1,3
18.61666083,13.6584967,25.9642631,35.7253939,10.77866131,0.964429988,0,1.391856174
16.08400373,45.23484193,38.97803149,39.83864719,35.57694479,0.298578264,3,3
23.75933022,48.40610836,41.8182621,11.64071583,42.95659768,0.096322648,0,3
22.83160029,26.54157569,27.03339352,30.67757796,14.06524803,0.633976577,2,2.931506618
16.68118098,9.680463398,22.38045198,51.51935578,23.82517607,0.366099167,0,1.015818264
20.12260564,40.33826,26.33569905,32.21644751,32.87376656,0.273057634,1,3
19.87374808,36.37136077,22.60021223,18.45876955,40.83243527,0.993587651,1,3
21.25091553,20.9601872,28.06055415,57.74301465,33.26884747,0.754109336,2,2.07688571
24.46186894,44.93333633,33.45496446,23.313777,9.294166429,0.485394633,0,3
20.79771442,48.91243504,44.34202386,49.92141328,29.42686978,0.050003397,2,3
20.40217267,30.10342321,29.98425636,19.68970832,44.80730067,0.191615678,3,3
15.50322933,30.45775601,25.5009981,31.15863646,44.06106745,0.298778425,2,3
15.62907476,18.38810773,24.17004351,34.52112699,31.32570235,0.487196602,2,2.055669319
16.87346791,31.30277162,24.32599415,35.0317648,49.8063293,0.497249842,3,3
15.32470772,24.78390442,24.81494208,35.82369341,9.730567507,0.024733363,0,2.934951563
22.43352896,18.59859621,39.05667556,21.24737703,26.53679108,0.94335627,1,2.477596901
22.23330304,8.023333844,21.52569279,35.7957761,39.88056377,0.542807179,1,0.890495127
16.36056234,16.37185369,44.93506767,34.08563769,11.34671532,0.019727167,0,2.784300997
23.36078901,13.90345924,33.06715978,20.43597486,48.77373927,0.701335194,2,1.937557237
16.54786035,29.3918893,33.60679736,59.40957798,20.93209453,0.071351512,1,3
18.01175587,32.07515098,28.93909697,53.27816964,20.75628893,0.721170425,2,3
17.48976899,32.38572759,37.25638399,54.37881755,14.59374355,0.701492481,3,3
18.72307099,22.46814505,31.78640852,44.27855252,17.96078588,0.984923164,1,2.371114348
17.54663766,23.95533802,28.22653212,17.99485153,30.9915005,0.342037419,2,2.985450981
19.88950926,42.54072933,26.62846009,38.40460319,24.32094301,0.144327292,2,3
19.07407881,26.43047661,43.14128017,51.07198158,13.70201802,0.091869273,2,3
24.86569491,49.44979995,27.27473788,11.93682443,41.41129731,0.07172607,1,3
15.5592635,24.78277535,30.90983149,34.79215516,7.800768821,0.810333202,2,2.755517099
16.42181376,34.23114251,28.75853505,29.806144,42.5593735,0.71854807,1,3
15.52825894,7.266334955,22.15447069,20.60623648,17.37224261,0.975915217,1,0.771095878
21.25841195,34.4002966,24.64835986,28.91250019,27.31564999,0.30918604,1,3
15.54509277,43.31418775,24.73754938,59.17487554,22.14790424,0.803102453,1,3
23.36439737,47.41060273,37.34123786,46.16216632,30.6770951,0.093014095,0,3
20.11938631,49.87942752,30.16463525,24.976854,40.81954978,0.903879892,3,3
20.27007625,17.69803905,39.54918908,40.26775257,49.51939071,0.051830309,3,2.659517528
20.61594508,30.89165292,37.72377311,22.33281201,18.77266155,0.787883482,1,3
16.70813706,25.28230935,24.80124416,40.54219545,29.92119856,0.307355525,2,2.795839357
16.97690303,30.37178663,34.072923,54.80833447,25.97033969,0.181193007,1,3
18.18817323,12.08538307,38.57272115,37.84384,49.95176717,0.704514528,2,1.763600015
20.93496416,43.52673077,35.82607309,46.66699877,41.40111337,0.895878032,0,3
17.10117776,45.93060245,35.0004127,32.66694994,22.86877364,0.764126039,3,3
16.16331727,25.23477484,38.49027219,36.20619588,26.4595575,0.313099945,1,3
24.70116886,17.61934377,21.41951848,44.75375394,16.06804675,0.353570655,0,1.85159546
15.21981815,11.33750424,38.28554868,50.62025025,38.98612939,0.189304595,1,1.809080581
23.02697405,35.76941712,26.81638158,42.97256933,43.03453039,0.824061593,1,3
22.8803515,19.05043278,34.29680636,58.87459969,48.42440706,0.107093634,0,2.405977343
17.97214114,45.92923565,26.05762487,50.99112939,30.46230036,0.903213927,2,3
16.35626616,35.19556137,40.97043931,48.85801023,35.1807351,0.601134247,2,3
16.45628647,34.05583963,32.01398386,52.25507895,25.07264743,0.588854956,2,3
21.97431617,30.17309522,36.0735303,24.06054677,32.41078297,0.837821468,1,3
21.42806591,7.059935274,39.85205109,31.6023577,20.69370636,0.667533251,2,1.384605028
22.82745674,46.93650961,42.38288138,38.22314592,38.19601024,0.304239258,2,3
24.37481172,33.2571872,38.30155243,33.11931592,6.021516459,0.349515122,1,3
21.91927363,49.73278925,23.7192144,52.37289091,6.280558236,0.173054191,0,3
16.55851537,29.18103821,41.36330924,11.35342588,37.22544006,0.464063242,3,3
17.43442617,36.95499014,35.4644479,20.45877086,46.88072614,0.110154766,2,3
23.42193731,7.529430104,35.23624396,54.08532705,33.45120205,0.653036507,0,1.060112952
17.09306076,33.42812796,43.033514,12.95500688,37.69377346,0.169228841,1,3
15.72522317,39.40923252,26.22078889,21.34941518,42.0770431,0.863931773,1,3
22.03280054,40.03314327,25.98969046,27.56251652,21.2753419,0.700462587,2,3
19.02526355,39.65502435,32.82983887,47.53702804,9.86511459,0.891511255,2,3
24.20040053,15.18271823,38.77157666,38.00903481,46.98915293,0.087030988,0,2.38705187
21.50255071,48.89293149,31.18101771,57.73023514,47.23567543,0.798509335,2,3
15.90418978,49.78319543,35.84728475,21.39375075,24.882825,0.880804725,0,3
24.47856567,8.401814382,31.31311811,53.60602025,14.77263456,0.044569809,1,1.325606935
17.58557264,47.14008903,35.25967951,24.14567449,45.15594722,0.999075955,0,3
18.3721249,18.02521374,40.55655757,22.27491296,36.87920137,0.300644316,1,2.781335339
19.02260414,36.01778368,24.5119174,34.9187599,5.370275775,0.211721214,2,3
15.51224296,20.21499143,37.38446335,13.56022526,9.847386566,0.414905223,3,2.924593057
19.96515422,48.54894455,39.68564348,29.21535065,49.24398392,0.008635392,0,3
16.23318491,9.567673624,31.17778519,27.78379841,6.715768046,0.885906326,3,1.275235722
19.00970327,27.39860676,28.08083943,18.00507779,17.71497547,0.268490883,0,3
18.50709788,24.26215064,20.3386081,53.03974226,29.68233551,0.5215915,0,2.312975494
22.72840083,19.67105535,39.92762556,29.29448219,13.29600273,0.62355952,3,2.693301806
23.03170512,34.04902959,28.19846648,59.09600898,15.44243389,0.791091796,3,3
16.53412882,10.89750845,28.93273674,54.98539745,20.8835369,0.250206113,2,1.379218372
18.66551187,37.24980882,28.40015408,19.74053498,17.12994207,0.717146367,3,3
18.73353161,49.12664557,32.46848327,35.25610862,41.15103026,0.117660881,3,3
16.51410444,41.20514215,37.56248933,40.09020692,27.5123513,0.704235168,2,3
22.98453505,43.70075388,39.29657828,50.94802515,17.53790664,0.919295533,3,3
22.07228328,21.18365344,29.81426801,54.28213748,19.08932151,0.085026268,3,2.526839769
16.90381786,19.61989729,36.57755088,41.20090106,6.793923181,0.116702801,2,2.710881014
18.66721909,28.26717596,38.01710626,11.75671016,7.222643428,0.5572275,3,3
16.05805025,7.057697664,27.42293329,34.06382248,37.30584049,0.046400422,0,1.256029107
21.28206597,47.54111605,22.41553674,54.24017681,10.08098767,0.187390509,0,3
16.21371925,11.47033279,42.36664302,45.70448013,26.41085486,0.190192136,3,2.007113843
24.85934169,45.63558676,36.92789929,53.50709707,42.90645393,0.481247463,3,3
22.80682075,8.76119999,36.20276022,43.70398949,21.58040776,0.248487029,3,1.521595264
18.9023855,42.01812175,21.47256288,12.20175049,20.55885022,0.475522856,1,3
20.78563932,11.83831366,40.44682644,58.40033281,44.28717241,0.521175788,3,1.687467692
24.11341816,6.715922634,34.1513539,55.90092703,43.91826785,0.730644388,0,0.885639263
20.5409928,37.37702526,41.19711043,16.328977,44.60615607,0.945992195,3,3
16.74498486,17.61193851,44.36402959,15.63455834,30.73612821,0.503747216,1,2.831775646
18.78703356,37.15232688,43.92750802,36.95392502,47.85369231,0.355005345,2,3
23.43144865,29.97883627,41.40223366,47.85254173,41.85337765,0.258703413,1,3
21.44213016,9.89633256,20.27368435,29.1086606,23.70354921,0.634657212,1,1.057007523
21.50724384,46.9458533,42.14318021,16.81910818,33.32998139,0.942917112,0,3
23.66821486,25.35413786,21.87655785,35.52780494,10.48050872,0.764654912,3,2.527026876
23.93973057,38.0501275,41.27984925,26.87830681,29.80994837,0.206102632,0,3
24.19792572,27.54592574,27.00435172,27.58859778,16.84170876,0.893304131,1,2.932199588
15.94849193,32.19626637,35.25170846,42.24927684,17.75962519,0.735513308,1,3
20.44126002,18.62481166,20.95170578,54.28040496,10.65732048,0.127944861,3,1.954094878
22.40509521,14.01621368,39.2795424,37.92958654,21.11896506,0.712802416,2,1.975242375
22.56926845,29.41565915,22.79265306,44.38012554,26.66256486,0.289355457,0,3
21.06716202,24.80985378,30.26720429,42.99734958,32.01594985,0.491396657,2,2.814220364
16.66787335,22.5550946,40.43615006,37.55730963,18.71912013,0.300231314,1,3
22.97420554,35.26552378,37.38372491,25.53790728,40.65117054,0.084059238,2,3
22.20111334,36.07279844,20.15106742,28.88970925,28.44319827,0.768583585,0,3
15.86135772,7.066402524,30.07580836,25.78518992,33.7123449,0.828683759,1,1.036973419
19.63809825,20.24350224,21.04818792,55.87490482,17.5164624,0.231979001,1,2.051217939
16.739774,23.52940476,36.83749652,51.33093353,41.63611456,0.239638118,2,2.947728632
18.37477046,9.360147252,44.22371229,38.96736864,33.09235028,0.429957728,3,1.805485918
15.18081092,15.615539,36.38153156,55.61217355,43.80569373,0.811469319,3,1.812415224
19.00329868,7.323880875,25.60931078,54.32043466,12.19782105,0.077268072,0,1.004193398
20.49876921,49.83089444,28.8808258,56.38471999,22.12984701,0.808711353,3,3
21.19582593,38.14507413,44.41626389,21.08869288,10.08572828,0.922722961,1,3
21.63490345,8.935257043,25.6013103,45.87515189,14.69872899,0.561504168,1,1.007399112
23.36291313,5.911222091,34.03822683,40.461225,22.7546377,0.060391482,2,1.290921779
17.15462907,37.36795101,30.01134522,46.69153189,45.25618584,0.26955276,1,3
16.20481822,24.76364746,39.20788245,23.1689682,30.06683011,0.111386474,1,3
23.51537172,40.40585191,41.6847318,44.74045357,19.86702488,0.259283571,0,3
16.56612815,46.5564217,28.52093186,30.49142576,38.61046233,0.811782009,3,3
24.74760081,31.96851751,36.50990909,51.70458982,5.885721779,0.055667789,3,3
23.42538229,13.41987903,33.72619244,49.76828626,21.65414951,0.283823635,3,1.826599638
20.00876606,40.19873162,26.96111225,20.56788054,32.03742635,0.516950763,0,3
24.81421425,48.01152844,26.79852007,19.19276382,31.24567867,0.874040976,3,3
15.97376729,31.11040792,33.46579119,45.88658606,32.34010471,0.249982166,2,3
18.03065761,35.68988513,23.85007184,37.52374474,14.51753442,0.778327157,3,3
21.38224415,20.18636128,40.27024741,37.86029553,20.16856188,0.583569075,1,2.690590215
18.50006868,22.16874626,21.72512098,47.62576617,46.92044535,0.676369417,0,2.126602955
24.28372552,38.0594524,22.36436216,52.74853965,48.82889891,0.861768648,2,3
15.65626088,46.74969943,28.55565772,21.94819503,19.04172581,0.026415654,0,3
20.49411832,33.30447743,22.95229395,37.77697734,34.00266665,0.52973348,2,3
20.90866267,40.54315588,31.89250053,51.44773547,15.85835506,0.747214207,2,3
21.52728124,12.72357578,29.99189726,53.63970856,21.58379001,0.884603056,1,1.293388873
17.55666223,14.53815906,38.0452449,24.37046942,40.65506136,0.132694188,3,2.411938948
18.64566428,28.94156091,43.82510388,15.20769283,27.55304285,0.341451638,3,3
23.4368053,12.94493865,38.83896462,21.64116269,43.23154819,0.078555792,2,2.333436496
16.94942769,33.57477816,24.48621657,57.2749757,33.29331105,0.834934084,2,3
23.26867847,18.12439334,43.38803214,33.12398562,33.30145333,0.857366348,3,2.498784042
20.62655423,40.61896784,29.80333581,30.92868953,6.524601267,0.483585315,0,3
22.62187511,41.3649656,31.85473402,10.65421744,38.73516617,0.020795293,2,3
22.13607366,25.87043551,30.53940593,12.55073415,49.00399376,0.102198149,2,3
17.07511495,13.13647858,27.01367558,43.43479647,26.28628521,0.624358119,0,1.467576686
20.68812736,34.10487325,42.37610719,39.49135344,12.13610067,0.982619186,0,3
23.67723153,49.67541582,28.30597165,38.77641492,48.96399521,0.838864077,3,3
19.32116237,33.01659041,34.46491174,15.5161438,18.05566437,0.797922216,3,3
24.6659077,6.609861082,26.00083961,27.60305848,23.41390801,0.417969881,0,1.042665237
19.522151,5.77822891,39.93438437,50.61790693,8.481488635,0.985212252,0,0.910183841
16.42785637,19.41628867,39.35496649,18.7455612,9.987658956,0.824972851,1,2.653519046
18.8943468,13.81027131,27.40780346,54.13436255,14.74545518,0.335652822,1,1.585450543
24.51702406,41.58730432,37.03885183,16.07391502,29.68097293,0.748491029,3,3
18.19720849,43.01625502,37.59683833,18.45746651,30.10051408,0.432522919,2,3
23.6809816,16.63784471,34.0627854,33.88749806,32.28097203,0.66045567,0,2.130107835
23.81250682,19.65401496,35.01495956,57.26499522,31.27176307,0.970053857,3,2.074889934
18.50186524,15.63111355,34.36136596,26.47738391,27.28566424,0.246451555,1,2.320490603
15.83257658,45.87721463,22.0466101,42.91089968,41.09443946,0.795002191,2,3
22.24557909,27.61922006,36.75663362,39.4335628,47.02548638,0.590374321,1,3
18.11512299,34.52616698,31.74437525,17.48113183,17.13926,0.949970913,1,3
22.82923614,23.6966939,30.96143201,22.40834507,10.8587157,0.13446331,1,3
19.42654848,33.39563871,41.49998047,56.50763863,24.12892823,0.719709499,2,3
19.85266742,22.36349195,20.58066784,19.24148118,6.189006879,0.037153151,1,2.711380069
22.77909407,20.2855297,26.28287295,44.75049449,44.74934932,0.246553481,3,2.33386705
18.82363331,33.55160329,23.0350875,58.23472413,15.78678171,0.32085453,2,3
19.43127345,31.59779351,20.88352612,15.97529961,29.71834834,0.43225576,0,3
18.76190469,18.20875794,26.89192494,29.95909951,10.17927455,0.965299977,0,1.935032308
18.67340515,11.72068026,44.71190682,21.19660722,29.89658027,0.067601402,0,2.416698147
20.25946577,21.58595122,26.75572933,21.07807587,6.754705381,0.168982864,0,2.755180576
23.08799445,23.68389376,36.59264549,15.9492922,39.5963013,0.203047226,1,3
18.61768312,33.290795,22.95747225,42.4775592,47.99396582,0.423996702,1,3
20.24254721,46.15379436,35.04619075,47.3171755,18.81392292,0.060699869,0,3
21.70727325,6.628315889,44.61203708,43.8396955,16.61965747,0.965419547,2,1.228792763
17.69439446,15.96474556,27.29593809,56.23282288,25.15977372,0.559851691,1,1.664085085
17.77522805,13.7172174,41.20189041,17.28394044,32.89881471,0.813286903,1,2.165635231
24.33413127,27.60324839,44.93928451,25.99226867,13.50331079,0.772498431,2,3
22.23534573,24.33653632,34.71385222,27.22864049,41.14885988,0.660825136,2,2.988083066
20.77186676,37.80669307,27.73502751,21.60410519,13.9340666,0.904409419,3,3
21.47720054,15.90871606,36.8382815,17.11024721,5.246339899,0.902383712,2,2.196519995
15.29299443,31.75242646,41.12120516,34.3351738,28.59127626,0.12777183,0,3
21.18102966,44.77357686,24.28375607,51.7219814,10.181737,0.901928299,0,3
20.09508873,45.9804983,31.3128941,57.72698628,36.42074264,0.523891035,2,3
20.4574968,48.14530721,27.97969275,16.46703161,12.53614981,0.268069713,3,3
18.59423827,39.79675184,27.08397492,51.1578614,41.7821178,0.608500467,3,3
15.81473898,45.76945578,41.52053152,51.22905615,26.16656598,0.2809036,0,3
16.93339234,15.55388924,30.54135017,29.44890608,30.48250571,0.479007863,0,2.039440938
24.50744713,13.8911425,28.47690855,15.50148121,13.39633244,0.816437849,2,1.775110798
19.08699562,5.29196377,35.08776354,59.50040034,11.60096349,0.032197976,1,1.087685504
19.66683156,36.80799608,25.48503949,42.77965153,33.40816099,0.183088992,3,3
15.5270979,47.18602345,25.74733726,59.10978475,16.49572769,0.956582675,0,3
15.3756623,13.41209053,33.00721827,34.18277578,22.36665057,0.445098373,2,1.877072717
22.17181447,33.66246089,30.23181822,29.75965,26.57521193,0.303324244,2,3
20.38094664,38.59068916,27.3745596,22.3592738,15.33351225,0.923279541,2,3
20.08705984,46.74264058,21.34877831,59.17860009,40.79407148,0.911213911,3,3
17.4312453,34.10871008,33.01935597,22.66286347,47.2740984,0.044242457,1,3
22.44750732,48.66321797,40.41523014,11.18813781,24.43519229,0.362478016,2,3
16.68236579,20.51029135,41.28443013,35.62342068,46.2896773,0.91282165,2,2.614531774
16.89934744,20.74678402,25.88599949,28.85252465,44.72072678,0.179771969,1,2.559133821
19.60712171,29.43556295,34.9910301,23.06912517,12.47212529,0.57821351,2,3
17.86279862,22.25758465,41.39703274,41.73040582,12.80218756,0.320778014,0,3
17.47462981,5.064157773,30.21814821,28.21343074,26.48322777,0.736565434,3,0.86327036
21.45237645,37.92974113,43.30342043,30.11254442,28.66357307,0.158262475,1,3
21.50971745,38.82726687,42.57446323,11.15228019,20.35083765,0.59605318,1,3
23.2451707,38.61385721,25.20334744,39.45354643,19.08144409,8.43E-06,3,3
19.17708567,20.52593,26.47412082,16.10355149,24.41152804,0.252563756,2,2.647746301
15.73085091,28.5030263,24.51104997,20.69024294,36.07156766,0.162165212,3,3
17.73666385,21.19880832,24.90135879,45.85589103,8.797713486,0.209830712,0,2.386451858
24.80005463,5.721638001,42.69655218,25.66213631,36.97619016,0.860426292,1,1.308547697
20.96258575,30.31020236,43.27844773,18.16050987,46.68081177,0.914796585,2,3
22.09737085,10.56922997,21.29743103,38.87120735,39.3578019,0.755031573,2,1.000609505
15.0735783,8.601859584,34.84008389,20.74522475,13.62545854,0.59010653,3,1.519016576
20.18205732,38.99745809,34.10578907,23.5489107,8.936653495,0.230856516,1,3
15.37528658,5.427779109,29.76369117,41.0669655,27.0671184,0.274721378,3,0.986870606
20.69230212,48.15537996,35.79243982,46.99308907,48.03827401,0.309889773,1,3
24.2077085,28.18649139,43.68419564,46.98298426,41.85766793,0.77700546,3,3
24.68419131,49.23573938,24.25637207,34.11217059,30.32301376,0.252884308,2,3
20.40552675,7.609890761,23.01027274,32.71484555,11.43416405,0.973389425,3,0.714154999
19.58204805,31.2588297,20.83476427,49.38225921,37.1226552,0.796463521,1,2.92832076
24.45017094,20.71971662,29.0958327,19.65173626,41.58492074,0.999717723,0,2.345456528
21.73609832,42.95671218,28.44071193,17.61012238,47.07811114,0.459178563,3,3
15.6489928,21.25502309,30.7704922,43.2347533,32.54523054,0.589328185,0,2.424173757
19.65725578,16.72194106,32.58275077,30.47534672,28.15096166,0.280401545,2,2.313331558
17.40245018,43.58989072,38.94559985,45.49992303,32.86319196,0.603744587,3,3
19.69804321,21.85938912,29.80283476,22.83001117,47.44636271,0.973900285,0,2.464116483
19.55465572,5.757499394,28.26532773,26.24359405,33.26571888,0.030380215,3,1.240301482
20.82144803,22.56300954,40.67197051,54.83388246,16.59163322,0.289288792,3,2.919050083
18.5677049,34.45350211,41.24491677,31.08282634,33.62681336,0.28129417,2,3
16.64270449,16.44617925,25.81914911,39.54767349,44.58850578,0.982369865,1,1.618594561
20.03719435,24.43944166,27.86679557,15.33410971,30.51509129,0.132649387,1,3
23.30202884,7.552181223,40.62790927,18.94145861,27.62144726,0.812360181,3,1.513887088
21.64012228,31.46417562,21.98520611,11.79438644,38.00161623,0.274553846,2,3
18.38367866,39.03327157,28.14616951,31.21854059,34.74449128,0.86060298,3,3
24.35523023,23.59906526,31.20875268,59.44600022,7.550941953,0.487750901,2,2.561862829
24.12207571,23.91046848,24.67679038,53.69365763,37.63900134,0.242261085,1,2.555539408
17.09348399,8.972712436,24.49785492,41.64544575,23.33972435,0.709733016,2,0.942545442
15.39417585,14.0873389,30.62155145,53.0548246,47.3404226,0.841580763,3,1.478113644
22.41308708,11.96038864,38.86304312,39.70846782,48.68613448,0.470139209,0,1.859319352
23.27610261,26.67594959,41.00582449,28.43844402,25.19324682,0.713989276,0,3
24.67864566,28.81649934,44.48087731,18.67732006,48.5957681,0.181582524,3,3
23.89836394,47.70230591,21.84960125,42.65243709,18.98692317,0.937612181,0,3
21.00534768,8.295417692,25.41705503,19.65256382,35.71899897,0.096449506,3,1.432026545
20.30052339,31.99405879,38.91574606,30.87142086,8.377462,0.221950709,3,3
15.27841051,28.69243373,33.51496765,51.29009211,11.52452068,0.288359766,1,3
17.46656447,28.23048941,28.19199435,16.46146513,43.90366561,0.152753,1,3
19.59614752,44.29216793,25.13974153,16.45107095,45.22028177,0.406680332,1,3
21.285039,14.24923118,27.01193879,21.22012078,28.96750364,0.457736028,3,1.884251856
20.57251833,6.834797345,30.73222376,37.59586536,20.28980421,0.518589258,2,1.072633911
22.4263599,35.25221784,24.42878049,22.58617391,25.29607693,0.040799548,3,3
17.79766931,20.53208589,44.1056489,35.15989686,44.13310201,0.21910607,1,3
20.64952608,5.79154623,22.68971111,25.09913055,14.49470402,0.807763251,1,0.680605396
15.88142243,16.31183033,44.63943586,35.31211025,18.26916041,0.810604655,0,2.360740798
19.13665524,18.91970484,41.04733215,23.88157245,40.34493204,0.330006752,1,2.856395789
22.50160833,32.75772696,30.57879044,59.00061878,47.08712507,0.461174361,2,3
21.93400853,12.76636073,38.49540836,34.63589506,9.181730301,0.183452928,3,2.121730937
24.90642737,23.58744566,36.78788109,47.18217171,41.16975356,0.82213989,2,2.702115607
17.77891126,26.711395,25.33217295,45.02732794,34.02807381,0.956683722,3,2.586930125
19.98189299,25.66568261,28.47675215,34.52796874,15.3847195,0.29135286,0,3
18.29530414,48.8273345,32.82806407,21.94310308,39.01177385,0.781937927,0,3
19.40603114,7.047690701,35.9461045,35.5359139,37.75622292,0.352389136,2,1.371418846
23.5695013,47.79356839,33.57237453,44.04858119,11.39134152,0.002633922,0,3
21.84209075,31.18717463,31.82468653,32.99596353,27.60129758,0.599727727,3,3
23.82441191,40.80774717,31.07880684,14.09625537,39.12309873,0.410398653,0,3
17.03511108,24.36766781,32.45661248,10.89916148,13.61948571,0.758435026,3,3
23.73361118,25.42270466,30.858788,26.39384042,25.82447101,0.74876408,3,2.932576288
15.59762274,44.56969246,33.53325194,17.5111963,10.43335061,0.946031244,2,3
23.8859928,45.31705233,42.19963248,55.3095123,18.80757158,0.437819009,3,3
18.29073779,15.74099966,35.82073283,18.7916335,14.80752054,0.482511904,0,2.338952107
18.14587633,13.96588454,38.06552187,29.7141357,27.7282007,0.400405307,2,2.168095172
20.12088577,27.33058282,34.93707834,45.6038756,11.35469007,0.296938877,3,3
24.40690188,45.51246622,36.07544206,50.771083,22.24178399,0.637842215,3,3
15.47781365,19.5059792,34.45874571,33.88565766,17.38233072,0.828036763,3,2.346347819
18.52230975,34.34065769,20.67166305,19.05675048,38.57220114,0.157810675,2,3
23.56571989,36.86682595,44.98995956,23.54476118,36.48513979,0.981839328,3,3
18.96054477,40.04035992,20.84023101,30.94842238,9.271873835,0.683807364,2,3
16.99156898,30.37660061,29.87870021,28.22972947,47.90677495,0.780111016,0,3
19.24794181,23.11048302,22.62789196,27.43363786,38.51073131,0.998854586,2,2.291547696
18.85552501,48.5157195,22.42321126,16.59269009,32.71814131,0.504031497,1,3
24.15416201,32.5098839,39.83817379,55.66551261,26.49656727,0.071291257,1,3
22.61934376,37.78543452,30.64814448,11.48783032,13.00650893,0.790291727,3,3
20.05115556,20.52422806,40.02846771,32.00010639,48.29071896,0.870766028,3,2.631320985
24.88370567,35.14771315,26.81966177,59.01607463,5.353626952,0.16239715,1,3
19.65277531,16.6008948,26.4115698,42.98619694,36.16165104,0.024137422,0,2.098544459
15.58237831,16.02936129,26.28078455,27.77053319,27.8349946,0.135823677,2,2.13334511
17.62274322,37.16249908,35.40364066,17.30487922,45.61618505,0.323966414,1,3
19.3607048,28.46276313,40.37498475,58.19363028,22.13137757,0.924281037,2,3
16.56902624,35.74744747,31.30652525,10.69931809,28.33899885,0.002467194,0,3
24.47565126,17.12473208,29.48122227,44.06937853,38.40527264,0.803797896,0,1.852587884
22.66848898,31.94255035,44.33948886,54.00687357,7.14049445,0.854854736,1,3
17.682872,24.97701424,22.9188509,11.25802449,7.451385846,0.811052326,3,2.743556712
20.90804534,31.86321291,32.16581705,46.2587432,14.5252737,0.082214356,0,3
22.21449157,18.08958795,30.21219383,59.94188806,11.58910626,0.679189999,0,1.877018043
24.41278929,37.19529336,22.45316491,41.98212343,5.289956075,0.953903623,2,3
23.81635349,41.26682148,26.70500905,30.73394739,33.03454199,0.120362769,2,3
20.15192226,16.69624132,20.71103031,53.72003597,40.81720854,0.031681798,1,1.806950551
22.7465262,18.52792519,41.92385722,37.70896232,48.07017394,0.873659032,1,2.436335288
20.62144754,34.75194214,35.19623822,47.47204234,24.8405143,0.644929668,2,3
20.5270389,36.30133284,40.37546245,39.38894959,17.58742962,0.646435466,0,3
16.14741958,36.6844858,33.03886131,11.91455462,43.8756102,0.964431429,3,3
16.26137658,35.72143271,34.98774574,20.65724941,42.99780258,0.769765584,3,3
20.29533615,22.67634726,37.52136195,13.9381787,33.11794449,0.397444886,1,3
17.68861545,22.76841535,42.70029069,15.33438812,17.29170674,0.435841117,2,3
15.21036902,16.46679306,22.2937972,10.77027468,45.88329177,0.14469298,0,2.209756643
22.22839204,12.0575165,28.27370987,31.05824895,13.02806015,0.304049867,3,1.685601222
15.32486597,36.16598207,37.72565477,18.93258159,6.964092664,0.445403715,3,3
20.95276841,9.193495369,43.95876408,52.78482602,40.84782281,0.261085427,3,1.726250699
20.39193794,47.20065291,44.52018571,47.50187688,30.36465772,0.915872848,0,3
24.68814691,42.20088367,35.95257523,38.65884974,16.09105177,0.011802674,0,3
19.84213139,43.5877583,24.83996194,34.45106727,35.1903048,0.58702209,1,3
15.63601436,45.80009666,22.98022279,22.79343203,39.50224357,0.771608129,1,3
20.51687968,23.38722368,43.65109111,33.74757329,43.00456781,0.732108996,2,3
23.41096171,43.10153255,30.84819224,42.06146379,17.69567072,0.643732959,2,3
24.96849284,12.11275851,24.87040083,49.11144301,6.151435306,0.410335495,2,1.344007035
19.30343174,5.973880757,43.34731289,14.08410331,27.9517469,0.918477233,2,1.442218856
18.20298742,40.32011276,22.61310679,45.42323444,43.52353692,0.328946338,2,3
24.06653297,8.36584916,38.23927742,47.13649384,14.35196018,0.750134126,1,1.264795495
16.91242129,49.48361003,35.63157569,37.94861005,23.95064629,0.926650972,0,3
21.15428915,35.36583933,22.19336661,20.71595979,16.53893308,0.128383623,3,3
19.05714424,38.90523696,28.46871989,36.95922938,5.601319314,0.947081048,0,3
15.41082365,16.06117353,23.74826724,35.13524409,45.43358434,0.776032701,1,1.65835747
18.47288474,35.32394273,35.11246481,33.78550482,11.0773952,0.616591663,3,3
17.65228523,6.944897176,31.92782579,33.03199577,39.50452021,0.373398706,3,1.241731267
21.86091154,42.7021574,20.10687812,15.54127831,20.59714543,0.904265425,0,3
24.48790498,12.63308419,44.39276416,19.14462424,17.4956859,0.044042936,3,2.529599513
17.68047187,36.38111301,28.73961625,14.86660442,47.34629989,0.431829055,1,3
23.11465939,15.10162256,26.45510982,22.12389138,34.5739769,0.756633898,3,1.792443387
15.55359817,8.080392624,25.56107389,23.17383914,35.91151979,0.811140442,0,1.022766446
20.3812101,26.66721553,23.9703974,22.25379307,39.18438133,0.202278497,0,3
15.70550064,12.61787946,44.97842691,20.54645341,20.34200012,0.047604652,2,2.531801983
24.34032991,37.82497947,27.3777367,46.77110227,30.36490163,0.802851155,1,3
22.66351281,15.69046295,30.13783743,50.92826998,17.16005048,0.421892268,3,1.853412043
21.57949911,20.41126503,41.7838979,26.35546083,42.5543682,0.14352373,3,3
23.23896382,30.53476631,36.04718759,25.25644458,31.96883207,0.085568348,3,3
21.47519796,17.82357249,29.21736029,52.20161749,15.95330717,0.640639571,0,1.913933299
24.68944397,22.00946523,42.4582109,41.19619508,45.48912828,0.582817866,1,2.912849336
22.13957948,41.7029797,38.74310506,24.67191624,31.13780002,0.853990377,3,3
24.2465861,13.06444323,25.69751269,45.68061463,27.27637265,0.031567012,1,1.690438427
20.17131892,8.699071527,36.09347486,27.22964051,6.551941389,0.868427233,3,1.36651296
16.17064413,19.77610033,43.05996246,39.32778072,45.94109023,0.887243109,2,2.576042753
20.28177721,24.09695452,32.41152196,59.6317015,47.85232622,0.446299677,2,2.670612663
16.26872828,29.4196677,38.34031007,25.07971876,30.31693825,0.076666448,2,3
20.92493479,21.75906633,44.2775936,56.52630004,24.91310091,0.946743205,0,2.613191817
19.82493061,40.54602651,37.26035352,26.03262071,21.18042797,0.072029905,3,3
21.22575398,6.769376945,22.56096724,37.01433522,17.06215921,0.59067531,0,0.763488929
15.10046981,24.42953922,26.11398877,32.99918948,30.8538202,0.493156503,0,2.736850068
16.94840492,22.20151616,34.87741093,49.15797812,10.76427739,0.835086456,0,2.473608971
19.91330432,34.14103209,26.88889538,13.05463497,46.36281237,0.502606853,2,3
24.50503562,48.48243134,43.93854263,41.3561152,12.91814321,0.469120282,1,3
18.8360904,27.9668933,30.13380085,48.03334722,38.54809681,0.880650146,1,2.880490813
19.24372026,49.40945811,31.43076014,33.60724257,18.80994976,0.964010083,1,3
22.14696089,18.60122277,37.54005234,15.26463033,15.1731985,0.549270108,3,2.684175998
21.03792757,6.389065964,33.10624328,22.24025067,30.10411307,0.454723931,0,1.292683567
17.9892615,12.45484254,29.55364917,43.98361851,39.43062415,0.831095143,0,1.375222136
19.10816396,22.78061981,21.91594688,54.77186928,37.7031501,0.831093461,3,2.045328121
17.17699799,19.23502591,34.91113974,31.08043035,15.51903579,0.319381716,0,2.616712088
24.66021459,9.367435894,41.68950077,38.02060175,19.87260576,0.576223655,1,1.65807577
16.30634382,24.46970485,37.14406104,21.41925184,44.09744824,0.154116981,0,3
18.71836785,20.21520972,29.53737525,30.6106657,37.5459685,0.635541989,3,2.382222496
15.25838972,10.51786492,23.19315162,26.83949039,37.07122574,0.833989014,3,1.139502135
17.21779492,18.32527088,40.40845467,42.7762774,17.10072843,0.187515085,1,2.65795526
22.80471138,44.88962249,43.54370906,59.23494758,40.64019385,0.323047046,0,3
17.01175232,18.59219895,29.70682477,50.6651726,21.12880079,0.448934284,3,2.118328519
15.80063403,37.12799405,38.21605473,19.60822925,23.06257341,0.845080064,3,3
19.7445318,32.54211858,30.269086,38.88392967,17.94024901,0.731370011,3,3
15.09969235,24.22315231,32.55667347,13.32058575,10.46256112,0.316870388,1,3
15.84766154,15.75615366,40.91190952,22.34577434,23.91771033,0.243033554,0,2.594371163
23.0762587,21.60566147,22.08560856,18.6108838,5.762277587,0.69570471,2,2.362791906
22.71473345,31.64482461,33.25838372,26.77727688,25.51596077,0.479887465,0,3
24.1513882,20.78389466,25.36550687,43.94069845,37.62528971,0.593554225,1,2.187722265
23.54515436,14.67033951,28.49514864,34.96966585,48.23352647,0.648697459,1,1.742826851
21.83175563,10.2408237,36.11072062,56.64546299,8.537591505,0.558686734,3,1.381975061
15.52332857,44.58951221,20.68071031,20.63744199,17.65808169,0.61307203,3,3
22.82848618,24.81408391,34.84562747,28.21045731,27.23589732,0.887503153,1,2.917073157
23.45510811,33.13437448,27.08605599,26.49262884,12.66745769,0.868198927,2,3
22.99082146,27.06846625,36.73710902,21.7981813,10.25728349,0.149034273,2,3
20.08479035,44.26549333,23.5395338,59.65853846,25.35431475,0.586496715,1,3
17.32901839,29.61206836,38.3952901,29.36127727,31.1328738,0.439301997,3,3
23.45329976,26.63516381,36.14099299,57.02544902,41.90934769,0.285520075,1,3
22.2716281,46.60704457,44.28104582,29.52367369,49.90115398,0.631147409,3,3
24.80761174,37.38603182,42.78088408,20.20458394,39.8421851,0.510883534,3,3
16.55692598,10.01974583,27.08257158,15.96031653,14.96032034,0.774904065,1,1.357671771
17.25664583,12.99670075,20.68291432,52.77815966,38.65901309,0.09343099,0,1.414603461
17.1179815,40.42052883,36.38421403,11.60488202,29.17191309,0.302680749,1,3
22.92539768,42.61330945,35.07218473,58.21972942,25.28643091,0.025782259,0,3
16.86907296,29.53358731,20.68571922,30.90956059,47.10778223,0.745959754,2,2.960807222
15.6665983,29.95048525,23.06693823,22.36871755,36.59416641,0.912457333,3,3
24.98560807,33.43698333,34.61754261,40.87230661,35.67618831,0.587376341,2,3
15.24817211,24.76020984,42.7956816,16.64564959,5.529018413,0.61697916,3,3
23.3524406,35.60896056,42.66250691,13.60727868,43.92821711,0.046425122,3,3
18.65366842,9.88165659,23.78712637,51.3891676,40.69852148,0.503781298,1,1.015287546
23.4161546,48.25756591,29.61434866,31.23353873,18.45238451,0.526872233,3,3
20.54620491,38.75696707,21.08007161,35.91274561,18.14510356,0.038974486,2,3
24.01631229,33.40283918,31.73179616,18.83480044,7.406530702,0.78238714,3,3
24.26192986,19.23449257,38.82708649,13.07121223,7.288539068,0.278320137,0,2.947813282
15.09098181,12.24299694,39.74931778,28.38880663,35.08675311,0.723447007,0,1.903665383
15.75412176,23.42043337,32.47473666,35.30731262,13.38069258,0.402925347,1,2.86999876
17.5035873,34.77095333,22.39674187,48.27153109,46.55965324,0.995646137,1,3
21.69315416,33.51693845,29.53409938,35.05260001,42.90819926,0.212205146,3,3
23.88272197,22.21885198,43.302549,49.12535088,20.6998322,0.058235591,2,3
19.59941951,32.59788772,25.74031391,15.77163898,22.10308483,0.979905493,1,3
21.06973116,41.6186733,27.99386125,13.1981386,19.72744524,0.243842018,1,3
16.88499853,6.182814755,38.67067939,17.94304821,9.157771094,0.635331187,1,1.410208046
23.04966834,25.27794716,38.33951972,48.60060634,6.414357094,0.37456822,0,3
24.67328111,39.13498528,42.8050572,47.96651154,25.34599213,0.639627857,2,3
17.68598933,29.57650117,29.70296727,17.06839023,47.43680515,0.596058589,1,3
19.94825952,34.31642396,32.8649681,11.54943291,46.27621944,0.707273881,3,3
15.86116111,28.25043767,31.68481153,44.26409681,41.44274335,0.018443356,1,3
20.59136656,49.63435451,43.19380428,52.76408916,33.28677173,0.836194217,1,3
20.02783442,7.457969142,39.23326472,47.70538478,43.5300083,0.478665864,0,1.337185625
16.44436484,27.09701698,40.7860445,20.13994903,28.1780833,0.518852802,0,3
19.42066213,9.11374471,23.32745672,39.18839486,13.10720599,0.411025191,1,1.091559818
18.34104652,12.1903503,39.79616732,47.86828603,35.78766565,0.989382482,2,1.572199839
20.21830875,22.23672577,30.82446915,22.79143523,46.42907158,0.801571374,0,2.622454843
20.85654335,11.99930412,20.58346707,36.38604007,5.882229383,0.311393375,1,1.366488893
15.08495579,48.36592247,21.50220882,25.7230202,16.31498235,0.783071275,2,3
22.61005983,47.60553995,36.94769849,21.27877087,16.94471861,0.436993527,1,3
22.13014292,20.12493408,29.30031103,58.47946634,9.456779238,0.870013343,2,1.969369108
18.66286386,33.78864704,41.70288933,55.62909802,15.14723996,0.030846495,3,3
15.52935936,29.01889943,38.35682835,32.28338655,22.27919351,0.355406499,0,3
22.5493254,41.70141412,20.54200029,16.83890305,47.29259412,0.429819156,3,3
24.5517516,33.23505244,37.1722078,46.39536517,43.71195961,0.74424958,2,3
17.40151596,5.011360452,24.80881182,22.78505651,47.57028009,0.182300267,0,1.009095741
18.23524614,39.34284735,30.56456422,18.42589029,10.42572995,0.286281094,0,3
16.83812889,38.60816546,35.61838005,29.07645089,6.262180773,0.723880292,3,3
20.76936123,27.93752175,41.81794603,36.49249046,9.944742398,0.076843659,2,3
16.54841395,45.6313538,31.40244721,14.87201649,46.14330357,0.201124295,0,3
18.56193943,45.88007926,40.21226135,38.58732365,12.08698873,0.753366562,2,3
21.97013014,28.57602545,39.57414157,10.76741874,30.7686518,0.875528651,2,3
20.60115983,32.3594704,30.36346282,54.59345303,15.24120664,0.728828051,0,3
18.86462564,49.84349324,32.52450409,56.03708446,5.928594121,0.527138285,0,3
19.20249602,18.44691057,37.51212525,46.65353868,8.807960396,0.099061301,0,2.579029194
20.62110883,19.6077759,20.77871087,33.32747043,36.94086603,0.827225743,3,1.90651371
15.05864728,13.22482562,42.27028534,22.74481353,13.20649034,0.124038997,0,2.44202444
15.78509868,45.31401226,39.24540399,47.20560454,15.31126424,0.385078453,0,3
23.81258068,38.50197755,26.23539704,56.5898601,21.97654254,0.050499344,1,3
15.77878989,9.753928199,44.52949883,17.92668524,34.57587021,0.709675095,1,1.925605048
22.06803596,49.1795308,24.48475881,33.29109946,26.12175768,0.503494964,3,3
24.20038164,37.89327687,42.85216684,25.7630818,47.50745972,0.907607733,3,3
17.70683604,43.27349493,28.11183646,27.83708945,24.53819858,0.138742496,1,3
18.70491437,7.166785513,39.07866775,30.28788907,13.96089141,0.81916595,3,1.306838944
20.68921406,27.72324135,31.40941483,57.58981722,29.12642777,0.510668758,1,2.988072078
23.8170897,36.4369229,38.41168469,22.93185839,25.29003268,0.366092383,1,3
24.41905587,29.43259631,23.8945762,34.63379195,40.42122523,0.643566886,2,3
22.39563248,34.99913596,26.73766146,57.57437358,47.08045537,0.79041737,3,3
15.86619761,41.80433286,22.49644561,33.80284451,42.63328526,0.440285273,0,3
21.69154156,21.84516783,41.62859954,53.1799761,22.50678762,0.23280568,1,2.923934167
19.10303722,43.1900904,27.40732469,12.93823872,14.7252255,0.915789149,2,3
19.70700999,12.33122471,37.36190574,57.65152092,46.15200217,0.312997744,2,1.745505248
15.4914839,17.18987248,40.50552994,19.37655735,22.36728431,0.998236444,1,2.376287784
16.91062139,6.950552897,42.53545591,58.99675174,39.65929806,0.767324929,3,1.139273838
22.90513608,21.39920651,22.65742788,18.77884326,49.52873035,0.687819175,1,2.363470227
19.53958833,22.09592952,42.32537334,32.21829739,30.98492067,0.012399728,3,3
18.01662242,41.23717687,24.93131944,25.43072458,26.59462108,0.448531326,1,3
18.84019074,34.39088016,38.42255029,31.66157105,36.49418521,0.502461076,1,3
23.54399513,24.65251512,38.22122548,22.526237,13.72689414,0.376376396,2,3
22.48999017,34.34512904,20.21257854,58.26587062,26.97078825,0.149973101,0,3
17.72315397,7.375250773,25.51559771,25.2862492,19.05488407,0.367450444,0,1.151457287
16.1750184,13.11221912,32.29771287,42.6637456,12.39025418,0.074973341,2,1.923688214
17.51998222,33.21265349,30.50086767,16.87237448,32.45614471,0.29091892,3,3
24.20756451,33.86150687,42.964337,51.21937424,30.90677385,0.083679276,1,3
20.81588838,39.83605964,28.99352174,37.12539718,39.25416199,0.752423454,3,3
20.33480209,23.13498916,43.42459287,58.97230623,44.28365559,0.671157293,0,2.835683636
20.963936,37.51493435,31.48573296,31.17011084,14.91691937,0.939933137,3,3
18.66028266,35.77911497,44.10882242,19.77239375,40.08661934,0.379928822,1,3
23.0710702,48.35270203,38.43387025,27.30094997,21.53233223,0.786200958,0,3
20.23286249,14.68086019,40.73336479,46.8482803,33.29625208,0.587607203,3,2.063578441
16.16747903,29.82558037,22.62192221,42.95532605,43.26080124,0.646103428,3,2.984017136
16.29065125,32.07939989,34.65353583,48.91737038,16.52833019,0.54746127,3,3
20.36859147,49.93915482,23.567509,13.67351461,32.04325778,0.77916014,0,3
24.36570218,14.0532864,27.44052505,39.01843877,26.61434947,0.041991432,0,1.908832704
18.08352122,28.5448109,35.58913515,56.60843385,40.57597821,0.080488164,3,3
23.69541169,20.57833885,38.15564262,15.39509597,36.37585845,0.09592377,2,3
22.64095587,28.66518359,20.97959455,14.71676295,39.63343262,0.288690734,1,3
17.47812443,15.44578709,33.27359328,45.83021823,17.95744083,0.59112879,0,1.899831908
15.36340748,7.142557029,34.13284966,25.75912279,36.69603323,0.64561755,0,1.271617355
16.01847265,30.76544543,21.97069993,42.92896052,32.26126434,0.71260367,0,3
22.28493934,20.11344421,32.51720086,37.26922565,25.55062052,0.280763224,1,2.582177248
16.99669738,13.18736308,37.846057,59.30333292,22.02546607,0.650212744,0,1.66213184
18.71270921,19.57710047,21.33068212,54.45282085,19.92200139,0.117689993,2,2.06535958
20.01699166,7.217609065,39.00669441,43.90363908,5.435346259,0.00997921,0,1.577958058
22.25468168,47.76990053,34.41066262,23.08373131,12.63013481,0.694680788,0,3
16.13231223,31.15165617,40.83068021,23.09540811,7.65401955,0.715612208,2,3
19.06366405,41.66459066,25.45156432,54.11219003,43.17608942,0.622142708,1,3
19.85072909,24.04031889,40.83184211,39.26705326,43.70399917,0.258869949,1,3
20.40827064,45.64916004,22.36402438,49.4640891,43.07870015,0.927468461,0,3
23.18360641,26.74931997,30.09574241,32.49321033,41.8063894,0.875675583,1,2.915353516
16.71678195,30.8275395,24.98711979,15.15368183,14.95987041,0.515540561,2,3
23.07831452,27.1307291,41.90052081,26.63432291,27.13037785,0.989139751,1,3
21.92878428,37.99752331,37.62299541,18.05745971,45.85296974,0.298619557,0,3
20.55870814,30.49952349,20.63404443,49.09164082,39.19018073,0.491134285,2,3
21.9952787,17.22195156,20.23808389,45.02559948,5.081912868,0.927921772,0,1.482581072
19.12017739,11.54927891,27.28123136,14.42064612,25.67419594,0.462122133,2,1.689034742
16.38397586,32.2755975,23.58207786,41.06926994,5.480158967,0.471008228,2,3
21.6576524,27.01309827,35.75761194,53.70677535,17.62974711,0.079392601,0,3
20.24672307,9.318906351,36.59492335,44.86821477,24.60930986,0.211346399,0,1.597366066
21.39374801,22.80278596,43.54877259,35.55559565,45.18046817,0.157865226,1,3
18.37998781,28.16493899,43.80099811,25.59316425,34.44729279,0.56526587,3,3
24.06866577,42.21019552,36.47241764,54.35483748,21.31180545,0.318491571,1,3
20.87369869,8.424547513,20.14187782,31.14024411,27.07947061,0.077030459,0,1.163933008
15.85402484,20.68229067,28.97494791,52.76967901,41.78252699,0.509972392,0,2.251377678
19.49803991,42.01952552,32.82853783,49.14999191,18.48450196,0.669217162,1,3
22.56356055,34.17907693,32.47949391,50.81134826,32.6765649,0.736526737,3,3
22.94134562,18.04812448,35.08351574,59.48987601,16.80110977,0.837517907,3,1.960605259
19.94597053,43.04008049,44.01378707,47.43792579,26.59835468,0.481956395,0,3
23.94747571,27.19821113,42.1298173,11.70204679,6.10963266,0.390611857,3,3
17.67668437,27.42583511,22.72270084,20.27169675,43.35238938,0.684121786,2,2.955229011
19.10598697,48.94643026,26.64950978,11.75975752,7.175697418,0.013364753,1,3
23.98596911,47.62024265,40.82773544,19.4956785,15.09622249,0.633526586,3,3
23.96256716,21.13397075,40.60767272,13.07197553,20.00803455,0.405681924,3,3
21.85712769,11.32606079,26.8842681,35.08085206,33.13225025,0.452875286,1,1.451502185
23.58980547,19.65500295,38.26470077,11.41031066,37.40150595,0.296269533,2,2.978752448
15.88773267,6.371746714,36.80093447,33.62895498,8.620296903,0.127275518,3,1.463945178
23.64994976,5.934554902,31.83809912,54.94204536,6.955946865,0.401424664,2,0.904592675
18.20619907,22.79849613,25.03637382,47.42880063,40.9545449,0.30820233,0,2.486006236
16.78331512,47.34589202,42.21607952,57.19779618,37.04749403,0.960118373,0,3
17.39369836,44.21108036,36.94627961,21.33233869,42.41976594,0.943539432,2,3
19.17968508,28.01492753,24.22482312,36.55429082,35.44422193,0.643917265,2,2.921485316
17.51192005,30.43518715,37.62005862,25.92897266,38.79555217,0.90370131,1,3
18.20567586,5.267007354,38.53584299,34.69098978,22.05672724,0.751274778,1,1.088681548
16.34978486,14.69755201,42.17200713,37.85379148,31.55829442,0.345891489,1,2.324005113
17.96176766,6.114835712,25.57098138,11.80930652,41.24265543,0.603900667,3,1.043806218
20.72283815,38.95427897,44.71885264,21.66280676,12.74528905,0.220323574,0,3
19.41853708,11.55406082,23.83483556,45.23863896,24.02703324,0.687208251,1,1.153910086
18.46718761,44.10711961,35.0172223,48.64640123,38.32203958,0.044807572,3,3
22.46452129,33.94959412,36.42941263,38.47256837,28.96864573,0.831341749,3,3
23.93509971,15.32384044,30.47382238,23.5414514,35.67458538,0.583229824,2,2.021148698
22.56789223,12.09741427,31.87594272,30.25420584,18.17911381,0.058438347,1,1.940511619
18.32000702,33.24311154,42.27275242,14.80184059,6.455410309,0.871761165,2,3
22.44442168,45.53766411,36.13185574,57.65898084,6.311560089,0.877701411,2,3
16.51980182,37.32620985,32.42502396,53.43387356,47.42515294,0.852815838,3,3
16.30317988,20.68459932,23.20873906,13.28011735,47.50430198,0.774301977,0,2.322132406
18.45627037,31.43226179,20.18344063,18.32453328,14.5077053,0.677925415,3,3
23.07702369,18.98427629,23.12421545,39.05472206,11.63595461,0.396909122,3,2.080233029
17.46348247,49.96173051,43.90461419,21.62150371,5.816292525,0.136339167,3,3
15.63253409,38.69776348,39.10216957,56.7200349,15.40655853,0.288775275,0,3
16.31709535,32.64717379,44.17790819,47.77952904,20.04581485,0.347077138,1,3
23.58744969,24.04666142,20.89271774,23.66457565,15.85591851,0.358076467,3,2.685406077
21.33783285,32.81685306,37.0055101,10.30507056,40.88228631,0.565489615,3,3
17.53201163,20.37272281,21.10733816,49.97236956,38.72437247,0.208382808,1,2.13693512
20.55295825,6.298917776,39.55141172,31.20448548,8.645636511,0.189661129,1,1.541396749
20.27579622,22.77898351,29.52375432,42.11888559,36.37947236,0.716962702,3,2.482353288
21.55435978,46.87163688,22.394134,24.34874127,28.42633039,0.00750055,0,3
17.33187554,33.18354926,34.20116604,17.14366297,10.94747479,0.149519435,2,3
23.64402987,8.778006638,27.00300492,43.76557959,38.27909437,0.434958082,2,1.122765991
18.09368562,44.8247126,36.48934855,32.51622941,8.872050433,0.149083166,3,3
21.94131654,17.09936822,36.45436899,21.75848505,12.97177996,0.959812551,0,2.227591329
15.16124646,15.96962719,37.62518685,16.88139998,11.71519167,0.670103951,1,2.347269638
18.7265713,18.3690936,44.81162697,39.02397972,47.25650319,0.432769512,0,2.724005705
18.51709818,30.97410063,29.66744275,46.27749701,36.41702014,0.112255348,2,3
20.43484429,29.5109642,31.63288686,24.19434811,23.50786681,0.38518629,0,3
15.72736262,27.11361896,40.11529253,46.75712677,41.99918679,0.650601669,3,3
22.90131374,37.28915886,34.45925058,19.15610994,14.71817343,0.968814203,0,3
17.17780802,19.24419791,20.93143027,26.92078455,46.89919756,0.472687364,2,2.116582606
21.77037815,40.19290347,41.07696301,47.24411434,36.36487944,0.692412246,3,3
23.03212123,12.88947553,21.28746705,43.00717598,30.18112885,0.195358997,3,1.470778529
20.61876956,40.21793551,24.27050341,23.52618135,40.75918019,0.623633371,0,3
22.40883207,34.87145474,22.55199917,16.10675008,34.01514416,0.2390549,3,3
21.61860312,35.74437393,21.94817832,12.12367125,44.91991738,0.198134052,0,3
18.55529797,26.66990287,20.64212188,51.895759,42.3118697,0.509220562,0,2.581493146
23.08858539,35.01506897,21.37569285,13.75709748,13.90237273,0.211664297,1,3
17.9470137,8.590867095,31.06097973,15.74225761,15.78487102,0.721327527,2,1.376366361
20.71212918,43.31980027,26.32130675,21.88553151,7.92938362,0.937336591,1,3
22.45397739,7.499625507,23.16342209,32.28348521,14.90895127,0.393602102,2,1.002440717
18.7895591,11.69336794,36.46763857,49.48935401,20.45699892,0.322461403,2,1.728800505
18.02767608,30.95553688,25.65279777,22.3740163,6.297230983,0.175884894,3,3
19.5934601,38.2735155,20.47372888,37.17541242,19.17331458,0.390396428,2,3
23.17963494,8.431320396,30.46049459,14.5186261,39.71956287,0.559634091,0,1.433478553
24.29921763,46.43441664,27.7608248,33.22555026,42.81474191,0.372969413,1,3
20.45083413,48.8123442,27.96511078,18.88194967,5.399298049,0.623076218,3,3
21.61466205,32.26775779,31.1317507,20.55957794,5.321616722,0.662423415,3,3
24.03273622,26.65595549,36.72284818,28.34142171,11.58381987,0.097829562,2,3
15.98546851,38.36277375,35.411978,48.06738494,44.26596773,0.697782706,1,3
17.32078578,19.77608085,43.43154024,47.1993215,26.1175123,0.900317531,1,2.503174113
22.08900006,27.19689953,32.94291666,30.74864882,49.23059343,0.026252149,1,3
23.23744462,46.22679621,31.81424774,15.93355771,44.92991596,0.551352211,3,3
23.57029028,48.00449414,25.33536088,24.034581,45.05576511,0.603874374,1,3
19.15107177,46.71811022,38.88453222,35.26778883,10.78143944,0.709815335,0,3
15.89339902,16.81016301,23.51939441,53.47058893,26.38532071,0.385768664,0,1.737405894
19.37781477,15.46110681,32.27832225,58.41273074,49.71157688,0.818710317,2,1.62857229
17.3073459,18.39490277,30.53305496,41.87354675,11.70699036,0.539896466,2,2.168575075
17.91196455,24.85900006,36.45752196,27.53432452,30.84050541,0.408936602,0,3
22.72267557,19.13753358,42.94053675,44.67267268,20.49259964,0.719256696,2,2.538749508
15.75527086,21.83957581,43.66488979,26.81150679,22.4536163,0.927375532,3,2.907651073
23.27581217,32.92866285,24.19498168,41.27367267,45.08566268,0.812001644,0,3
19.27669086,39.31365547,26.54543046,22.18832858,31.45561561,0.930664778,3,3
20.96063931,38.10011892,40.290883,23.34943506,39.14493752,0.265934762,1,3
15.89652231,41.64906052,32.95699406,13.76127945,35.29554789,0.118512971,3,3
18.37359078,6.448298145,31.32586421,31.00705761,28.80570608,0.53434955,1,1.111779937
15.89700919,7.148020536,37.76563631,40.908726,40.62700394,0.044430425,0,1.542354125
24.61543723,40.52223323,35.04812382,49.43974719,48.68298077,0.674589769,2,3
23.07261649,28.988547,44.26785136,50.51742724,48.50687993,0.240001523,2,3
19.59632754,31.01633032,34.59936631,59.62222248,40.52534004,0.454350088,0,3
17.23602548,7.36640871,31.64934566,14.38778629,26.92983901,0.655561841,3,1.319960276
24.33455105,16.48912105,33.57043405,34.65683842,12.34215316,0.483095303,0,2.179810538
18.44596596,33.72594372,40.21349542,36.06872877,7.001172904,0.236062061,1,3
16.60984432,43.66318505,35.31687642,50.22667132,15.41502358,0.88037052,2,3
20.63164388,46.26425287,36.17620228,23.31792578,20.31160998,0.764535321,1,3
24.4377412,27.51887731,44.285972,13.468616,10.84323272,0.601072494,0,3
15.03830291,29.54634047,35.45988711,25.68794051,15.11443983,0.698540264,2,3
17.38124843,42.4872334,29.50713121,59.19639145,8.759545905,0.415325898,1,3
24.3844764,29.19310703,37.28315068,54.97205989,28.56546374,0.375892096,2,3
16.71085967,28.25863365,36.48648492,29.76234805,10.6843186,0.160111576,2,3
16.13243452,45.7287817,20.34619089,53.81359994,38.42458835,0.803591487,0,3
20.70187216,40.54697245,31.68323242,11.63772421,19.96924002,0.381044245,1,3
23.61843823,45.90826369,38.57259007,25.71020387,35.24282214,0.692323975,0,3
19.77109818,14.82111747,32.47603644,46.3405924,44.71337458,0.299941991,3,1.951269375
24.94564257,28.5968969,39.4905284,21.07261255,8.870744414,0.79598926,1,3
21.791717,42.91124579,31.27209241,19.91954757,49.50503543,0.105243411,0,3
15.74074907,10.00165224,44.58303994,53.0903773,34.03595041,0.625014199,0,1.642855682
24.92832132,40.75979694,27.32228973,40.79769805,7.401467095,0.807594711,3,3
19.07894237,13.23380225,22.3030652,59.45113592,19.13010044,0.660250246,0,1.14217925
17.87402534,41.36534397,30.75029503,16.73348381,44.8810317,0.696115807,3,3
20.57879184,32.54004219,33.54272562,27.80642036,31.8305122,0.525988955,1,3
18.04307592,13.69561962,28.72734329,25.56066859,17.92500653,0.559031997,3,1.792017387
15.86457507,26.30093807,26.057029,54.00661189,47.3222563,0.065893439,3,2.925648602
15.01428343,35.68573249,36.80146728,22.764826,40.42636567,0.250803147,0,3
19.49583353,33.52338054,29.4281275,27.67304988,38.09923233,0.721928747,2,3
23.36863422,24.22612383,35.78421323,17.14169378,44.9792204,0.945421422,0,2.971291842
20.72315186,45.4714938,39.47678621,48.77004913,39.64009751,0.541780958,2,3
24.99207299,28.36685365,39.02506569,21.8851642,17.90322589,0.725591332,1,3
17.86846646,27.76402843,29.38273277,13.41601361,31.2748734,0.683579871,2,3
17.80455065,7.801276547,34.19745572,31.75543663,42.90287755,0.999384321,3,1.102796319
16.5974946,46.49541754,31.24145561,29.5729062,13.1381648,0.795004439,2,3
16.64063588,12.97024559,41.77013132,18.88046022,12.33604758,0.627647334,2,2.186734001
17.85186596,28.7755112,41.96896199,16.67987799,12.15393114,0.115159316,3,3
22.92840045,41.16054206,28.59353957,54.82786067,13.74148736,0.362662006,2,3
24.05756791,14.69539746,22.2934362,13.39222433,9.645386703,0.250698956,2,1.953382565
24.7508717,28.73179805,24.18956208,14.96554783,42.6933059,0.853675633,1,3
17.32289654,15.83082092,29.17504355,22.25236406,41.82431992,0.446173014,1,2.109973396
23.81297546,39.1862749,34.10624887,57.64195948,11.81160463,0.535299667,1,3
18.28255089,30.39535255,36.41967527,14.26921248,36.74917295,0.9648233,3,3
16.12840545,43.51891372,28.28427616,50.80074134,33.21390016,0.836683802,1,3
23.70024926,45.25511013,36.68747799,54.60260767,17.42874195,0.78982026,1,3
21.36105635,34.19300671,43.44349959,28.89338707,15.23157952,0.142219654,3,3
16.64730896,37.64260608,36.30035318,24.69471999,16.27636349,0.022768422,3,3
19.29831258,29.71490449,23.96413074,43.86888641,37.87837736,0.125548356,3,3
17.87257695,22.29929299,34.49172282,45.13173003,19.36926799,0.740283331,3,2.558194427
22.36794569,34.16530654,33.54738792,48.99885814,17.50816749,0.410717798,1,3
19.53416231,45.87298806,41.76750277,51.52833907,6.011649494,0.117469586,0,3
24.89279945,23.75061712,28.75757638,23.4197728,45.87064222,0.739019504,2,2.729940112
15.54744982,19.14845119,30.57364025,44.34808009,38.8716865,0.194584033,1,2.393193643
18.55015266,22.47966223,34.96647639,16.74528621,26.27526541,0.58904331,0,2.951540919
19.81900167,24.59289336,33.11063279,35.53656658,47.43171142,0.741542821,1,2.83684002
20.03133555,8.310246304,37.97541481,40.64434583,18.20894953,0.608060625,1,1.38639802
18.15935822,27.42988282,21.00972477,18.08659683,35.36172694,0.993636541,3,2.765628202
22.29240249,27.24414116,34.08790048,13.82532699,18.731767,0.434162721,0,3
23.74747073,31.47997224,23.04179733,19.73731431,19.15575915,0.311805088,1,3
24.38719302,21.32690137,27.88022481,31.02943739,43.0119125,0.20119668,2,2.65113825
23.05093377,32.58984182,36.54067154,54.39204889,40.41598791,0.503779631,3,3
23.50580197,44.51973396,23.93535501,36.59572123,18.23483438,0.85247994,2,3
20.50545301,47.99619457,27.72104589,47.42464459,8.662528205,0.94691519,0,3
23.25888226,31.26254973,37.57516207,18.70722641,21.09128628,0.972054873,1,3
18.03503909,6.916592929,36.27013106,15.2989099,39.2025891,0.531378338,2,1.481985393
18.98478762,48.61561988,22.27599173,21.98086788,9.524496253,0.605260346,0,3
18.16913014,36.76379274,34.43171234,25.69402064,35.24453891,0.581539765,3,3
19.67387335,20.11836418,23.68136155,37.40510094,45.0393467,0.465972395,2,2.19417793
17.85579616,11.62209654,26.30678447,54.06216602,13.065222,0.152239814,0,1.422360903
24.61611442,11.45383755,31.48028197,31.30463084,43.79919459,0.065458687,0,1.848950835
18.12844628,12.54849828,22.73367058,35.93990939,7.311374711,0.436637896,2,1.434920805
15.98044538,7.050763473,44.8411742,10.2306768,35.00961161,0.186167695,1,2.004391538
20.26817166,45.59693849,24.13423903,11.66560314,40.59675142,0.886651745,0,3
15.57099078,29.33457048,39.53281571,14.18846,25.01447529,0.761699945,2,3
16.10543166,36.49817357,40.74597113,44.94970427,14.16779127,0.618406704,3,3
17.19389389,42.26488292,44.86159925,34.30956844,46.61282745,0.047411975,2,3
19.6435025,40.61934528,30.71633045,19.64805993,5.898599087,0.622245414,2,3
19.33250932,44.71725307,41.852363,39.62997193,29.97820532,0.621069199,0,3
22.99691862,48.52645801,43.93848598,37.23060759,21.77822339,0.439211258,3,3
22.39474654,24.75817766,24.32235362,14.43996509,25.7475738,0.657752991,1,2.813286741
19.26318294,47.765096,31.98590223,42.02063864,29.14542753,0.857914531,2,3
18.33704208,37.54804768,21.50027047,48.35774363,29.063688,0.757986854,3,3
18.16468784,8.180068564,35.5181003,24.32772039,14.16306487,0.473434203,3,1.521949228
22.73995087,35.68024045,34.53515392,44.3744431,35.58660453,0.262284498,2,3
15.52072406,35.90224968,25.10315712,19.98597585,5.861673104,0.477837296,0,3
15.1282165,45.76372537,39.94756897,47.83644069,5.95328424,0.945970836,1,3
22.95544392,21.78194596,20.93171807,55.58870846,26.53193036,0.819986559,0,1.910038168
19.77146376,31.32101751,40.1556831,32.09335619,29.38562961,0.02703969,1,3
16.30881139,5.548439796,20.66613228,22.23110391,17.37002668,0.782963251,3,0.629922391
17.35565935,19.9433859,36.4207203,29.95883511,29.82539901,0.170557638,3,2.82349543
24.32503953,7.800967677,21.96923785,22.50387363,28.22491548,0.571111333,0,1.001810293
23.59502976,28.48428377,26.28063798,10.06196879,20.71492496,0.806517538,1,3
22.0978505,41.78514427,38.04783373,42.52283059,34.32985864,0.561288423,2,3
19.8222523,14.28992115,27.01011999,12.1263321,48.10717474,0.403860726,0,2.006135764
20.20323626,28.73484705,32.77934622,20.51953701,27.08612125,0.321267637,1,3
24.75244535,14.18038864,42.88120674,46.12247781,40.37228417,0.305100241,2,2.233637524
24.65770444,10.43098105,21.24085885,43.2862507,16.14184536,0.837427504,2,0.899550474
17.15269046,27.99485564,40.27699484,13.6664456,39.28777671,0.825050898,1,3
23.11104566,8.561687943,21.63179996,43.00273705,34.20076795,0.823376648,3,0.735513098
16.97242666,31.4309584,23.16987111,56.52874448,33.7864001,0.282729012,0,3
17.13537478,6.41018573,22.9829776,13.72512345,45.18659032,0.798917771,2,0.870407706
21.76093034,9.802173734,44.85255708,30.78441138,15.50076147,0.036634842,3,2.149141075
19.05001099,29.74988685,24.50465798,46.47169451,21.58025527,0.206456262,1,3
24.31544407,31.61333358,42.41904616,43.38615016,8.738035565,0.514502989,0,3
15.89009735,6.304411854,44.77330407,21.32552712,37.67539895,0.406746163,2,1.706256302
20.11525641,30.80195546,29.59461926,18.15336387,42.97402784,0.111888257,3,3
24.1852153,42.73261364,35.77621359,49.2123502,23.26250766,0.04172046,1,3
24.0411366,37.50422798,39.47728134,57.81223276,21.05720683,0.611171136,3,3
16.56529213,10.90332968,29.81612705,48.37917338,34.63933351,0.313481284,2,1.443671493
18.666377,31.66135914,24.04535351,58.16022411,8.401570736,0.01596173,0,3
21.191214,35.2513625,30.84406859,40.24977121,18.22288533,0.43089463,0,3
16.59394885,6.675404079,39.29719113,56.45494303,21.47957593,0.306767116,2,1.25951379
24.68022172,43.49064509,39.51906907,44.52178473,28.33656278,0.57660735,0,3
24.14749329,45.78203288,25.7634698,55.44423751,26.44561488,0.92981396,0,3
16.66950179,43.2703523,24.374141,18.0794484,14.39061902,0.307866336,3,3
16.21155461,42.10841606,43.01401755,50.77826079,29.33545432,0.997136518,1,3
15.85408483,38.52343393,21.09997576,19.83729005,46.66409109,0.086044847,2,3
24.09443664,33.50444141,38.36846189,11.3714551,6.218955063,0.088278163,2,3
16.9362381,35.53821522,21.16053464,35.8793067,35.61379576,0.712959936,3,3
19.16284929,41.2877882,40.94750127,25.91258903,33.11190623,0.74863181,3,3
19.48851366,34.81243063,42.63537033,12.17656809,46.59921296,0.422871195,1,3
20.99011044,19.74771305,27.43547811,59.01521894,34.04052232,0.286047597,0,2.156111254
15.71735344,21.9182496,21.84839109,43.32330477,33.11792206,0.794002072,2,2.089870579
17.26758617,45.36758608,32.01711341,55.09060866,39.6412547,0.956238945,2,3
24.31490387,5.770493861,27.46157592,59.95412929,17.0512677,0.989901893,1,0.5
24.08410107,36.44692616,30.42840357,29.59833683,31.80795181,0.63445408,3,3
22.81290647,47.96498986,36.62463634,22.73685144,28.37394992,0.740114732,3,3
15.19401246,36.78026765,25.2456509,19.19421963,24.7312628,0.822246595,0,3
18.27006768,49.72603947,28.92378924,35.75935539,8.576922532,0.798869818,1,3
21.27958735,35.93952075,39.56406226,40.30403888,18.16829861,0.993392303,2,3
17.75190212,6.546336315,36.09404875,33.6211368,17.59917713,0.810431852,0,1.116341296
24.09586695,42.21544467,28.15688728,29.36260074,37.59129307,0.662572429,0,3
21.33889462,17.80834604,36.60754001,18.41362817,46.42952608,0.37621594,1,2.628841686
15.71906717,25.07257515,39.13282307,32.09298119,15.38542503,0.597986607,0,3
24.09005589,19.04413622,34.81213952,14.26215685,8.35807725,0.88035945,2,2.482016979
24.57766658,17.08493478,25.98742081,53.25238794,49.99806295,0.305480063,2,1.889476927
15.77712418,24.41325667,20.00613226,12.3451326,36.10423986,0.030652555,2,2.969419138
20.32360235,22.04381518,40.07122767,29.03230309,44.89118811,0.327182208,3,3
18.03364282,33.50023618,40.56583888,15.00689345,11.47457371,0.960230059,0,3
18.92839076,41.59180404,37.44011253,48.74902497,41.03456185,0.794067571,0,3
16.79651218,18.36898939,21.91452328,25.63684894,41.59956857,0.187139881,2,2.217444619
20.78072102,14.61745188,34.63055719,15.65528063,11.81700167,0.012000976,3,2.4535438
24.57979353,35.01028719,40.52551678,36.57456494,12.2631881,0.669119415,1,3
20.030726,35.16440296,29.741708,55.81385036,18.29530473,0.579008724,2,3
15.82914581,45.55090577,24.95001836,55.43224356,14.75543514,0.082981981,1,3
21.20001333,5.71755589,34.69068243,22.48255206,48.89344586,0.965996426,2,1.020287936
18.40222994,43.3868298,40.65766568,45.9829838,21.33247251,0.617793204,1,3
23.5592519,28.44509778,21.22174897,11.51420964,39.25878853,0.651520981,3,3
19.34678148,32.95859401,34.92378043,16.59258983,41.22728616,0.853597795,1,3
16.92839609,9.111714825,36.07934488,34.97361852,22.36733992,0.337063269,0,1.595548492
16.91105623,24.46767198,35.05917598,21.43782172,35.71634994,0.558252985,1,3
22.68764181,15.22860833,36.25084211,49.9130927,9.85100634,0.576188327,3,1.943997146
17.65587598,16.44012635,35.78438269,56.5536086,22.86329232,0.967355557,0,1.787611527
22.67233394,27.68428016,23.26009712,10.21666582,48.5289797,0.1314865,2,3
17.05887311,41.56051777,25.87341942,21.64579148,12.58387943,0.758913072,1,3
18.21686369,38.47014186,35.47485013,31.9776673,22.35700871,0.575151209,3,3
19.65486972,31.59499816,20.44232903,38.15396442,40.57346795,0.845379032,3,3
24.4319585,29.27381867,35.86861297,55.79513888,34.94404647,0.83195173,1,3
24.31731425,24.22877195,36.63466559,54.59417453,33.41833707,0.012030302,3,3
17.06871875,48.77194881,25.979369,41.85850497,43.39658567,0.256454674,2,3
18.58219041,30.20866494,34.95332074,22.8694007,6.309222936,0.180817343,3,3
16.49399388,16.42848792,33.35225152,49.16439049,39.70239657,0.461710648,2,2.032091281
20.09985079,15.35408564,26.5172887,20.13258856,44.71470676,0.905287462,1,1.765348571
19.60582551,32.51088638,31.5743503,58.2586162,5.727851487,0.005006057,3,3
24.00760162,28.52723873,42.74061324,10.29199579,30.1533328,0.488191976,1,3
24.30005378,5.346401133,30.66506951,38.4885252,20.68648183,0.884793435,0,0.729527127
18.83567391,42.35294175,35.74610442,14.41986235,7.284321897,0.926212436,0,3
19.91737943,36.68550594,20.88377053,30.37997651,23.79866537,0.657298603,1,3
23.96236249,34.78231804,21.94500283,41.74667702,33.98135635,0.829752298,1,3
23.06707808,8.095129596,22.03270183,44.47992478,46.35561342,0.324068194,2,0.937103009
15.03656311,21.29251326,39.45601909,49.27847348,32.92387189,0.28595947,2,2.808687492
18.20059564,47.09220173,28.75642237,39.66638514,43.55343867,0.049119647,0,3
19.21774242,43.81651586,25.69029221,22.56596756,10.4707178,0.503202623,3,3
17.29716284,17.8494322,38.68311421,54.46266215,14.47345254,0.455832013,0,2.301837733
16.99571616,12.06764978,24.24900156,50.55537065,48.66317889,0.371915491,3,1.323553579
15.37784507,25.20895807,26.16231313,18.00261589,44.93303106,0.113334099,2,3
21.43369725,21.01236704,30.77328608,51.32555921,15.58521289,0.230763159,2,2.498375735
17.6251029,35.70018695,28.28595173,58.6322258,32.94382468,0.203675616,2,3
15.52347178,48.48956645,34.63480528,41.86095584,21.31847413,0.943968402,3,3
17.30979311,21.33506525,28.44601548,24.09026116,26.08693289,0.966460337,2,2.357574261
23.01913953,7.800087769,29.8237909,40.32969156,43.73951671,0.003421605,3,1.369127422
23.51489182,45.39263038,41.57216521,27.12675346,38.10706746,0.170547901,3,3
19.83066245,6.707737861,42.11328599,43.79732353,15.72991528,0.8887808,3,1.19218635
19.1607067,47.87446537,40.69277977,37.23999797,19.21968836,0.038340085,3,3
24.77853694,34.90607426,41.62077332,56.4745306,18.03697069,0.943451513,2,3
17.0056466,47.37601438,34.24321673,40.89542716,40.12982503,0.380064654,2,3
17.15359283,13.9846859,36.15583037,20.69908419,27.05397895,0.538685763,0,2.127329212
17.91867177,6.831490786,33.92932916,46.25549367,47.78259382,0.763819621,2,0.96966197
16.72757318,26.96944902,39.6397021,25.04391589,41.75092298,0.243905091,3,3
18.79365598,25.27805366,33.77501214,23.61954765,14.50374939,0.100674008,1,3
24.10834227,19.9171523,22.77692411,29.58883128,40.36742579,0.8099482,3,2.050083621
21.15347841,48.09454135,40.23950301,10.59983395,27.77357062,0.984626413,1,3
19.11946549,42.01626795,39.01462927,58.45703301,16.41695568,0.658778019,3,3
24.34410795,34.77119096,40.50751488,36.61655557,21.34992843,0.82522431,1,3
15.48464232,12.32862312,24.76073658,48.67469469,48.74567525,0.941312393,1,1.100817055
17.10276178,38.04455337,26.79042632,22.89261112,26.77826492,0.228579781,0,3
20.65888605,37.71556046,27.39379243,47.33090658,37.38226323,0.350405954,1,3
21.15552623,24.12806781,32.7020134,38.35852511,26.46883828,0.219026074,0,3
15.39557507,46.61536594,23.3469271,31.20720869,21.72007732,0.061783772,3,3
19.03038758,12.5140047,29.63454383,58.53346131,40.83890082,0.732275797,3,1.287746086
21.49153965,17.03019031,24.55395403,34.69218571,43.17459583,0.145657604,1,2.101733506
21.98070546,7.845095266,26.61906783,42.87292909,8.235012455,0.092709397,3,1.196727798
21.38139903,40.79529312,37.65969086,10.76710957,17.55399151,0.357634871,2,3
18.20563224,32.97917237,41.37027891,25.07276032,27.85419714,0.060556114,2,3
15.93520124,19.17231376,20.57264666,54.43457831,19.24239863,0.179558317,2,1.968861323
19.27112446,12.37161486,34.14742408,47.94795306,40.26123522,0.069941208,3,1.860958821
16.28754437,6.806649651,20.90149405,36.83770181,10.16300123,0.877277807,2,0.570365512
24.47623659,12.50355059,22.13123113,55.00798536,40.90092288,0.77973439,0,1.048115714
19.75170866,25.39780909,37.62710087,34.31102566,32.80488877,0.859514808,3,3
18.17259174,16.12296361,38.39020266,38.32535321,18.02154733,0.868331075,2,2.074550713
22.66304071,16.65419798,40.34951683,29.10764236,20.50046098,0.944509056,3,2.247072741
19.97948593,44.4009365,31.85603779,41.00200184,13.23046198,0.186654566,2,3
18.10034024,28.18119531,41.49518705,25.95007655,16.36580301,0.900009064,0,3
23.11967742,37.81633879,24.17095729,29.27460888,37.2770991,0.525038902,1,3
23.67152151,6.606992706,26.24291034,58.31631316,21.91478632,0.166231025,0,0.869184305
21.73008166,21.43235101,23.36255369,15.56543399,35.93678624,0.655773377,1,2.438445862
15.46964422,26.56262063,39.93843151,15.26276726,28.13483935,0.327000522,2,3
20.6632288,13.38875848,25.71687796,12.16580097,11.53839873,0.046469477,0,2.051212365
22.63294912,10.40861937,23.88778107,26.00222599,27.45817915,0.078647985,1,1.537775053
16.36503012,44.16367003,35.57776719,29.91146212,39.04114306,0.423715984,0,3
17.28670751,47.27442322,21.92705066,14.7257822,18.39539771,0.826483548,3,3
23.82495105,8.546301412,21.12250693,37.45654977,34.16367491,0.311027769,1,1.028634323
15.20121722,20.70584206,22.66794121,39.16507645,13.95646945,0.766125863,2,2.051468551
22.52727138,48.12285327,20.0060221,47.55133468,11.10645311,0.055743963,3,3
19.73773293,8.742277991,37.42475386,58.79840583,21.21017588,0.393732501,2,1.336869285
19.46772159,33.96386178,34.05588304,40.96761236,22.51416172,0.127440254,2,3
15.07096532,48.74996169,25.24687773,15.58254033,39.24543337,0.863548335,3,3
23.19398231,49.02006509,25.8251237,14.42621216,25.70354381,0.967938207,1,3
18.59824901,26.20504989,40.27421496,48.87734318,8.65557029,0.325615711,3,3
20.40765631,12.32370985,32.5455029,42.51670643,33.52997743,0.988862661,2,1.397622687
21.77300686,14.09379417,37.46320893,18.09571974,26.11639669,0.75230756,0,2.101042071
22.02629576,45.03206278,31.31888628,22.66799863,19.92394403,0.001233899,1,3
24.55980059,46.02573519,25.94295065,47.51201936,41.09984639,0.485271776,0,3
20.31339953,32.35458397,44.26007002,38.30778909,11.94731556,0.834100637,1,3
18.99719551,39.47793798,34.14118908,39.25000313,46.09455548,0.533875381,1,3
24.53703626,38.29690632,23.27454759,20.50043356,20.03276706,0.549960775,0,3
21.42110235,34.78197191,30.15225105,41.45289908,25.74236502,0.447699623,2,3
17.98150356,42.22746297,28.2334353,48.53142977,46.8154848,0.395038869,3,3
16.26464245,35.84329804,25.35218671,54.26261127,39.25579243,0.027396758,0,3
23.42554501,29.03010376,43.33599973,46.83586624,8.343609521,0.621733061,2,3
18.62181603,15.66303632,42.02299989,38.81878255,31.02335864,0.766726336,0,2.195519301
21.60469721,38.47496649,24.97867791,43.66296536,18.96632923,0.790177843,3,3
19.70816419,26.30470405,28.80369723,34.25557313,27.88197124,0.62463614,3,2.935719845
16.9892978,18.26562578,39.05788479,21.34491216,38.43360687,0.34127725,1,2.744404325
21.01686609,41.08758241,25.2126512,54.11034864,27.32778113,0.022609668,0,3
15.60683069,36.35211202,34.78912157,36.63113166,8.195984463,0.895779547,0,3
19.1334246,47.18028034,37.49484855,39.71591556,28.84912334,0.429046218,1,3
20.4661494,12.4448738,36.34930814,59.50544569,6.085834995,0.601175449,2,1.560488804
19.36046974,34.21351781,37.66021601,59.25078391,20.67842108,0.194556075,2,3
22.48672175,15.99077606,37.66748973,39.31554925,26.51137353,0.141955718,1,2.390527246
23.27924955,45.66123434,44.120148,11.6978631,34.01031035,0.086817713,2,3
22.71243074,9.477473642,28.66247224,29.8073769,27.77930544,0.798765205,2,1.205706734
15.38812948,34.52728129,41.96476061,56.864664,11.83760647,0.646460713,2,3
16.9412877,40.59885747,20.54517656,24.41532962,46.94979038,0.621159259,1,3
20.36607509,20.97130282,27.20507408,59.96343426,34.26348527,0.919397748,3,1.944632868
24.3482204,47.93621357,21.21639455,14.21587634,19.26355033,0.158712239,1,3
23.34956775,43.28288081,36.280099,38.40570905,48.46728628,0.170269352,0,3
23.42534508,18.25782349,22.51975927,35.77246801,44.71599241,0.18946915,0,2.123981736
18.03208194,5.339349172,41.14267159,22.76764567,11.45705399,0.42336943,0,1.465996132
19.29447897,18.34957293,36.16479209,57.43035653,34.49430928,0.874221735,2,2.02903593
19.70705947,17.65897117,20.72038503,40.9585605,30.20312534,0.881474126,0,1.60625395
16.57371583,45.04840734,37.86943414,21.51141417,13.67640153,0.590587737,2,3
15.3106813,48.52045302,41.55087368,29.20240989,15.50638132,0.658142898,2,3
24.46902899,8.169799369,36.52802519,46.06147134,30.36981981,0.897762344,2,1.125084891
17.40712586,26.20826728,20.7631054,24.88483563,19.4579728,0.624218955,0,2.751972408
17.39948904,29.67493993,41.44798871,53.9803101,42.5674144,0.229799678,0,3
15.83379054,9.18102476,38.31159782,18.2836949,9.398265589,0.704914068,0,1.659861754
24.28507752,21.98739691,29.46128281,23.22525449,46.13138479,0.769890774,2,2.56358452
20.79737115,19.26870878,28.21575646,17.24493067,42.82486471,0.635344623,2,2.377274475
21.67036857,29.12253594,31.99550454,15.20894194,38.23805674,0.273569463,3,3
24.11576887,34.75359049,41.67754377,25.01577117,16.81552629,0.39991785,3,3
18.45620169,36.65682997,26.3014838,59.95893732,37.17310352,0.470592408,1,3
21.21507311,11.15397606,22.52409528,14.71647066,24.74464008,0.145298418,1,1.646386867
15.38799455,41.58264659,41.61590932,20.65010959,33.51910538,0.452223254,2,3
16.86772528,35.53439134,20.65724622,23.58083995,19.06494877,0.161197423,1,3
23.31245805,45.00837125,42.77492556,40.95648422,42.61360342,0.499451744,3,3
22.66768356,25.22012267,27.64362986,47.26728482,6.825924469,0.050810759,3,2.945388369
18.50642691,45.22503932,32.70556754,47.59668374,36.1156886,0.948531492,2,3
18.76810628,43.95983551,23.30738812,10.4317991,42.28840582,0.246344864,1,3
20.33554434,24.72841996,42.55637423,42.59252294,34.08926518,0.46701431,2,3
15.00241005,22.15144919,38.74590558,41.53684397,13.6396302,0.032752177,1,3
17.41244336,46.97654067,43.10388967,35.88273409,17.82413509,0.192721522,2,3
17.08231809,37.18241305,37.08072628,28.96042807,28.17073825,0.693244992,3,3
17.50482947,46.77104059,24.61734442,49.87220987,19.82520812,0.111800603,0,3
23.05905843,40.86386505,27.70667507,27.19403977,5.221238977,0.628149161,1,3
17.79673857,32.41838477,32.17121438,21.50061361,6.83051506,0.002068891,2,3
16.91521322,10.21337497,35.18145513,25.50475873,39.5495794,0.465009326,3,1.706500417
20.04263461,18.11663027,43.16148593,31.98239586,8.766823176,0.721343641,3,2.569883445
23.65645036,48.59790832,29.59878664,20.7028694,46.7609835,0.926292863,3,3
17.41349704,19.37399444,37.57680055,40.37856231,24.92314007,0.492836176,0,2.539755751
15.78536243,9.19646914,44.02522122,54.21046013,39.11839873,0.84053247,2,1.424783452
18.56404736,36.83990102,23.80935159,39.77300621,10.64770682,0.802591355,0,3
22.47651825,38.03019145,41.56773972,32.33341537,46.6928339,0.295770777,2,3
20.50690545,17.84559741,30.51765176,49.84343831,6.521397343,0.874733624,3,1.866013605
23.1679337,18.39523907,38.3105444,47.40193114,6.896172233,0.64028298,2,2.322381252
24.59592148,26.10018435,27.33845847,28.35290608,7.45636011,0.104184648,3,3
22.92662477,5.980502739,28.34960546,40.20767353,9.653367243,0.939112797,2,0.671403989
21.03803079,40.51953547,20.67833062,46.49214302,26.90742397,0.176676742,1,3
19.93341588,19.26899543,44.28510383,22.2731629,40.4724399,0.470360947,0,2.945157568
15.40069086,43.41933959,40.33631438,28.31369395,17.82265242,0.466365386,0,3
24.84321979,41.11836897,22.34794895,15.28880353,38.55995698,0.625236623,0,3
18.83481123,34.76309149,44.98771989,59.38401392,39.83274386,0.664956766,1,3
16.52228214,19.61936902,35.12561493,14.29388252,45.87247984,0.23290783,1,2.873397993
21.66708855,28.23424527,41.34321595,18.43030626,11.72083641,0.352442489,3,3
17.84288289,25.01731659,21.66651908,33.99159748,11.09905291,0.144590205,3,2.811737885
20.85778271,20.24968488,29.73627946,53.26359168,10.4942775,0.126015734,0,2.42053402
20.86767908,43.16613302,36.74127806,27.79410115,21.16897741,0.825067355,1,3
19.45729821,26.75781836,22.66084297,48.42980738,27.02356989,0.75072134,1,2.571484524
23.36118616,42.4725394,32.22257097,43.80170367,25.77242098,0.442683487,0,3
17.64967062,9.734831336,31.06694686,41.93320386,16.56719291,0.095909284,2,1.541761349
19.48632592,11.34611549,25.40100561,52.25086255,32.98908315,0.449921743,3,1.233842239
20.37692129,48.97941373,27.5067459,10.70851448,20.22231338,0.294455694,3,3
21.63624721,31.44958082,44.17795886,56.45765193,21.47373446,0.77791922,2,3
22.83971851,27.93963531,27.21621215,51.46130902,9.748852826,0.096639334,0,3
18.94807283,28.54202284,25.33565335,56.89336098,31.65041008,0.451368554,1,2.904106176
21.46046944,14.68709483,33.40522928,49.67939419,34.48761689,0.591387044,3,1.789729662
16.50610953,37.34167773,36.77395085,53.92957037,39.10775992,0.985725253,1,3
24.32648101,8.815128068,38.12732778,20.15390241,45.68041459,0.089608131,0,1.906080643
18.83058806,30.79956709,38.85617961,25.96145334,39.4702005,0.113960472,0,3
22.29521422,30.68459585,20.92081229,25.76105067,15.60846498,0.98804916,3,3
15.20341082,46.13847909,29.84401001,15.45833729,15.60448218,0.405625154,0,3
17.05187143,28.67822645,39.34895199,46.47896276,46.1789238,0.743714307,0,3
19.87082544,11.16782132,42.62130255,16.80854463,40.55601062,0.783475382,1,1.977669079
23.78252468,30.77389667,35.05500308,12.6254583,40.20108936,0.314559409,2,3
20.2725515,9.109743996,21.30767134,48.7723435,37.3871147,0.214300207,0,1.026356572
24.29870482,14.17072259,29.91614515,55.23315849,17.02408961,0.2760912,3,1.723899912
19.83796897,6.399886288,21.8556779,48.2061674,43.13346541,0.764393425,3,0.504252839
19.90449097,28.09821121,38.71344657,51.26761064,11.42981051,0.840479451,1,3
16.19746789,8.803967688,21.58763673,39.78108389,20.75079242,0.699504937,0,0.852421352
23.02656244,26.12274703,24.64327667,54.3873169,20.5913543,0.44122757,2,2.669230305
17.46965412,46.98252659,30.4239606,34.83517412,30.20594638,0.262563457,0,3
23.99612489,37.38926359,31.56620918,59.41613092,25.85496002,0.425249042,3,3
24.1082422,8.48352534,30.16204251,15.17075214,25.69136599,0.91452662,1,1.24478312
24.43310112,15.08944155,31.58491617,50.45903534,29.91075941,0.863195542,0,1.62558657
20.20230489,35.3148089,37.8309788,42.0694708,23.69383047,0.323376207,2,3
21.77093785,45.26158375,29.23172057,39.03230341,16.24924541,0.327940816,1,3
22.7851588,6.481336404,33.69376148,46.29052654,34.8854323,0.77997405,1,0.918366733
16.31014619,41.56030093,27.58423144,52.01457654,40.57850205,0.426574053,3,3
21.00957195,30.28162462,28.84068738,53.14420334,26.55481455,0.572722808,3,3
15.34297901,29.57410964,35.34497398,18.76904815,34.2267434,0.42231774,2,3
19.97566083,48.10159322,32.26236629,19.85179649,29.09134768,0.24233882,3,3
16.54842682,38.64400757,38.07590737,10.80832548,7.654839734,0.188853769,0,3
16.82922926,43.25534906,34.0134647,16.59212289,24.03880977,0.139541719,0,3
18.65047567,20.92980063,40.08935213,23.19412464,5.443362478,0.01142278,1,3
19.32437167,29.94638184,31.08520532,46.05179113,34.78456752,0.280616457,2,3
21.23172425,32.69325548,32.2758405,33.78837545,27.86726614,0.17140859,3,3
15.74428418,19.47127732,36.74928372,47.89517678,10.70741908,0.257950427,1,2.564176875
20.03691761,30.66116562,25.53109861,34.32679239,29.39861894,0.075804009,1,3
16.8262513,15.64949208,29.64823842,37.77987265,45.42917014,0.341559363,2,2.004645414
20.73975175,11.4519052,35.6210311,15.55332933,20.32208441,0.51995859,3,1.917045635
21.37404612,21.82866167,20.72190673,48.82791423,49.20659448,0.944571415,2,1.913031541
20.56709257,38.26803329,30.92428584,47.90632661,48.1720958,0.347071964,2,3
22.3829551,46.22842166,34.97124841,25.37807958,40.33894291,0.031022979,3,3
18.35609244,25.59713232,44.1843883,26.42890389,41.620999,0.362364383,0,3
22.65106592,33.92706597,41.92541404,20.98407253,23.47454121,0.817224287,1,3
19.32767082,9.636670894,27.01854882,50.6919838,23.11434929,0.340147267,1,1.187291912
19.84184498,45.70086913,32.6802526,47.3503401,47.94788112,0.291730671,0,3
21.48102127,30.58718961,21.41035932,40.45738691,21.47883123,0.918995141,2,2.908326165
15.18358384,40.11522114,26.01886037,21.94110516,9.359280008,0.297229278,0,3
21.53994221,40.74985404,39.3713967,18.59266663,11.87154897,0.970261684,1,3
21.18585149,16.54162369,23.08285031,12.51344256,36.96795343,0.83263574,3,1.882138416
18.09847117,28.81285039,26.44226312,12.28057409,22.23414208,0.684249919,3,3
15.85794285,48.22158882,43.60106254,19.35680699,13.97042779,0.598326273,0,3
15.9093545,9.033554517,40.59639501,15.02662662,41.62037579,0.22478058,1,1.993912063
24.23223747,35.73724541,39.54569282,37.80538365,26.99030708,0.730398437,0,3
21.89279321,48.30188351,41.61393726,27.90450639,30.54385421,0.34713813,0,3
16.27102614,18.52596986,38.74014216,32.24728911,11.92772096,0.48564216,1,2.578641087
18.56723169,43.76515646,23.0146554,39.70335918,13.67393906,0.104068782,3,3
20.92482994,47.01458954,32.91403316,42.95508727,10.66352166,0.29615411,1,3
23.35571705,38.61887942,31.10609802,42.41008599,28.15442597,0.529119468,0,3
15.43660929,15.40977405,27.77878946,23.04282934,39.90456553,0.468041314,0,2.002488104
17.36633131,20.03003235,40.85101024,50.48135101,37.95283597,0.343513155,3,2.688133488
23.8974899,6.611418249,31.60348006,55.8854835,16.75538692,0.471929955,0,0.919771348
15.0916555,42.41539554,21.50744003,25.79691736,43.31975846,0.744926134,0,3
17.01399103,43.23250339,26.87413959,10.85327083,9.754738166,0.459325564,3,3
24.59024176,33.47196395,25.71552645,54.95770933,10.13224865,0.506156472,1,3
21.13401847,20.86375331,42.18697212,56.17743665,43.21869272,0.701146081,2,2.580260328
17.61671367,8.456496244,36.18595252,12.54732202,15.99888025,0.841614803,1,1.50556742
15.66991094,38.88759245,34.00940665,10.24782959,36.86521301,0.526863778,2,3
15.2819134,37.69367871,32.66623104,50.82023915,5.408581636,0.948175615,1,3
17.4474508,46.06711348,36.25282569,25.07316772,9.212048988,0.353447443,3,3
23.8148582,37.87394095,38.87188867,55.72910836,32.41799189,0.252554981,3,3
19.15913654,42.2912724,33.85961765,20.83717866,13.20871797,0.693089868,3,3
22.20333369,38.56795781,43.45713538,53.05773081,6.269615884,0.175749737,2,3
24.18285035,33.38092347,44.42085427,13.43221349,26.01260405,0.899967852,1,3
19.08040462,24.21348774,44.88355792,23.03184237,19.87342247,0.386574183,3,3
16.91277371,45.59527889,36.73477775,58.65644396,41.10156176,0.698148655,2,3
20.17117931,34.29358574,43.31551167,21.55983272,41.8473046,0.570183522,3,3
24.08083687,22.92598949,30.11199238,16.6506492,32.64904045,0.054390859,0,3
23.04374414,8.756118283,41.48980978,52.85273262,18.18651859,0.709078707,0,1.375538808
15.65829843,18.08171852,42.72935747,15.89003959,25.77319931,0.79000473,3,2.678581006
21.925728,29.46770307,42.60351181,14.87280543,36.60152122,0.982472431,2,3
20.71897522,17.40359165,40.77115707,26.17125671,8.118884892,0.416127666,0,2.629621334
24.07463176,14.95559066,30.16497904,41.76642533,19.96236897,0.502931568,3,1.83192833
16.22481417,28.73270813,23.97268705,45.53731869,42.00663654,0.874867337,3,2.779553527
20.34036113,12.64191557,28.34890891,54.06193919,23.2712844,0.269197313,2,1.533937138
23.79462694,41.01845285,39.18221423,37.0455763,33.11006051,0.189142633,2,3
19.10023787,26.79656681,25.82213778,29.67088934,9.335046611,0.132910273,0,3
19.81994918,30.82382483,31.95680162,27.94168809,39.96706888,0.978252213,3,3
15.70460678,11.63224704,34.13498795,52.34513642,9.520947047,0.270359236,0,1.642426654
17.7814364,19.6059351,35.09646406,46.19076547,43.76863645,0.7573945,1,2.289870741
18.24506649,23.45403575,43.39313871,55.27145069,9.79704702,0.449667154,3,3
24.45122449,41.36957737,36.53732551,58.20177279,45.09017434,0.240575375,2,3
17.82667361,39.65717854,39.6574704,25.0025418,21.36964434,0.9133338,1,3
19.60868735,15.03398637,34.5469587,36.48370594,33.10388293,0.463807502,2,2.058223116
21.71304424,32.72805867,40.83950797,41.59104037,43.09477482,0.565955394,2,3
16.62183372,15.9555361,26.59159033,18.19244734,5.460863945,0.222493484,1,2.188768739
19.86442387,49.47112201,25.24694179,12.6673517,16.95619226,0.324152313,0,3
22.38539039,47.84557452,43.15800122,53.38819571,45.87522446,0.747687554,1,3
23.66855213,30.34691242,37.33702191,36.77617554,22.46792273,0.343044773,3,3
21.26259275,36.45061574,36.78813943,38.53871082,36.78691666,0.50595855,0,3
21.69053515,41.0643672,31.68238097,37.74571727,11.30054253,0.114355477,0,3
16.26283473,37.4449289,29.41743148,47.74803524,35.52672206,0.850066462,3,3
24.45776497,36.4922911,33.89227986,17.27509723,8.292244799,0.737581631,3,3
16.32574077,48.13493036,23.01415874,40.70242204,37.27963129,0.760744854,2,3
22.74672937,31.84052478,31.36781403,33.47397558,19.57122295,0.178185198,1,3
17.64816322,33.63362023,31.38419261,54.84790798,25.96314452,0.495156153,3,3
24.33593144,43.21709377,33.45841282,35.98104689,12.48170814,0.027541279,1,3
22.19959539,35.14508905,35.86714036,57.1467487,33.2532058,0.315089078,0,3
22.53813713,37.98196799,43.93295915,27.66264971,20.1905433,0.348019521,3,3
17.19059173,15.53759088,36.30422818,58.34473532,22.25187527,0.913690174,0,1.723607587
19.43039977,21.70701159,42.0931288,53.7578974,34.34868162,0.992782799,2,2.539835078
21.17813195,11.62856056,33.90759654,39.21316449,13.04877476,0.617745902,2,1.592104678
22.69973618,27.75944491,35.67319707,27.68549667,43.34040021,0.516768751,3,3
16.03959376,25.50773303,21.74592383,28.79616787,38.26788825,0.440088934,3,2.767631285
24.62365316,49.87232664,23.33159307,48.63760432,30.99785014,0.018296237,3,3
23.90220671,32.50438938,34.49176088,39.03156756,10.77498802,0.800116546,0,3
17.7034859,40.39001704,29.89282175,30.07937927,35.91993625,0.671825844,3,3
23.22760243,20.03066018,39.970263,41.80274807,5.814471744,0.64928575,2,2.592737762
20.18323923,42.41953991,33.57944687,46.6616699,41.19781107,0.809043389,3,3
19.61806482,32.67882349,42.05727597,11.14502563,18.67089636,0.928054202,3,3
18.14434106,36.36465492,44.30829196,14.49314006,10.27451977,0.389530019,0,3
20.80968587,18.24938501,23.69087963,14.72427202,12.40200293,0.426402897,1,2.25419032
22.29889118,29.68872763,29.87069379,21.59669026,48.34104793,0.97513899,2,3
19.10932905,33.5316638,36.62452563,31.34952196,39.8223688,0.664424851,1,3
21.29219193,31.50926041,27.63721889,50.18249496,15.7042388,0.851351071,0,3
21.99312921,46.18371701,26.67580844,27.55495175,48.35598096,0.221569539,3,3
22.11121817,45.4222699,40.34346402,10.87388942,11.30529518,0.317075191,3,3
15.51966098,48.6942826,44.50946173,34.16809265,38.00872454,0.391605227,2,3
23.59747806,35.03426027,39.34508328,59.83142977,34.55328321,0.316933113,3,3
19.58253315,48.73613586,33.09191557,27.45104978,41.96645476,0.884247014,0,3
17.62416082,42.46151,31.0627808,58.06272594,22.17644243,0.511510196,1,3
17.41764507,17.18744632,33.49119301,15.06725656,23.08259562,0.953647106,2,2.207621613
19.83014113,24.23460513,31.57099255,18.6549829,33.10551583,0.321322444,3,3
23.86831539,15.7276599,32.57220142,46.20610351,22.91925906,0.03724463,3,2.177822687
18.78347582,5.188872237,25.08632626,35.06062245,6.860790172,0.13806142,1,0.935461165
22.49725747,13.46219389,42.59354873,48.25609017,37.83686143,0.217070433,1,2.174908229
15.96818731,5.182726383,38.86337504,53.17791725,33.84257284,0.639969701,3,0.96195445
19.76056702,37.39273076,37.02443557,22.5542438,24.06707657,0.181087897,3,3
24.9168614,24.1490434,43.74812427,44.14145852,18.62733024,0.381498524,0,3
22.70437803,19.06586272,27.1098583,40.38006183,19.43266272,0.795386824,1,2.008754185
17.10528488,39.2774401,22.02898527,53.07675146,38.34628807,0.124759015,1,3
20.01441474,42.46190486,40.65346651,31.50519503,37.81223955,0.080480138,1,3
17.33624764,48.88847924,44.96042409,12.59352154,41.85132892,0.53997023,0,3
19.09560927,33.89061131,34.46081095,38.70930636,39.29811927,0.698069019,1,3
22.80084024,25.76880313,21.4702347,57.94391596,39.10748909,0.910953188,0,2.25763905
22.71224815,18.73689357,39.511701,10.73155898,16.32979553,0.661976673,2,2.752442131
17.28100378,15.00431941,21.84372622,22.01289942,9.572564957,0.946178878,2,1.535337716
24.22223318,14.58166777,33.50034966,25.8033895,39.27885197,0.244526043,0,2.194548183
20.92568183,23.41352186,26.93831186,48.29194439,9.437810885,0.341821268,2,2.585465837
18.79924291,49.63038599,42.87566951,26.16384612,49.19501324,0.839309678,1,3
20.01935581,5.038416385,31.28328033,21.95419316,44.37901704,0.81105382,1,0.921548808
21.05071253,13.87426538,42.46158371,42.42790072,29.00577209,0.664890359,0,2.046088474
20.59890532,13.47768421,27.47702713,12.32026445,20.84826043,0.506024306,3,1.887454528
19.86405036,37.27037685,29.6840646,18.529843,28.70793662,0.017711393,1,3
20.04932804,20.86181274,43.67797971,30.40151143,38.04358249,0.280443957,3,3
16.7641191,25.57673621,25.03286127,27.77999812,39.03484904,0.158337506,3,3
23.12732904,11.68808587,34.46252879,27.35829096,8.314969939,0.051174817,3,2.018389229
20.4176032,23.22486675,29.71275821,15.42775066,41.21843427,0.776079719,2,2.770594583
16.31079862,9.643991536,39.35417213,28.04200097,33.86736868,0.131312103,2,1.93012883
22.66157102,28.98694795,23.23240928,49.8996386,6.826082626,0.357412893,0,2.995405606
24.32443978,9.407226442,30.93037423,30.69221009,19.09225426,0.977456877,2,1.176084579
24.47306899,40.57287715,37.47331567,39.30855924,27.97886159,0.409153425,3,3
18.69017732,30.49707729,30.17540588,18.17897047,13.48031715,0.141506389,3,3
16.35516874,37.57855432,21.46329348,13.48556817,11.9858238,0.689762376,2,3
20.18399627,23.8332374,37.62780653,53.9978021,5.642652407,0.809941708,2,2.692635083
16.12609229,22.1671082,32.57995819,26.56862981,46.01977851,0.279150697,3,2.897447779
24.33987419,9.419400007,20.28271717,27.51686165,7.524857976,0.809351008,0,0.938186452
16.83579627,28.57350232,35.31639738,53.88439247,21.47051397,0.271521079,3,3
17.5276586,28.15259742,42.99702556,45.38856745,14.25972368,0.693111838,0,3
19.06636527,26.064592,22.77564871,47.81313555,38.3464896,0.12480362,1,2.825114325
18.83164469,38.32332641,34.76678088,44.10017421,36.82330959,0.427822949,3,3
22.94662892,42.462698,38.21672204,15.28961224,41.28000854,0.520493945,2,3
19.56316821,38.78553537,21.76934175,57.89979105,32.75637356,0.725283577,2,3
16.7076826,11.47395843,20.56538645,55.45681436,31.62439222,0.65003119,3,0.953324986
17.67209895,32.99267792,31.60489667,21.81100634,23.3199822,0.8533428,0,3
20.09113385,8.614539756,39.77966718,50.19970956,33.6361415,0.184291068,2,1.593300252
16.47453917,36.25800293,24.01798525,30.46982157,10.18425132,0.661246549,1,3
21.11655676,22.18275935,40.91593181,44.18834839,35.80307821,0.127750102,2,3
20.65747307,10.96245303,36.41443139,18.28014999,9.675399104,0.478079921,0,1.888218222
22.14702316,43.79228856,28.30433219,36.92771253,43.77829561,0.52455753,3,3
24.37704615,32.63037526,32.89564496,16.33081498,27.75572626,0.027263423,2,3
24.12254561,20.96262356,44.13937449,36.80835827,28.8660607,0.070356696,3,3
24.46075618,6.382723084,25.41092427,22.1796978,31.3185921,0.839271811,3,0.843870234
17.44715597,29.17896166,32.48838494,32.62332644,39.92236245,0.286788358,1,3
16.31565307,46.54516453,35.6121639,43.39846836,26.53117794,0.34614515,1,3
18.022767,31.83709247,23.45036514,53.85372908,24.24146331,0.640406227,3,3
23.95085173,48.72427721,21.08805222,18.26445015,17.97500555,0.220714627,0,3
24.72053475,11.14030032,20.33649882,54.66345577,10.76177078,0.192862583,1,1.148847477
23.59324951,30.57372971,28.11732142,29.5018824,13.56541435,0.421541029,2,3
16.10017721,40.91562716,21.84868236,52.18982843,5.023752966,0.058996693,1,3
24.47427998,28.6493329,40.09424881,35.62739592,44.12397415,0.91697025,3,3
19.23358027,9.097986019,44.93298818,53.11042859,39.42312777,0.940108891,1,1.406406143
15.09310291,31.22987007,21.53259554,43.14120338,14.8407093,0.448200164,0,3
19.42393741,32.52820576,30.8181569,35.43580703,5.107554077,0.209239402,1,3
15.4606917,37.79191618,20.64330307,25.62693165,27.14523372,0.470574595,0,3
20.43877921,39.25451818,23.34977227,58.44545438,23.56579397,0.09993319,2,3
18.38554027,39.68477097,28.07306402,50.04488288,39.92029796,0.397797316,1,3
19.73434934,34.85499771,29.84245533,29.05935926,23.1302978,0.073665549,2,3
21.13170361,14.71150339,43.49457366,18.33617965,43.88507634,0.706165703,3,2.384524813
23.68801096,23.19060901,29.89592022,48.97677093,9.312720308,0.27571355,2,2.687967091
21.61901576,39.92584877,32.40694148,59.49721439,21.46361388,0.520659483,1,3
19.34048868,47.90421425,26.13958421,23.94874769,47.02734044,0.01353935,1,3
23.19427854,8.552613418,20.00312847,55.79315362,5.527833005,0.524636462,0,0.701782523
24.05582138,29.0991505,42.48336142,16.26853528,22.58552408,0.003267938,1,3
16.19759966,19.06350221,22.04286893,57.61031271,16.6866467,0.925192175,3,1.602413304
20.31932978,15.14272524,44.10622103,47.26694562,28.93373251,0.501157894,0,2.261231489
17.8451196,27.76148076,23.2711026,27.32981146,17.54450601,0.100066496,1,3
15.47061198,32.27402033,35.12196202,25.23159111,44.14586205,0.341054786,1,3
21.68546695,5.439750414,44.9852647,42.1717677,47.17122138,0.046067133,1,1.598732621
23.62770777,40.10929575,23.4616149,39.67535701,43.21104337,0.530895433,1,3
16.62902654,41.89469591,30.59857712,55.94683507,22.93555304,0.122343216,3,3
23.12413658,48.44798711,39.51059172,48.31215671,49.54701945,0.473107521,1,3
23.53395734,13.128968,20.80475375,37.01824363,38.07663425,0.305507884,0,1.483452213
24.14340443,31.75486531,37.24456878,56.37829209,21.00240215,0.761583402,1,3
17.65285089,24.19814181,22.00933345,39.63653157,9.216176954,0.482255283,0,2.515965672
24.03953065,20.06725332,25.91300356,52.48424178,35.01708874,0.848185291,0,1.921557054
18.20662755,30.45350531,24.00190406,52.0471326,37.78553499,0.941348379,1,2.854268485
20.52338013,40.2072392,42.68341079,55.95974295,10.51066098,0.969524868,3,3
15.50507471,6.037375255,24.51141792,13.38010156,29.73813583,0.260196352,1,1.156885598
15.43881088,48.62300507,21.01085239,39.1909834,49.41895928,0.76756869,1,3
22.20373213,41.44467136,34.69064196,33.41962956,19.68089461,0.43811082,0,3
19.44479978,38.80191666,28.65452314,34.52711917,18.58527601,0.426173156,2,3
17.56292375,39.2174322,30.14265552,32.99553018,45.64859747,0.868230414,2,3
16.90413496,22.50773193,22.97656862,51.87333447,10.28372201,0.145668903,3,2.425091018
21.69953491,38.82292479,38.70586229,25.92164487,47.00873765,0.477810308,0,3
15.00401544,22.40465939,35.03884124,33.13755408,40.07691771,0.59288324,3,2.780610153
23.05891169,45.44180733,29.10542612,20.03412715,22.5878184,0.066123427,1,3
15.79249606,12.97500725,24.28937359,22.5858308,8.759642916,0.864514254,1,1.449031076
16.91489615,18.15563409,34.83629348,43.02100417,5.862854356,0.314339108,3,2.389393596
18.86236395,29.81018942,39.46493199,15.84679691,21.91240384,0.656819647,0,3
19.8485874,19.36449661,27.8099321,19.39109055,36.7409113,0.928080002,1,2.205496492
18.54995116,24.09067604,20.64650959,36.40172798,26.93881461,0.719754719,0,2.373389951
18.20712165,27.15902102,25.35859962,12.1886514,38.23933518,0.886010535,1,2.996296975
24.63916012,43.5359007,37.05994547,16.34634997,35.17568819,0.069544682,1,3
21.41579681,28.54365141,44.72740944,53.16764695,30.78082352,0.492734674,3,3
15.23432955,21.31069319,20.33440599,52.30733829,48.53745863,0.564832126,3,2.003393406
19.30175908,16.14812738,27.65383905,27.38880525,37.77729955,0.689038881,0,1.91819988
23.750087,23.39041905,21.55052176,27.39956577,46.15760521,0.116858254,2,2.724967845
18.01456186,28.2081247,27.90873219,56.82577246,15.89722539,0.65678928,2,2.854451178
15.94556345,38.57516857,30.14785858,11.29205695,37.1137832,0.145993551,2,3
22.58384772,10.44719493,43.0215523,39.01477565,31.90112885,0.067612807,1,2.054817076
21.06013832,14.97241347,22.01401999,39.86952895,46.59332436,0.469319208,2,1.59768712
20.70312508,22.08443071,39.42835133,49.39435336,27.97038579,0.600375286,3,2.728590272
15.5357656,21.21792823,29.8883599,57.58752579,17.58386206,0.958117628,2,2.063137415
16.4049901,22.62866394,40.28157124,27.79137935,22.31775322,0.698625427,2,2.978358928
21.22549396,40.70845691,32.83505463,31.89167367,14.84734124,0.591390761,2,3
17.07823841,19.58694813,20.98205097,43.56492403,14.89878497,0.214564901,2,2.115164822
20.0407008,27.58541812,43.65514712,58.36358112,26.16897137,0.152044367,2,3
20.44881686,33.07581648,22.06835159,54.53961769,45.16559759,0.607273225,0,3
17.8350719,15.44803476,34.94208756,43.35265016,13.63412043,0.222949039,3,2.164538707
24.48425156,37.34129242,41.94169407,52.83617858,17.95415055,0.706605092,2,3
23.42464107,29.62000939,21.99424494,14.26022154,43.38446576,0.114477092,1,3
22.22373508,25.10515234,33.84733471,28.85634714,20.26653249,0.339635823,0,3
15.77993866,41.4402812,40.60724689,10.65462478,48.30860309,0.773086763,1,3
16.06130019,15.95728666,44.65811772,18.87361191,17.10141244,0.83103708,3,2.480077931
19.92781346,44.74291868,38.10818502,41.52462856,24.89645398,0.345240774,2,3
16.60713349,30.24719309,26.95835939,54.27808119,9.302447264,0.20671993,3,3
24.78265464,32.41286957,37.48925825,41.6390155,49.64791079,0.958199861,2,3
16.58520234,44.37765339,37.64416923,43.20690535,45.05639202,0.761075994,2,3
19.87467835,41.79122095,37.4991503,15.19108026,41.79030138,0.807059288,1,3
18.64121057,32.0702931,41.35651093,43.24302455,12.08041118,0.22275165,3,3
21.39386421,38.89344667,22.18450156,32.71733587,48.6211126,0.424438648,2,3
16.29036409,24.49937706,22.71049614,42.57201158,46.81180786,0.068208731,3,2.747129762
19.30316428,29.63199891,36.01542811,26.30865548,24.60521489,0.109399488,2,3
17.74705033,7.793156152,43.8470274,39.07429708,35.67366634,0.220959044,3,1.739660703
23.87751525,9.04360631,31.64596597,31.20346484,49.66062925,0.303234631,3,1.4955742
15.40585712,42.32414319,44.01406754,37.93185277,23.43853488,0.997184803,2,3
24.13727494,7.685224506,43.45213149,17.35447592,10.08705601,0.422088565,3,1.832337792
23.32994139,12.62296065,42.57274346,29.79124268,44.05005657,0.697875783,2,2.034537196
17.97570716,40.81246965,42.74627437,28.71393286,26.44183033,0.904447177,2,3
22.89290655,5.051567778,42.45796983,46.81972603,49.41362548,0.246056832,2,1.329196763
15.3121356,17.7081948,40.49723459,45.3204757,29.79017872,0.144722195,0,2.595161445
24.6686555,31.2817396,37.37447397,55.44293424,6.326492162,0.243258197,2,3
20.26594943,31.79524692,20.61020446,41.60277961,27.12771336,0.882421687,3,3
18.03281026,39.97188087,23.3063398,25.72735649,37.31279582,0.665686034,0,3
18.62583213,27.76668145,23.35580136,49.16123316,6.171351269,0.451335123,2,2.837914964
15.66405353,27.92308413,20.58850711,34.84988218,23.60519215,0.820282747,3,2.719951788
24.89349514,37.6389759,22.91754421,19.67466053,12.00020902,0.236726443,3,3
15.39291945,27.43810085,42.99366084,47.37057342,33.93935695,0.239175375,3,3
21.54907123,32.3820989,36.59510717,16.62656979,48.0805632,0.567220092,0,3
19.42735928,45.39983307,27.80182546,18.90766656,33.1063207,0.790062757,1,3
24.48916218,23.06529534,39.83400031,47.93779642,36.26949679,0.259558517,1,3
17.4599974,22.33062819,32.20923717,48.5072347,22.84533052,0.210034339,0,2.716614542
20.32086824,5.159704634,23.55317592,49.53906344,30.3413391,0.473974699,2,0.568698343
19.82356209,32.60418177,42.11255203,24.66625622,29.47359694,0.13420469,1,3
22.02866444,6.339735833,28.46654866,53.32937287,39.18228554,0.747811748,1,0.675658936
15.68010232,27.68668204,37.47148076,46.1334068,43.56102412,0.577330922,3,3
16.9378913,41.19052051,27.26485401,51.69837048,34.82986749,0.512541209,3,3
17.1456482,29.74644817,32.50178127,45.43027424,49.09139609,0.872263414,2,3
22.38150755,17.13362743,40.40631779,38.97982294,42.27297766,0.732561825,1,2.304160861
16.89138696,40.37757897,23.91943366,15.46973858,10.6091037,0.149269792,3,3
20.73491764,17.13726518,44.43128488,45.5468106,27.83639293,0.420431818,0,2.529085333
17.15243821,37.98643014,21.75539807,44.52303877,45.64562354,0.321270555,2,3
23.6162495,32.46163048,33.35022274,25.62455666,47.47706909,0.802069438,3,3
24.42185454,12.64983335,42.90063798,46.79098845,22.10926723,0.719036784,3,1.867576325
20.18492975,45.73102437,43.64234712,37.52272767,37.65668277,0.472010088,3,3
18.52308884,14.02896573,25.80272407,37.97031193,23.47454676,0.823646509,0,1.471461002
17.34057775,49.53141834,23.59962453,28.38023394,10.5646875,0.410067138,0,3
15.49781002,5.328971989,38.11007501,15.83925207,44.80750872,0.80355203,3,1.243064497
17.68500076,16.85675197,21.04933921,20.84642289,46.93789052,0.032074895,2,2.162818161
21.5423578,13.99371338,32.13097423,48.44158267,27.71377391,0.134618977,3,1.918678497
20.33616931,5.629703458,39.90888067,23.57207752,5.823834387,0.755974408,1,1.279558389
24.44041278,37.95655551,34.00636811,10.11265272,41.72163128,0.114389243,3,3
18.96277262,36.20416109,24.70033164,59.85087106,26.46321648,0.683761041,0,3
21.93863342,40.6557934,32.17610749,20.53411169,8.376276089,0.723573798,1,3
19.89322747,16.55143459,43.03186791,42.76915744,13.52261673,0.662195357,0,2.330749803
20.12576216,24.99508252,35.43032445,56.34610023,11.84537031,0.818232125,2,2.707942002
17.67774315,34.66010847,38.03726569,39.98563673,35.88254898,0.51161707,2,3
19.54950777,24.78958267,28.40659699,49.95153075,18.47342718,0.897037063,3,2.477810995
19.70784997,36.37965966,24.71209438,58.81858561,10.74607328,0.569496228,2,3
22.06642522,33.52880338,26.39105575,53.0181713,46.29419718,0.507872969,1,3
24.40639999,10.15915114,33.32943984,37.89520443,48.04389766,0.50938731,0,1.493250742
18.29321277,40.14694045,27.00550384,28.18514652,11.23591427,0.912082217,3,3
15.42200469,37.43043616,33.54911969,34.12322246,15.3606134,0.243696036,2,3
19.96295126,34.51254744,37.69479818,52.09130841,31.64543238,0.695035442,0,3
20.44461332,11.97921228,38.3598969,52.66773051,11.77285323,0.242615788,0,1.828599259
16.68440551,17.0598402,24.11712349,52.29274612,12.13662618,0.092174979,2,1.940873186
22.60464606,22.69296642,38.76077122,39.86122014,20.14592188,0.953743878,3,2.685838209
24.84929108,17.59683297,36.81720349,33.84779589,47.71266498,0.12972538,0,2.583582765
24.45774717,15.25146308,20.30012833,25.5669028,48.30989884,0.686193252,3,1.603051599
16.97106039,41.24109516,21.47180438,10.16804276,42.88047124,0.424558726,0,3
23.7536324,33.72045109,36.15623755,48.22426354,36.30708131,0.837101367,3,3
22.04493636,30.44624592,29.59259749,23.849914,37.43030146,0.773202183,3,3
19.53846564,15.16787199,23.65259999,26.48389477,26.13077794,0.143768425,2,1.968484039
20.40610994,46.3134453,21.10991398,52.17406124,28.85695827,0.467816744,0,3
23.49600175,13.60323676,23.98495852,12.61255786,33.5503697,0.027532282,2,2.019930574
19.8013494,40.77279198,43.93784911,56.38101657,37.90789869,0.429523514,1,3
18.73207369,48.50027,38.18914104,10.06809612,9.358077763,0.700215822,3,3
19.93247493,37.71917282,33.19263552,56.95845574,15.11991544,0.232156214,0,3
20.79129804,49.67864488,43.5385125,32.73792455,48.33244361,0.810033407,2,3
16.89077654,34.29730026,35.47776094,15.10613126,20.08140195,0.053164826,1,3
24.0090773,14.78571546,38.14112971,43.70806836,17.08133949,0.034566362,3,2.295578672
21.74186949,14.17187722,27.06629546,54.79282129,23.98600905,0.027452548,0,1.757743084
21.33268917,19.60539279,34.72454609,31.90364084,18.09143377,0.280026872,2,2.658974305
15.99496226,5.32085091,23.58693111,44.5678952,9.103108665,0.467105809,0,0.639084272
21.04173938,35.67643115,30.11207863,58.96813601,14.35825094,0.107447012,3,3
16.20960662,17.09005031,20.83100812,22.03504119,33.80719089,0.996743595,1,1.684649759
15.78697675,41.68324545,25.41570219,51.02247285,15.04321507,0.999561082,3,3
20.27310896,21.16276928,21.87171574,24.76185547,34.14502385,0.519802366,0,2.337814381
19.02785534,26.59804221,29.69447049,31.31688,9.503640271,0.568009535,3,3
20.8881027,48.45600125,41.07587912,24.08829342,6.884435732,0.92680838,2,3
15.89222168,15.89774554,29.44835266,32.30058742,43.77054572,0.769792779,0,1.863484045
19.30983063,37.45643438,40.79099065,10.25445162,39.2011788,0.167947678,0,3
16.74786715,38.98030052,36.41245781,25.17194237,34.97124573,0.792488915,0,3
24.87100086,14.94491709,32.73823617,32.2647032,6.390465482,0.230940333,1,2.147649049
20.61150212,27.54485765,25.92229233,41.61200919,15.77092708,0.430247827,1,2.987318171
21.87436861,20.75908664,43.05390232,41.86806956,41.55414472,0.532508246,0,2.826103923
18.25418281,39.73578095,21.35502022,39.18928092,11.51004493,0.716999299,1,3
15.94738915,33.01174936,37.22282544,24.65159148,41.5784048,0.150150298,1,3
24.75870863,26.41923747,35.53099732,57.3702158,31.29050974,0.076169855,2,3
17.86259035,40.07134693,31.02603806,29.59849119,38.31657655,0.86612333,1,3
19.23808185,15.58200065,26.00802388,20.84469706,34.00281853,0.826792491,1,1.803290978
21.49863922,38.91298463,30.76739842,37.72564698,23.7645311,0.523265342,1,3
15.24697298,43.94184404,41.81931814,47.44643349,18.1389807,0.662363804,0,3
23.10259131,44.53797186,40.91915276,10.61167864,35.27281304,0.71930132,0,3
20.3657819,40.26531169,43.53453125,23.81720037,41.31107968,0.476531357,1,3
17.78217187,23.36063751,27.69483017,51.24889263,7.012968627,0.257230486,2,2.618120588
15.61607985,49.18136102,29.67760396,35.35105467,22.09590202,0.481392407,1,3
16.62498415,22.08171397,20.46815382,30.42441523,20.78284029,0.950797991,2,2.110800043
23.95033859,33.73814296,43.57374987,56.54506398,30.17618782,0.837832514,3,3
21.86024224,12.24833801,28.2347523,14.47675486,10.12662754,0.465547499,2,1.788450913
17.49901722,49.12020044,30.10409554,40.77851004,47.00387346,0.225579033,1,3
15.65600765,36.67936648,42.69511529,27.10943581,29.68296208,0.889614428,2,3
21.90615312,38.90198954,33.16496075,13.54116991,46.56887619,0.638241091,2,3
20.72407726,7.959951654,34.15436354,20.68722543,41.76234156,0.404739956,2,1.525231718
19.04519524,39.35380164,24.40582095,41.39666065,13.6237488,0.111657541,3,3
18.63611449,39.86255431,32.46650052,11.41384669,10.95525555,0.751763637,1,3
17.16814276,35.22977269,42.95521502,39.61244077,43.7562608,0.316972373,2,3
21.69611257,18.13593262,33.9679522,57.84252106,29.12451002,0.606305914,1,2.064280168
24.70668028,27.0360519,26.37790912,49.75480312,5.888423655,0.569617232,3,2.80051218
16.75715246,9.969546709,20.7795216,27.27985397,47.04020368,0.699623077,0,1.066995313
20.9711662,26.22141799,28.40754434,16.91038232,26.28627797,0.537621108,1,3
19.24185056,15.97207337,34.31477285,33.2532217,18.54213358,0.630411553,0,2.093295105
19.46688722,20.70936439,21.06533221,29.64752181,28.2469042,0.081542419,3,2.435867752
17.5414728,12.31701838,35.24481443,58.586648,42.03132757,0.665278673,3,1.488023169
23.25134876,15.35244655,33.08534568,59.49340273,9.963173077,0.194190895,0,1.946060036
19.85255604,8.445588882,39.58588673,30.52923282,21.15198065,0.391980724,1,1.662805755
20.43405852,46.39556149,20.72220431,17.43919918,19.3490003,0.512534523,0,3
18.04760913,28.86848096,39.52118362,55.53047748,42.7842284,0.686877177,3,3
16.81808466,22.85338871,33.02192614,49.67711378,40.03102742,0.742427343,3,2.518084933
15.85910388,29.07631457,29.26323332,35.56371033,23.00468156,0.704922674,1,3
22.14119141,33.27319528,44.13457441,28.26773215,34.90197393,0.095105459,1,3
16.96234282,46.4845457,24.00298868,32.40829138,22.7500467,0.386903971,2,3
21.90075354,13.04118285,33.53312798,55.09405877,30.70912272,0.280665072,0,1.730616094
18.90376446,18.29986244,28.02453684,19.23217239,49.60468826,0.398421524,1,2.372604986
19.15774801,48.91052014,33.18715947,50.33917606,29.10085103,0.646873184,1,3
19.69177496,21.7036844,33.80688631,10.90953164,49.48586298,0.192920726,0,3
18.67708508,6.015274284,22.23620621,56.02859966,38.62395978,0.502099368,3,0.531398621
16.00619977,11.64395717,36.52837867,35.01486398,10.43250306,0.884871571,0,1.589423914
18.0963181,6.185241579,35.8620374,21.33739132,40.81847759,0.731126858,0,1.234988063
21.63734361,49.54654141,39.23668187,10.14282514,12.25785387,0.725365111,3,3
21.65784401,17.5491882,22.26646234,37.97732344,28.95478738,0.848716378,0,1.693002808
17.86224307,46.55942406,27.43146367,22.22439353,32.59603555,0.399244993,1,3
19.60102627,49.81488241,36.25276499,41.5632168,45.15037048,0.759482833,0,3
16.93447228,31.99285495,23.41827065,24.05846407,14.46908946,0.05870442,1,3
17.10372082,6.493834178,36.93995527,14.40120146,44.41739326,0.056426964,3,1.708489763
15.23047088,8.671623367,21.47566777,35.25258149,47.05221992,0.331798657,0,1.064592786
23.9674655,26.67150748,28.37328882,38.22428681,9.026930807,0.196846966,2,3
17.10706665,23.27774058,41.16777806,32.62950128,44.83783031,0.518538584,0,3
17.27533877,32.27797876,39.35728226,32.90177772,16.66310219,0.183202461,0,3
17.79601433,24.74815144,36.11901788,39.4825064,8.645042722,0.975573876,1,2.796170404
16.27408072,47.03345822,41.76146042,36.31767547,48.13584602,0.851105131,1,3
21.39262883,29.06328719,37.7317386,16.62837694,22.64915693,0.982533699,2,3
15.75142953,36.21767277,32.98437763,19.85428232,33.03425773,0.807763025,2,3
16.34202426,45.34183727,44.49293751,17.08955207,29.87929039,0.951109697,3,3
21.44756727,11.60923441,37.37140199,44.66477911,14.59318661,0.368105228,3,1.775936436
18.3966062,15.33805944,35.03417942,36.42992061,35.13045777,0.497905078,0,2.088360179
22.07947827,9.829339721,30.22176402,31.49275618,7.075174505,0.239793841,1,1.555501624
20.57424745,11.28372797,42.56031246,49.91694976,14.13927168,0.635806064,0,1.729977349
17.56021173,28.06627851,27.39272739,26.28973299,47.50986879,0.788230302,1,3
21.5082795,19.45306665,20.23048986,38.40533315,47.90783861,0.49874217,3,1.986231911
16.1627368,24.04277778,24.91851306,13.72038007,26.71948363,0.296372839,1,2.94950466
20.36410383,49.21204243,22.7379373,47.22020419,12.60822825,0.507672194,1,3
19.37148105,12.05169565,27.97484435,44.75962224,23.97290275,0.06289522,3,1.658620545
17.67873583,29.33654319,40.64696694,50.11898146,44.4681875,0.721119452,3,3
21.04004998,9.449201977,36.28824213,54.2237979,8.16233245,0.451606971,1,1.386486804
23.71333592,19.3323341,24.22451473,47.90141336,10.75408597,0.898234219,2,1.812585991
24.989047,28.73866657,39.72054303,52.22449451,45.30437806,0.923250309,1,3
21.07762769,47.59842857,32.60549665,27.28272995,23.69225303,0.12550481,3,3
19.04705874,22.60526996,32.8178656,27.1668681,8.755637231,0.996110987,2,2.584731675
17.252071,7.92080133,29.05280452,57.21504099,11.26440847,0.969822515,2,0.703445283
17.57096089,22.46726516,41.61540912,55.72872682,44.71016801,0.627131413,0,2.763053845
19.79454978,11.55835291,27.9581826,37.42486706,27.05465172,0.825447673,3,1.300802205
18.67277701,15.3495326,22.35349402,28.32793926,12.33474385,0.01843698,0,1.987571845
24.13814523,32.81407804,27.56822485,53.30007651,45.23268897,0.97038554,3,3
18.68295468,8.034073979,37.88383866,26.17055662,43.03755001,0.456313926,2,1.57633949
18.73444591,25.91256903,36.43954717,17.68175414,6.036050785,0.909700222,2,3
18.83534512,32.42577137,24.70042884,41.97463375,31.14455485,0.385124856,3,3
23.3662021,23.98362766,22.79460748,12.13109049,15.99514927,0.788176468,2,2.642783876
21.50788321,5.860685778,36.52164396,28.95509531,28.99111154,0.417945857,3,1.304932828
21.1416885,49.34837106,36.90942089,50.38319078,17.56707495,0.362706615,1,3
18.34143022,21.52020953,29.15374093,24.76080978,19.21443264,0.946775803,3,2.402816318
23.17904177,40.03597341,41.07003459,56.56577395,32.08336396,0.699111534,3,3
15.38363861,19.65409215,44.45513009,57.79123333,29.248663,0.84008109,1,2.449294006
23.70797172,26.37575406,25.14113059,50.79081504,22.7836579,0.543358137,2,2.696025874
20.127499,22.48086392,34.42671789,59.38216595,9.840558732,0.918348745,2,2.342647623
18.98250235,20.41426533,20.13365823,36.53820558,48.62407544,0.739960457,2,1.977186189
19.97167281,5.983311974,37.8263599,38.45997761,12.85724977,0.072167651,0,1.438526259
21.67415531,21.2009422,30.35705284,51.80834076,33.49027602,0.766870764,0,2.230477192
15.12765427,45.02704957,24.83173067,34.64026279,8.723514322,0.018710467,3,3
23.71551856,36.06770024,38.80554804,30.33600034,35.97407746,0.829068922,3,3
19.46739525,11.54402866,40.26621994,40.73767956,9.267790252,0.331866052,3,1.923300376
18.4296652,31.60197521,22.77916253,42.88297554,15.32787537,0.598284744,1,3
16.38245566,45.1503887,21.02489405,47.54479108,34.11433397,0.749377018,1,3
19.39465374,36.50153184,28.35196104,43.41003486,17.73208364,0.636964961,0,3
19.96322771,11.69079766,35.64976164,47.28608976,28.97828668,0.672370231,1,1.54835914
19.03646694,44.05246235,39.83548818,43.72798354,10.6027427,0.892665743,3,3
21.78660094,18.5694806,33.65156242,34.02226193,14.10802427,0.373971983,1,2.451458196
19.20896529,25.43342649,34.51871941,16.74672922,38.01991587,0.54714515,3,3
24.61417578,28.67642419,39.99645554,49.27216145,6.581248713,0.174928704,2,3
20.99277518,43.2727972,33.22108436,11.53895757,10.03100944,0.467543082,2,3
23.07477936,46.92233728,35.27886226,59.62500459,14.67302084,0.150036371,0,3
16.09355903,46.8343795,32.9054335,51.4229245,5.90857516,0.633585546,3,3
18.97291293,5.357938158,42.01145583,43.5455304,9.292041433,0.324251391,2,1.338594678
18.36847701,46.48498185,25.88791546,58.33033859,17.66261649,0.859014481,3,3
20.69482388,7.44741347,26.59983961,40.62351407,9.181285321,0.34357763,1,1.053378712
23.6111352,16.95981456,23.19903654,12.82164404,43.97537435,0.286833892,2,2.197649287
15.78338218,28.17445346,40.48666879,37.9691087,7.973320573,0.491270796,1,3
15.72574798,26.59665601,30.29443226,23.86020928,43.74426646,0.175328707,3,3
23.50317708,32.21194072,28.69734852,28.4738764,42.02870387,0.203806128,0,3
17.12850086,26.57508029,44.53371793,32.97925779,9.534271755,0.783146075,2,3
21.68753254,47.04690558,43.17008416,48.73003732,6.133609142,0.497225403,0,3
20.42878132,15.82469817,44.29969205,35.14646072,7.24964067,0.206341944,2,2.604490639
23.32893595,17.33111123,23.55747492,33.73401454,31.56701291,0.031522807,2,2.165258738
16.2508891,46.43320711,42.28129533,25.09860689,35.1659131,0.466477458,2,3
16.29782966,8.453278119,28.21773998,36.99361209,32.92940261,0.74263013,0,1.044667959
20.5681836,32.43023699,20.31641926,22.41954272,29.36645834,0.351190064,2,3
24.46378653,35.67811784,29.7824584,23.04969077,12.86078408,0.24796427,1,3
19.14997758,27.74937755,32.72990883,47.86293876,42.84292526,0.39637956,3,3
18.269421,36.24043455,22.70551059,27.12736323,19.73997214,0.959129545,2,3
21.06689323,12.77395907,33.44194042,12.56998365,49.37801883,0.423162094,2,2.054846371
24.30448601,43.36845047,40.4865896,27.18386429,22.31860091,0.259638088,1,3
23.36927833,11.30115603,29.44127377,41.92861039,16.83521798,0.56924254,0,1.407584021
24.95483611,23.03655999,28.81612016,50.69927933,45.24128662,0.810743742,0,2.351828674
15.22568583,8.386592059,28.47026051,58.09683407,30.53363734,0.022332298,1,1.1955334
16.12858145,29.53449855,43.07736115,47.31102107,37.48326981,0.558101686,2,3
21.09467763,35.13856133,21.21895247,31.44258047,23.37794525,0.836312411,1,3
23.20576439,47.35497358,31.12690355,24.95596396,44.91119777,0.215623756,1,3
17.85244342,38.27012882,26.61498635,16.48149951,46.29763458,0.92168298,3,3
17.39211088,29.34963124,42.34517563,41.38432172,24.6546019,0.577695621,3,3
22.86975799,46.96776577,22.40130659,35.49416571,15.83257259,0.516726437,2,3
15.56381854,26.52965771,30.28606917,43.88507582,34.1452123,0.963661517,1,2.741819893
18.69382648,30.25425439,30.1704038,21.85665782,47.95629502,0.129651715,0,3
20.05809223,31.82443375,42.20986044,26.18220841,33.01009068,0.740141166,0,3
20.60348674,23.44908766,25.38733613,24.60476747,47.94000973,0.818571291,3,2.535819984
22.28615157,42.73172108,36.12238526,49.88259211,20.47135842,0.488556517,0,3
18.54845723,13.33291725,23.36015317,18.56149074,46.17855819,0.006475677,1,1.923110751
21.12684345,29.96789857,43.84939285,40.42360585,10.06550746,0.524336506,3,3
20.85375423,37.50049653,34.82537398,12.56775079,21.14754885,0.153511929,3,3
20.47616101,45.67892773,35.65641826,37.4763788,27.25120555,0.562570522,2,3
21.40483293,44.77632784,30.84433504,13.19569879,34.38996522,0.738618619,3,3
17.59449171,27.89331302,28.55706782,18.79382954,18.23626602,0.53107143,3,3
15.84648754,33.9422653,25.31691074,15.6512651,46.59076852,0.63080201,0,3
16.19271672,22.74069813,35.09969385,27.33626769,45.65732941,0.10394554,3,3
17.24582383,26.06799933,43.86404363,27.18657089,40.97014758,0.097045727,3,3
20.00197936,45.78196067,28.99477385,51.32096404,10.14631362,0.850940757,2,3
23.40442751,46.88167969,42.07892222,21.28437257,8.523092801,0.049329861,2,3
22.01293342,45.29363261,23.71940782,14.31933709,27.41591548,0.284299964,3,3
22.89040604,11.22668878,43.40315052,40.17558954,39.44046901,0.937696579,0,1.698836377
18.50975624,43.25378096,28.7621571,44.37253498,10.54561518,0.458867113,1,3
19.04653742,47.6763679,29.49318029,24.7411808,33.86468601,0.67453858,0,3
18.93681886,21.25623626,31.57105643,40.14070582,28.7534926,0.221690368,1,2.665739931
16.91873184,28.33908302,37.95610675,48.8028284,37.66952389,0.27051288,2,3
15.61216658,40.05928651,37.99133584,27.37764695,24.59188518,0.509000547,3,3
20.90916093,30.29351619,31.98971462,36.267692,36.19834687,0.638100048,0,3
24.89216683,49.70675848,33.07882248,17.33166368,12.18239022,0.960461121,0,3
16.66829705,25.50710143,20.75026219,11.18234005,14.6567423,0.574419971,1,2.843352164
15.4668482,37.127422,27.60741754,59.06839874,45.65003287,0.095969098,1,3
22.79531682,40.66660131,28.65042686,24.98654253,19.82187839,0.366919322,3,3
17.52586007,27.23451871,33.96818172,23.94510254,49.34776167,0.244167587,3,3
23.29643805,43.56427126,33.95749418,58.66225666,7.079206894,0.254401221,2,3
22.03936667,29.5769566,37.74749494,46.41167619,27.31441167,0.505387449,3,3
24.45673537,23.52428586,37.92568241,39.2648944,19.6244224,0.316666423,0,3
19.08927236,9.852065323,25.88026811,44.96616975,49.81842667,0.289308883,0,1.253565997
21.61969839,22.70361094,39.25467878,45.49632833,49.55156404,0.968018961,0,2.639877622
19.64854781,38.02714046,20.4900892,48.16679401,15.58594813,0.583958626,1,3
21.30588697,46.45788853,37.90404712,13.35946157,17.02655959,0.261778829,3,3
19.49598906,16.32557317,22.55152759,30.64157099,38.73524984,0.275869426,3,1.939924481
16.88632246,20.98559828,38.24120521,24.75651589,45.03534941,0.811028113,1,2.720187453
20.07897416,11.92824473,33.17795226,13.52848193,34.86636445,0.886475825,0,1.720233484
20.28584201,36.08253024,30.93136252,30.62994984,43.91190298,0.679031205,1,3
23.10603848,48.20847935,37.26665974,40.80867427,7.848160493,0.431446825,2,3
22.35520706,33.84284989,20.90927084,18.924884,33.82378166,0.764574011,0,3
21.63791624,32.76844385,25.58675814,25.25133719,36.50769001,0.937381891,0,3
16.13387096,29.90704687,35.41100356,41.9585411,13.56435784,0.166200567,2,3
22.20616291,8.980508331,41.18038517,38.96623288,40.00865942,0.861705648,0,1.450215186
20.00305156,37.82767219,29.52769092,53.43927316,47.49193264,0.848822618,0,3
23.94099536,32.09222946,26.46903682,49.56154848,45.40849215,0.366501962,3,3
24.19870934,34.7664546,32.96841089,58.28055261,16.02353381,0.291786109,0,3
15.55156591,45.44649919,35.55788131,39.85966551,19.57966871,0.565310146,0,3
23.2064156,40.27823542,30.50257579,44.92336832,27.4825116,0.272293779,1,3
15.3769739,40.14118635,41.91776707,53.02531294,12.12625329,0.145377305,2,3
18.67169626,46.7232696,33.08596772,51.99962224,47.92789234,0.953078906,0,3
20.42299976,49.54707282,20.89558969,45.9360821,12.27184834,0.49136579,1,3
16.48100799,31.15772294,25.57634887,35.01281047,39.26403311,0.472256084,0,3
22.46313813,9.899672721,31.26617577,23.66034441,20.3642668,0.126103145,1,1.732518115
15.08354704,25.66084585,37.44313798,53.8607877,30.8174359,0.504152865,1,3
16.68599048,40.44205159,25.49380609,48.83277211,7.122822098,0.742833015,2,3
20.8079683,6.247639614,44.40643599,51.8953476,14.22553359,0.248046304,1,1.462001867
22.14387562,7.559934726,27.96395645,17.03946591,24.99760572,0.368888657,3,1.333286367
24.16643103,8.022100207,33.31200517,25.74064391,35.47360478,0.178915289,0,1.56574611
22.05496652,37.89660912,20.47415962,31.24425189,39.99028668,0.355075713,3,3
21.7177927,27.55249829,42.12226804,51.91759862,6.356323299,0.86128155,3,3
18.94341146,21.60040746,39.72086634,54.64433364,11.86205972,0.237060071,2,2.819096252
15.01284426,9.752767037,24.88645011,24.24463571,37.84062824,0.029541598,3,1.547607884
16.20159259,37.95081126,43.33091728,44.32145836,41.58749416,0.536223189,2,3
20.34554545,19.44589147,27.89599409,13.89071031,15.64571873,0.579492255,0,2.445802387
21.75129886,16.93958315,37.30465721,30.4786636,15.33438712,0.328910724,0,2.468204891
19.17448284,34.35436407,40.47440795,34.33345539,8.961324776,0.641568742,2,3
22.30679012,30.15549017,38.52286153,48.28164074,11.7632289,0.037902027,1,3
20.21862295,21.30847888,42.9395696,54.59861184,5.360715135,0.340573758,2,2.845893878
15.74176196,33.86693619,41.60686901,26.86416179,31.54240579,0.14457187,2,3
16.92016251,17.20496842,44.86528785,36.3869445,45.67511048,0.229806089,3,2.737233947
23.39998223,40.76736177,24.56528531,42.37241112,11.73092448,0.382534375,0,3
22.24912747,15.31935276,27.61904503,26.43436145,38.81496485,0.493410583,0,1.941521205
23.94761987,12.14769629,35.90564669,59.27691066,30.81464088,0.093199475,0,1.772255675
16.17557249,40.20977343,38.32617965,53.78871898,47.29648517,0.101319182,2,3
24.90222535,36.85514138,33.36512636,24.82014144,40.91551351,0.674044858,2,3
17.09406714,13.21875391,21.84820912,35.39731155,43.37280602,0.404132403,0,1.494109711
15.11779876,10.23105887,41.03988067,21.54203066,33.76139686,0.176521953,2,2.087420626
24.97422939,42.72795898,44.0218589,35.72519595,41.51012538,0.23491708,0,3
17.81073885,39.9469317,30.1379211,44.16661724,20.78912766,0.720056248,3,3
21.68019453,19.72658182,25.62031204,14.27605464,14.40579177,0.051758853,3,2.65802861
16.76682314,34.61888337,20.48284387,53.50586024,46.06339871,0.508743117,2,3
20.80228532,10.58720839,25.9324759,39.68729342,38.04511451,0.360321241,1,1.346103148
24.04034986,27.81714466,37.49796937,59.48014493,9.081630362,0.811147145,0,3
18.20181167,5.842863143,42.78973469,11.27957536,44.01092875,0.790107019,3,1.502761541
21.70253976,22.62208464,22.33782666,51.57491755,20.7006773,0.689201632,1,2.146452695
16.87903589,8.367926966,33.83147968,49.59815241,18.42250057,0.384783738,3,1.276135293
21.24795399,26.38162311,37.38828121,16.6426256,33.04911053,0.63123627,0,3
18.36450352,23.97567411,26.90952053,26.76528175,30.58693862,0.639848746,0,2.706974238
17.11208259,24.9973262,34.24742598,54.23981015,29.22155245,0.332199872,3,2.932815449
18.13182051,7.039908592,37.88121065,35.92271475,16.46947325,0.879974881,2,1.167483293
16.78841069,21.27273536,40.94298108,30.06407437,48.18981881,0.984857531,0,2.698970062
24.01916108,39.04177321,31.31249627,55.27482161,47.75544157,0.314439971,1,3
18.97186886,21.6011468,38.69643047,14.66722622,5.187298547,0.801227301,1,2.902709783
17.45279305,37.18273787,27.54457429,33.65613915,20.20224331,0.500908266,2,3
19.48407841,21.62654256,25.32616867,42.6187049,7.049689883,0.463652397,3,2.348846631
18.20536167,24.04577487,24.68284365,40.42707195,43.26119448,0.386562905,0,2.62978677
22.44419254,30.37514508,28.9718183,23.21382272,44.89332072,0.292025316,0,3
24.71219912,47.78068716,20.89699204,38.16564523,28.32342277,0.919507862,2,3
19.38033657,9.898720099,27.07479594,45.42808821,42.78551155,0.740815042,0,1.067676805
23.610334,6.48111959,36.30557061,39.24427037,36.65121421,0.44070293,0,1.245503477
20.65863074,32.35807327,36.19797618,44.2231113,27.48082743,0.751564616,1,3
16.57235665,47.709369,21.83884516,22.80393697,21.37151295,0.718599689,1,3
21.90622742,49.53754096,27.18539043,51.64244751,16.98012614,0.267337502,3,3
20.13434497,26.78739113,34.23894162,32.48447685,16.67431118,0.176132301,1,3
21.50606523,26.06367295,27.96380344,59.36119221,30.29289729,0.836299191,3,2.526732558
23.89687413,34.02336968,30.4497006,11.16426603,12.50639719,0.811406213,1,3
19.40434571,30.00356407,37.82026893,29.01576856,12.86563443,0.996862672,3,3
24.01177623,33.53396259,20.23167074,19.02375262,5.467700315,0.019363297,0,3
22.50669014,44.32997415,26.9098386,37.78047635,32.59976268,0.540380687,0,3
19.88604926,38.58377763,23.55930609,22.16025472,49.74548835,0.701322751,1,3
21.03222136,27.35948263,23.19022957,46.87389733,45.01487189,0.582540062,0,2.748946911
18.25581133,25.78390066,43.97600541,54.09329312,36.7560412,0.710442027,3,3
24.835973,33.78207868,29.41400829,20.54421768,40.3486384,0.137261215,2,3
21.67351163,25.5067828,33.17721462,18.03388092,23.75837223,0.001516028,2,3
15.43846852,25.60007081,38.34554718,53.76785929,18.41357997,0.093032054,0,3
18.26621906,5.73376558,21.18618687,28.06359575,21.58827268,0.380059813,0,0.808916923
21.23314434,12.83288618,26.02556596,31.72918175,8.663993678,0.328933288,1,1.669049022
15.56333278,26.9831138,40.80369468,21.04847512,33.52078391,0.874003125,1,3
15.23884191,42.01940566,41.54976533,31.2657434,12.868926,0.083526274,3,3
19.5002424,17.5427153,29.32377302,21.56500365,39.3295195,0.442706147,3,2.294727521
18.3269018,28.51895449,29.37153999,43.29637203,13.5489408,0.957822438,2,2.919071843
19.38298608,20.52329381,38.92242193,34.94382062,15.26558114,0.502903748,3,2.748853365
17.6269331,9.716179529,27.37675567,49.4030223,48.07875377,0.132400088,0,1.323946208
16.64717747,48.12343174,22.92735203,25.6364058,9.742816041,0.291267172,0,3
21.89143357,43.46032416,26.43838626,35.27975077,27.44791427,0.626791484,1,3
20.14571116,8.532159101,29.68361829,22.97616615,7.820892833,0.011989479,0,1.606913452
17.00154211,37.39042681,21.30511774,56.72369651,9.067594644,0.968100326,3,3
18.19589426,20.6410957,31.96700636,36.09678339,33.5075163,0.566976829,3,2.4852202
20.91807908,49.76824132,38.50018782,18.67312482,33.38272684,0.704139181,1,3
15.72229348,18.60793339,32.84362861,23.63828296,13.69041266,0.498961108,3,2.469717576
16.47453009,15.74323004,21.79738351,14.14509821,44.26189319,0.9579242,1,1.680489372
15.73245604,30.55507467,31.00374078,11.39079978,36.59841481,0.589221052,0,3
23.12317333,42.58067735,37.7226152,36.2960913,18.52747623,0.661983692,1,3
22.52409233,13.66334923,21.45241635,26.85614613,16.17739511,0.860837563,3,1.382435225
22.53312932,36.92312464,21.49617974,58.18867276,38.94283639,0.861556657,3,3
22.16325343,7.763296241,29.26503508,18.56656982,38.01307659,0.028171349,2,1.552079421
21.69385424,46.35206344,24.8740991,49.69563264,11.69743602,0.283300877,1,3
19.76991915,8.648371227,43.36951978,25.79857211,20.71345319,0.246318132,3,1.929342995
21.42278164,46.14041194,34.53359009,21.1768693,14.7504761,0.006644897,2,3
15.38361555,27.08632623,27.18313499,58.48184095,18.23648882,0.876782551,0,2.591527437
21.21464423,25.16410008,37.61941823,50.12882994,17.94037831,0.31714007,0,3
22.77877706,48.79881858,29.37322628,41.53104457,48.9210665,0.346952736,0,3
20.0035836,49.567288,23.30289111,44.85605186,38.75951179,0.099622395,0,3
18.57513328,34.25801567,25.93080575,59.56907374,40.1023422,0.989721289,0,3
17.77426735,10.72036813,36.06868211,39.66037044,17.48404244,0.826251135,1,1.464596945
21.4280205,27.77765385,21.29690265,15.09502254,5.023718827,0.571862313,0,3
21.92801199,28.81233954,26.817226,13.24330634,7.617065221,0.771930356,3,3
23.709676,28.15008927,25.20778694,43.33033887,29.8849895,0.777113101,3,2.833408552
18.42334082,30.62713273,25.02837777,42.8800572,17.84665125,0.656731303,0,3
22.69772307,5.842612121,37.0690603,47.40868965,13.68295703,0.174011186,0,1.258804066
20.61355824,37.00522767,40.64542292,15.43893651,7.233841473,0.720314858,2,3
23.82836491,37.05774359,37.8966652,57.24511374,44.41467827,0.569617417,1,3
20.27812108,10.19613988,36.1431954,37.5579207,32.00573062,0.724071907,3,1.486772007
20.17629828,30.66077491,42.9112943,42.47777605,9.83179465,0.543453214,3,3
20.77877081,30.57625321,21.45980951,11.74261917,39.48818072,0.956337062,3,3
22.49315355,35.71026891,24.18707715,58.04871073,39.0121516,0.62702543,3,3
24.64690479,8.842896146,30.36017139,38.12959244,18.02316385,0.573680442,0,1.228159182
15.73563354,33.19264883,29.31129109,38.16815565,13.47921012,0.842788215,0,3
15.53434602,17.63383778,30.45129007,57.17776581,41.62918443,0.379236555,1,2.017030845
24.37550337,27.81513457,25.16137263,56.46750891,19.83041297,0.315793665,2,2.897653956
20.29875626,39.79955987,23.73758289,21.01492959,43.13426365,0.503168833,0,3
21.14903015,36.75406714,32.72983119,56.5549411,6.964322587,0.584467511,3,3
19.82423602,10.3506358,43.2013131,46.83106447,27.4680027,0.220482125,2,1.896555642
15.93657453,31.60331542,29.79923656,10.94503637,13.08178766,0.682281513,3,3
22.68089378,48.61024389,21.08383035,21.99215744,35.2420166,0.802374697,1,3
22.47224645,12.05462468,37.65418357,30.64900727,49.87461927,0.57731983,0,1.865451933
18.11703321,43.38081895,27.27762264,39.14112278,23.56299644,0.522963562,1,3
18.06239245,36.61466362,26.12737518,45.06648652,9.51397461,0.294642229,3,3
23.37841381,39.83014908,28.10645002,20.5105197,19.29529038,0.909583024,0,3
15.72357258,17.68812472,38.0953881,51.83502571,45.11779248,0.754499732,0,2.143058619
23.81105148,17.95500182,40.47048467,52.28576619,39.45924608,0.480286868,0,2.381515242
17.5666169,45.77087551,34.70140168,41.74994096,15.44952479,0.659106914,0,3
20.92984748,21.19244144,28.06196884,56.05469553,47.91194237,0.336879367,1,2.325656467
24.35994179,7.835692581,27.76195583,50.64912134,32.99845706,0.059817425,0,1.17256786
21.78122502,32.02685166,23.10770875,21.08118296,12.56222301,0.203927614,2,3
19.14429812,10.61679511,43.33252621,49.93384332,30.75449641,0.07948813,0,1.967014553
21.89534209,40.84683086,35.95348497,57.66010394,25.30745904,0.508175682,3,3
18.43979636,33.87858991,20.6743655,16.88032235,41.88639536,0.622063631,1,3
17.77258416,44.36269273,36.55917738,58.93489424,20.48720133,0.380446292,2,3
24.96683278,40.31767624,31.1788356,11.24963984,44.37402439,0.53015423,3,3
22.50790231,10.04511418,44.31394908,36.10836224,41.53866739,0.085434894,0,2.077841984
21.44719977,22.14818044,40.47672062,48.69465695,35.3571553,0.769958423,3,2.692116284
18.55289643,39.85521125,24.28289385,49.52190513,16.63732501,0.032782047,1,3
15.49160829,23.7803663,38.00277797,46.73362846,48.66483093,0.634425584,1,2.860246819
15.31056876,48.75644682,32.1391501,36.46756864,29.69000511,0.433346542,0,3
20.54181255,38.10832025,24.67612909,42.5482161,45.83812903,0.183803746,2,3
22.62032721,5.697496251,37.46849768,44.99660928,14.70784547,0.523055871,1,1.10720552
20.3737919,44.59935612,33.68468947,34.72696121,49.25202359,0.780948229,1,3
23.40785072,9.536215319,20.75934697,39.78424876,41.7226653,0.413522415,2,1.040996069
15.33426533,11.32356759,36.16469876,52.31840267,47.71520975,0.367709026,0,1.630808178
18.66752076,38.05215803,35.87467725,25.64395106,14.55645795,0.142460386,3,3
17.37070391,43.92358517,23.60212903,36.16031635,24.37961354,0.594575986,0,3
19.47272968,29.13573326,28.72469317,10.42398605,9.393526483,0.828013714,0,3
15.72376393,18.00723798,34.64747427,44.37181999,11.1636323,0.56134155,3,2.231250632
24.54131642,20.80919954,23.46957535,19.76927323,17.77813986,0.165087562,3,2.583002619
17.23255401,20.43001983,41.31808445,34.05006269,47.82315472,0.66122783,0,2.749156923
24.22307775,19.70051467,20.68715116,20.51026081,35.02362565,0.030141765,2,2.439449682
19.25893155,15.93093523,22.57093537,11.17668573,19.15845382,0.838053948,3,1.814664204
24.85524133,32.39901926,22.902673,34.16102758,47.95579935,0.921495184,1,3
20.54058383,45.51823934,33.20267815,31.24168033,38.2879133,0.59703649,0,3
24.30832864,18.81870859,35.5028503,31.25747568,45.8140556,0.881780001,1,2.311834445
15.05348989,13.40124339,30.09351991,20.440308,46.72493572,0.084505579,1,2.096585799
22.48238806,42.73599499,27.21667069,57.36022949,38.78463875,0.228344494,3,3
24.03050653,38.38024989,40.23293439,10.17535759,15.94100434,0.317260637,2,3
16.39720567,46.88766642,21.70714959,54.5772725,49.84650298,0.773166707,1,3
15.96125852,12.4483881,27.00729653,46.84509616,19.6290878,0.484239845,0,1.434511144
19.24572607,11.49130914,20.97788947,18.60360168,35.22675873,0.348347462,3,1.488184148
24.33678906,29.36432274,20.34725337,33.60959932,43.01652627,0.158069699,1,3
20.4238656,32.64951447,28.83449717,59.44250408,12.88179475,0.810642994,0,3
20.27456464,26.60780488,24.87059156,42.18491185,32.4068756,0.020523421,0,3
16.41126118,31.95349863,26.70914637,16.36883619,21.88277496,0.337270466,0,3
15.00789511,13.1170896,40.52367894,32.88211194,15.99300813,0.242775605,1,2.212289336
23.10140091,26.58261894,24.07450241,33.41015483,5.529731574,0.129010347,2,3
15.87574563,34.61416524,39.50583418,50.11316664,44.23883287,0.172041498,1,3
21.33849819,24.47179022,36.87626558,55.80814664,11.11466963,0.493797056,2,2.87140788
24.14616455,35.57513011,28.16113813,14.11207716,44.51527223,0.426056495,2,3
17.08651913,25.30360762,33.66390363,25.70186435,32.03107695,0.518369203,3,3
21.65272836,20.01198114,31.11089024,24.92190634,32.94749995,0.72762037,3,2.42519854
15.78698577,18.66222712,23.20988289,59.80240625,42.28933074,0.892328764,2,1.595697031
21.03755144,23.49059265,42.67963304,37.96135583,27.9248516,0.118462072,1,3
16.63931721,6.039033021,34.24044919,53.99157481,21.07780557,0.082677858,2,1.163996931
22.35953561,35.08363123,42.00600114,31.30164247,11.24630078,0.320354655,2,3
18.01231295,43.02975384,40.5956628,46.13615752,30.66869215,0.54630115,2,3
19.63391009,20.95821925,21.99439813,24.32928212,29.89251744,0.09988735,0,2.535732033
20.99430542,7.071491126,25.18176665,55.58930117,18.22534186,0.715971784,2,0.63266243
16.71273411,49.40490188,23.63152786,32.75731205,32.00256165,0.556094218,0,3
22.41637819,16.8664215,40.76948832,50.18627487,24.77150987,0.748461305,2,2.169531693
18.02640341,10.69795048,41.56116566,22.79084417,41.24885693,0.357913802,1,2.048301893
21.6237186,21.63886286,33.19928775,44.6802171,30.17688159,0.401096568,3,2.623178756
16.58283051,38.23506683,22.60445181,30.25792022,47.01553639,0.807571566,3,3
21.88117659,18.22624686,23.39041546,11.57197115,28.30923358,0.267009457,0,2.353080762
16.28188073,30.86164418,40.33872031,30.65041269,44.93728864,0.381416928,2,3
19.25356496,23.70019975,43.22975341,37.50108209,28.42363121,0.013493001,1,3
17.47206074,10.29937965,24.98689213,17.5880807,30.11156616,0.555320773,0,1.409293176
22.48375249,19.86291556,20.27843941,19.19565526,21.5063598,0.8514638,1,2.044551084
17.62035005,37.61917276,28.27382263,33.24313992,23.00761056,0.027891287,2,3
23.81717306,32.54017538,20.76248474,27.13648562,46.98956693,0.613789703,3,3
23.91820211,10.39002709,40.6993729,32.0370269,15.04770809,0.845448533,2,1.652553937
16.96441315,12.34950844,32.28780643,33.04134947,10.46559748,0.493931885,2,1.733831621
21.13845945,33.83300117,36.04651947,17.00380219,42.35949103,0.313021641,2,3
15.87717642,41.60369364,30.2871219,19.05972876,30.96098599,0.996583813,3,3
18.915371,20.72635232,28.63768868,52.40826967,17.80912915,0.064831226,3,2.470726545
22.1332173,31.78898383,25.55501033,18.13593447,24.45800991,0.21042348,0,3
21.59423247,12.67896149,39.26331368,43.29571665,28.6207352,0.885244615,0,1.701093798
21.24700669,19.01193516,37.38868961,30.92640234,31.64631156,0.29730687,0,2.689565711
17.82540864,5.912159255,29.01822461,58.4118343,41.94729603,0.819846661,3,0.564448406
18.78024949,39.57241765,28.02790336,13.30521809,22.74585474,0.333201294,3,3
16.02946145,23.04544189,20.03107197,51.5194433,35.4426401,0.811980955,2,2.051061677
22.1902282,41.72565081,21.58880325,34.57246156,42.56451382,0.685728765,2,3
20.03888797,36.87678482,35.58138812,10.26761854,42.96980552,0.468522437,1,3
22.08765632,42.29349196,32.86518276,23.18301095,16.44103423,0.522945327,1,3
17.48943525,17.85464013,30.87008011,30.38484263,20.75778699,0.177659548,0,2.421788483
18.24438229,13.32989287,40.68755602,25.70973767,31.77077154,0.115883949,2,2.374201803
18.34215337,48.73575572,32.59745511,28.1224732,44.85975761,0.71694279,2,3
15.2574241,37.27975042,29.61233954,55.83359546,40.5700739,0.848573181,1,3
18.41047873,42.53190206,24.03140869,28.04670162,31.27833056,0.721970805,0,3
23.03304574,5.591001817,40.51720021,30.94146897,49.26801338,0.912864706,2,1.143826479
23.97298496,20.95077291,34.40620625,48.05657768,24.75442532,0.890078414,1,2.316345849
20.18218316,38.42675108,22.31149915,49.69167829,42.9102757,0.778187279,0,3
19.55501695,8.509227485,36.22245995,14.20448259,41.8289171,0.89812692,0,1.467229794
15.30824619,30.53029683,30.62676864,45.20350173,45.86172403,0.167223604,0,3
23.79204338,24.30827454,40.28465559,34.12859768,49.44552598,0.731361067,1,3
15.13010213,5.792742821,42.97286492,16.69269466,27.30635139,0.753676603,2,1.467937865
24.4475008,15.61890097,35.01164533,23.2355282,13.80333419,0.153976575,1,2.419601372
19.89216249,17.81563951,38.29032048,12.25177487,25.74029106,0.909583272,2,2.480598582
18.41934494,10.03369759,21.41477119,28.01185944,43.42481946,0.008785235,2,1.432684253
24.24218435,33.41916094,34.00638638,22.77032202,42.62479854,0.434604996,2,3
15.24390993,15.90790443,38.88349946,29.10516987,20.11864584,0.02147905,3,2.585115868
20.81424895,17.49287748,32.41905374,39.01702738,7.128806313,0.523357846,3,2.178073676
20.48932524,45.42073692,34.83875224,46.6169776,27.9428944,0.412156154,3,3
17.19320401,26.02053917,42.47370464,40.26759933,26.33454181,0.623061937,0,3
19.28887431,22.64576661,24.9524893,43.91886511,8.859379,0.766444118,2,2.273915595
21.52264006,37.57419672,22.45616269,53.28195603,40.77004801,0.768575229,0,3
22.27131197,45.93262086,37.26609033,53.69122217,17.76156233,0.7222216,1,3
15.00716859,6.126635131,40.57122264,53.03596742,34.05884415,0.101877442,2,1.383739206
24.3685343,25.17074809,41.26225471,17.65844577,9.566953819,0.417438526,3,3
16.64525372,32.48516102,36.04111243,22.55345668,43.73164278,0.815950498,1,3
17.33580434,19.33533942,40.83033545,35.11626525,38.26735264,0.654300181,3,2.61623238
17.63473446,39.7583475,37.51660514,27.9369647,22.4790219,0.681027905,1,3
15.37820137,48.71646816,22.1844229,16.58344841,33.32700272,0.226926032,2,3
16.23052124,47.45423148,39.0510877,24.38751173,13.43542517,0.325059861,2,3
24.86349923,16.96921427,24.48399224,58.77143808,49.34401209,0.955811211,0,1.447434516
18.15216737,15.18522253,25.91523356,27.34633777,40.82486189,0.846925257,3,1.685437365
16.1530109,48.0870739,29.86626567,30.94570341,40.50230014,0.164921737,3,3
16.06991261,25.63828193,27.86417666,10.32007109,11.90210979,0.544693071,2,3
22.19459968,14.37339754,28.04129346,45.97074399,5.79800862,0.490507267,0,1.667088462
23.54568664,36.81486336,24.23148811,30.67750328,31.34171155,0.443659859,0,3
17.569523,17.79891458,27.34677618,15.15700314,11.48542753,0.470613571,3,2.304573846
15.20909512,17.02611388,20.49156475,58.42783692,40.11950554,0.64288851,2,1.479940922
17.23090018,44.56620694,31.82277367,48.87166063,23.72342631,0.967149417,3,3
15.56515691,12.3115619,39.21477397,46.30750447,20.2367412,0.875325339,2,1.637577608
16.03394937,7.897682591,41.55618423,57.89361674,8.314216811,0.875126404,3,1.158475031
19.3150812,17.11338981,40.51071397,30.37400423,49.8229286,0.703376733,2,2.406267704
17.29918371,32.31254358,30.41144297,45.92667701,48.02048512,0.017587634,0,3
20.15945879,10.5389534,38.26066203,20.31039487,10.92186085,0.440460533,0,1.905916526
17.53493753,26.22176025,27.19726935,44.85602737,19.97652219,0.511126235,3,2.824628279
24.40537301,33.23016997,21.38906182,10.70395461,22.58543921,0.842491305,0,3
24.05943968,43.19316467,36.89928813,16.31526902,18.35604852,0.922842061,3,3
20.66806105,15.3441316,36.21990412,31.26294593,47.05108518,0.451545885,0,2.203340896
18.54423992,41.78058455,40.04073489,10.60463474,37.46038231,0.300459633,3,3
18.81146882,15.57078175,35.40265517,33.09829277,48.01623825,0.337354702,0,2.237506402
19.11852283,35.45449436,23.92229062,36.13958745,44.35274311,0.578662256,2,3
22.27579322,24.38031072,41.3290598,41.08032988,38.95436838,0.274971957,0,3
19.51638996,10.16065591,35.6813197,15.01933385,36.36351982,0.910738726,2,1.599880213
23.56729947,37.14185583,40.19024248,19.05059566,43.97731209,0.418651981,0,3
24.44094786,14.79931783,39.35267801,40.66416854,35.78674536,0.990064168,0,1.890013948
18.35946153,12.94805417,27.44661218,42.90938562,13.49239095,0.109515247,2,1.72584101
20.60694481,21.12453179,21.86382437,11.29501141,34.16569324,0.187879234,1,2.634357593
15.95056537,34.39806101,24.41261023,37.01836811,28.1750738,0.511590686,3,3
17.00469048,15.52984155,22.32155836,49.2490866,49.18526047,0.868305373,1,1.370392547
19.13465767,13.26476925,26.0853108,13.45504389,27.94844962,0.35395311,0,1.884460291
17.06202716,5.447913157,31.48830683,30.65864326,6.730474242,0.837467874,3,0.869081173
23.76560491,26.22393937,42.67026512,26.32556365,16.88852798,0.425452586,3,3
16.58286256,24.28905062,41.8004689,55.68328127,46.28217922,0.852992035,3,2.838925195
19.55660822,15.52404846,37.96499538,19.29011966,48.30603487,0.27743143,3,2.48628778
21.0569924,7.41434738,20.60280899,25.91802066,37.78243595,0.471891748,2,0.933068957
21.91863908,24.31651436,28.53473003,54.92223725,7.558875445,0.278731316,1,2.694221073
18.8306937,40.46923,37.05871066,26.5326653,6.059362449,0.215223526,1,3
23.69099069,37.18769591,23.22572242,36.56737203,26.58177513,0.42114572,2,3
20.68319151,43.73577004,40.02719625,11.65176686,49.9852538,0.334706752,1,3
19.3950778,5.431220947,42.864342,59.24512181,44.11835319,0.787146956,0,0.985908798
15.67240634,48.48886926,28.85261117,51.24733539,46.98984294,0.747638557,3,3
19.64689468,20.36355137,37.64607655,41.72004724,33.05936772,0.358553403,0,2.694747181
23.20735841,49.56790082,23.70510332,13.03776365,43.66061277,0.992273961,0,3
21.14541018,16.36787573,37.27041123,13.74349807,19.38642685,0.973837815,1,2.254780726
23.32162454,26.21913744,20.53638531,37.24868154,6.231380155,0.917833478,2,2.475056367
19.94011671,20.92674545,23.76928767,24.25322181,46.32127827,0.586507993,2,2.349197919
16.18461705,21.00923217,37.74703617,41.13947238,14.82937811,0.412310742,0,2.741607662
15.13639846,42.90269444,37.79625557,39.90962409,37.78188597,0.313022949,3,3
18.03219547,38.58885229,36.02906765,51.93256991,34.65352917,0.015032069,0,3
21.97990471,49.64681459,31.93410061,24.06885304,12.11735968,0.631806732,3,3
22.90259904,32.60816072,36.87270228,38.89317622,13.81005484,0.55316191,3,3
17.95752835,25.8465472,39.34501996,48.86816594,19.80826166,0.629871516,0,3
19.95653921,9.053323833,44.16204148,34.53864932,39.06187938,0.575954912,0,1.744036483
19.21118904,49.84526388,42.21602579,51.53218325,6.765991011,0.137715941,1,3
19.10522784,29.81887938,39.86335506,16.56381008,23.31809331,0.69537939,3,3
17.31348713,36.52148614,37.36893792,46.69488826,34.93009428,0.360435775,0,3
16.36371105,23.30340742,34.35388864,57.14910458,12.71619257,0.516294833,1,2.645831901
16.96688558,29.64720687,23.01522058,26.59416605,10.37377727,0.365653774,3,3
15.55332387,47.41599794,24.13892105,28.31682212,22.55955085,0.02199987,0,3
16.98130742,12.48887471,40.50698902,14.17748386,17.8951648,0.876553821,3,2.019068689
15.09200898,18.15676629,40.08282281,42.07463898,34.20930489,0.148733443,3,2.656657612
21.27258401,11.84268775,35.36147315,37.62253628,48.63058414,0.582173063,2,1.695672652
18.16375407,40.64971567,30.97100332,12.01728794,5.201102117,0.883131014,1,3
24.73144711,7.792036719,20.65081625,47.61060135,45.60709606,0.22132925,2,0.880793575
16.93717051,8.673424243,28.17942356,51.46422479,24.49503664,0.412014733,2,1.086006929
18.4582857,18.43223508,30.51599144,55.35598021,34.88034782,0.377731982,2,2.117997429
18.57841159,28.13846814,32.14540715,37.28670431,43.29621648,0.08922048,0,3
15.08451496,23.28236603,43.23311496,32.62900175,30.80563975,0.423517271,2,3
23.39207953,7.01673398,22.717735,53.80685773,9.379032224,0.479478486,2,0.681123411
15.3199446,48.0871201,32.97167299,29.93484095,11.32678291,0.026597332,3,3
24.40179835,47.87912842,29.19805742,42.77215626,40.5176019,0.488143757,2,3
23.92074351,17.57103455,44.75245298,40.76811282,15.30942041,0.093830128,3,2.794255695
20.35521916,37.91865269,41.54660041,28.60805499,30.60669273,0.892462659,1,3
20.43595575,31.03589351,30.96964636,14.34449688,24.26362306,0.650157748,3,3
21.53777923,15.68645128,44.99239023,11.07077693,18.66375423,0.056426933,0,2.929470233
18.87050012,16.79771983,32.85158116,31.41188703,40.41354039,0.827043018,2,2.047184309
21.47222283,27.10189284,24.17794491,34.06007874,37.90474935,0.361599449,0,2.994720269
15.44768389,23.86566237,33.8968673,51.13391341,34.0748998,0.225617139,1,2.89231411
15.54047627,18.10531977,25.65514415,30.7205825,21.77021158,0.253921216,0,2.231537016
19.5723042,41.33802183,35.907821,24.05799374,15.19116458,0.597718587,3,3
20.49622301,26.66583129,43.43600437,33.1048234,28.21527279,0.081552935,2,3
23.8781764,34.46816281,39.65496442,21.89952402,41.76968451,0.058745136,3,3
16.04660634,13.51730751,26.82909226,14.56803056,30.90492367,0.627513047,0,1.786596997
23.22647927,29.00784481,27.42146562,15.65215168,48.65628394,0.981909469,3,3
17.10047337,19.30892223,21.73220508,25.95772299,5.694686963,0.483428414,0,2.154007621
18.94083649,28.68861247,27.14669589,10.63382088,49.92560516,0.413283327,0,3
18.16602435,40.1371625,22.31561999,21.01016433,36.11340709,0.947197703,0,3
19.00155273,39.60109445,32.48621798,49.37615705,42.47033077,0.240990581,0,3
16.50495498,20.93993051,37.70867699,21.73085962,20.07285655,0.240541033,1,3
20.03570074,36.24247027,38.77952904,15.53647555,27.87535976,0.905116113,2,3
23.0164259,47.35804777,21.48823081,57.454028,40.86451615,0.64693118,3,3
19.4153401,33.15511985,28.49889746,41.12350582,39.22922626,0.053783788,3,3
19.90613576,11.67845555,27.20429416,13.00129747,20.0315493,0.673977408,3,1.607653682
23.48767585,35.58688832,22.60750807,13.11219832,19.59846058,0.820031541,0,3
22.06058115,9.720697386,29.06178277,40.60610628,34.82650413,0.273953318,0,1.397758109
19.90454409,44.2449684,27.48300273,37.0064401,47.01466317,0.382892874,2,3
17.57695648,28.24972231,35.86248073,13.41873862,24.74536958,0.197676618,2,3
23.84926747,22.33133313,42.08256659,21.21577375,20.88238097,0.633346269,2,3
20.77020402,7.565296759,31.37104302,56.45214572,45.26091663,0.664194869,3,0.905612218
17.2114761,22.13526806,38.66662932,38.60054052,35.73752277,0.068535831,2,3
17.69119753,45.64430006,23.65025918,32.01626991,22.47241909,0.677704651,0,3
23.03133089,5.944234833,42.37415947,22.5077706,7.577430388,0.658454584,2,1.452590467
15.44145562,26.3591671,23.81486846,16.68490212,37.46701724,0.035134458,1,3
24.92092187,46.9021141,24.80252951,30.13158421,20.87989208,0.555370076,0,3
16.3035168,22.76784499,22.66159509,56.11832797,8.1754789,0.613938434,1,2.164018505
22.96068525,24.26790594,27.74198754,12.43556978,32.55300893,0.430155657,2,3
18.94775317,31.03520248,33.81026117,59.5489408,19.53530917,0.901317176,1,3
19.92216183,25.83218001,44.69985279,20.39063601,20.23054287,0.328369319,0,3
23.80650577,12.58707611,39.83420087,30.43836802,26.56265588,0.067178372,3,2.24854144
19.1291119,5.834999258,29.51089507,12.25256541,37.28636453,0.671852995,0,1.108744277
20.37493754,32.44152461,34.39615145,39.23911016,17.43487149,0.605220252,0,3
15.49299662,46.43629642,35.58270077,34.17776327,8.64256621,0.989058511,0,3
15.02347474,9.786385986,40.56818053,43.33535174,24.09915746,0.231308281,1,1.781903625
17.44799873,14.49287237,38.41129464,37.13390636,7.47164404,0.395494386,0,2.160577468
21.80583093,21.66032686,34.23227817,29.90888923,36.37708295,0.461179797,0,2.777429835
16.21264893,41.39340031,36.72957568,46.88783489,48.16595606,0.861507887,0,3
16.13761959,17.11671424,38.64794027,11.25105639,34.64414634,0.414567992,2,2.68014154
19.10960608,44.69244819,23.32860148,37.05145104,17.39257024,0.772148325,1,3
21.47837039,7.473104359,25.01138653,15.69381019,13.17660744,0.156942727,2,1.345613855
22.12071992,47.34304796,37.21460722,31.80041665,15.47526071,0.409784394,0,3
16.78450674,30.2336185,41.26063905,49.55626584,14.97245014,0.154977448,2,3
15.79588147,34.64499553,30.23155707,17.12303731,19.12237277,0.949678865,3,3
24.40397034,21.54602851,44.49725806,56.79051744,9.380600516,0.177757304,0,2.98106096
17.60666383,40.18974285,25.40179332,54.42523462,45.30735759,0.419072734,2,3
23.53346498,12.49548125,30.41748205,30.74525354,44.83042229,0.082260723,0,1.914881297
23.6349145,7.201032138,29.46307609,10.29874204,32.68563141,0.921383522,3,1.138526569
22.72522592,22.79826244,43.25739852,49.48724133,7.786416509,0.623818767,0,2.914957731
16.68833607,43.41630713,27.13446294,54.04479017,41.18003333,0.962456263,0,3
23.21801459,38.97170765,31.76976945,18.73690462,7.780486268,0.042271635,2,3
22.69250559,28.27201867,24.68084599,55.80961044,9.788955069,0.174978509,0,3
20.9672299,30.74619862,33.03165596,55.70486386,19.63833767,0.380048827,3,3
18.37202035,10.84517718,41.43510424,33.56454255,24.41616429,0.621359902,3,1.819362483
17.62508604,42.83066789,27.60098655,49.90174054,20.92500305,0.329517673,2,3
16.21889212,40.41318573,40.2698018,32.24739891,12.43534014,0.71187402,0,3
20.09757067,34.54116772,42.78278955,38.2023133,10.0458373,0.165129547,1,3
20.85260876,25.97859663,21.82394724,25.99195049,43.6736852,0.600636559,0,2.765086787
18.59338991,48.40066707,38.91061341,17.97346727,21.34315517,0.397966178,1,3
19.75359068,44.55643873,26.3835859,47.32682919,14.83697202,0.508240979,0,3
18.63514457,33.99937221,24.38319156,10.06964223,26.91461105,0.569633061,3,3
21.41006057,21.7310449,35.0280598,38.97763448,6.657053024,0.05989588,3,2.920982198
24.01259208,32.81100254,37.64006541,53.23430132,32.0126532,0.924024261,0,3
16.63920262,30.89484169,29.86902464,21.06386434,16.18203141,0.786091835,0,3
18.8140881,22.74088945,20.97934268,26.64497284,31.91883864,0.442455789,3,2.485722745
16.40868604,18.80032873,42.7176131,39.37429264,32.6356324,0.547469498,0,2.636475634
21.2494377,23.31548565,38.26867292,22.34351233,41.41508861,0.032535603,0,3
22.28870509,30.82601327,26.79167017,52.37434287,15.345714,0.497947334,2,3
24.31912733,24.26606801,32.42159639,28.33015836,25.85590874,0.426315941,2,3
17.78871926,16.86085197,20.69481975,39.08068599,48.28493022,0.374485267,2,1.797863029
24.50211206,39.2433493,28.48206955,21.30605738,37.72061798,0.815352134,1,3
15.63262672,28.91603732,33.06338089,12.06931685,48.89047136,0.181924375,3,3
21.03013863,8.045382345,32.93059038,18.6850133,46.73145709,0.17631025,0,1.627219323
15.57132719,21.57424275,25.20462195,12.30994688,32.48368686,0.521677826,3,2.613639958
23.93774188,44.82110557,39.41868415,33.43019498,16.87686601,0.687143829,0,3
20.29809057,38.9856439,27.47155396,39.33186955,39.06158705,0.02244053,0,3
21.69348351,19.54610528,34.51025058,12.23376038,36.41536606,0.54584049,3,2.709694365
23.31573926,47.21824184,26.78805564,14.52411108,31.50005542,0.298699129,1,3
16.50310622,8.447130876,30.62919682,34.27625134,36.40231528,0.756881518,1,1.144483043
15.38591562,48.25556168,25.18786563,49.95899661,32.61138865,0.468871907,1,3
23.78881146,16.05672916,35.82519481,41.40045895,28.37205604,0.834075265,1,1.968803855
18.14933227,5.409238114,30.639609,15.23551101,23.71799668,0.396975976,2,1.211401014
16.28978908,24.52136164,20.40293261,54.37711369,7.011876856,0.827089549,3,2.174918007
19.68461237,21.15366934,20.70412485,55.87251174,43.95595636,0.716507084,1,1.888525769
20.98306076,29.25900523,31.77835796,26.24784139,43.94932622,0.828257387,1,3
15.30970603,40.85477873,24.58064667,40.80088959,31.7321294,0.812420463,1,3
17.74895658,42.9093861,34.6260512,34.61635751,17.05479373,0.486364418,1,3
15.32799874,23.05534998,30.20479454,57.10118843,6.265896982,0.368091408,2,2.557303895
19.20335389,24.34305847,36.36049589,35.43742665,5.064296188,0.765144841,0,2.909375689
23.95100029,11.66799786,43.80987935,57.99829069,8.280832538,0.361524077,1,1.866384153
24.82652411,7.1396424,33.21840337,19.96712753,21.19488469,0.08939657,2,1.576874792
21.37047554,33.85467456,39.68446509,27.27683788,13.47781757,0.858844647,2,3
16.61637694,7.89969315,38.82602491,49.067262,16.92761385,0.397198237,2,1.394898407
24.0584939,38.02235537,43.04477761,49.18053678,36.48471698,0.132603951,0,3
20.16247823,29.25905653,25.35044668,46.6091637,48.16173985,0.646476813,3,2.981590499
16.53749312,13.93623402,40.68317427,52.98057323,14.30491294,0.889773248,1,1.775036855
24.21726669,29.27853246,42.63800946,45.12730865,25.95397704,0.860965521,0,3
22.57469051,13.23489725,29.81907452,41.80425722,49.61657307,0.554446821,2,1.622192893
22.31705273,24.74317434,27.84540486,32.94625065,46.92534792,0.088071117,0,3
22.09180704,40.98021423,43.80089774,33.35438717,20.85423364,0.696603082,3,3
17.00339821,25.7863682,35.69082055,30.30807466,19.38600711,0.6088287,2,3
17.11006692,11.69146932,29.51691213,41.01058999,15.89767882,0.210148339,3,1.637863934
21.88292998,37.57229068,39.79569302,30.33319646,11.99312824,0.900540256,3,3
17.1972275,13.40457873,27.61184754,17.3747157,25.70234356,0.086667737,2,2.043771766
19.38671697,38.23474435,24.41018965,15.32648081,20.3504231,0.373038259,1,3
22.82001826,26.57085301,33.59924089,56.22361376,38.51769172,0.094533053,3,3
22.83952518,25.41837916,34.15530112,11.23694538,15.65899267,0.911944857,2,3
19.53261773,43.3145767,40.64366206,15.27336309,38.13495076,0.035384129,0,3
22.92189938,36.8871586,31.42568388,32.26524373,17.96659637,0.425764777,0,3
23.38621796,6.480985863,40.36466349,23.14631335,31.67279531,0.861778687,3,1.331234892
21.54775751,18.32784416,27.78306698,30.29244502,33.72935434,0.251382339,2,2.330271029
17.28425852,44.19142974,34.38420505,15.87236908,35.23016415,0.105012271,3,3
17.7401178,5.824677585,25.21181947,16.54534684,12.89025437,0.127004332,1,1.193906107
18.14841155,29.53640508,29.63614877,50.03289544,17.72201164,0.404935094,0,3
16.16804108,37.75215511,41.43849245,47.95543721,16.07520584,0.428581859,1,3
17.7315962,32.98352385,25.39970484,15.21264329,30.9272185,0.718076937,3,3
17.09519224,39.22394909,40.25598657,43.38952074,8.408588102,0.237928664,1,3
19.5532875,37.6561332,27.07179145,40.46556617,28.32154025,0.70183968,1,3
24.08437548,36.14138128,20.86224299,45.66813613,8.936017504,0.998975979,3,3
16.04480317,41.96929374,22.74836425,33.72244523,20.16751955,0.864250873,3,3
22.20267924,34.05608008,38.64698863,23.49934138,35.90177418,0.635574341,3,3
21.87283004,23.10883224,26.55177316,43.18395847,23.56538248,0.939912501,1,2.294146494
15.95754199,26.23590995,36.35363981,28.56787133,17.61538277,0.991109172,2,3
24.22572405,37.25261522,37.47997257,20.94764505,32.71357292,0.570273891,2,3
20.68472202,44.43377134,28.62796161,30.43145069,38.31211006,0.273630126,2,3
18.63725521,17.24984604,31.87297468,48.16349178,16.45632206,0.91498326,1,1.848290546
22.56538583,20.39345582,30.09417726,33.78965983,18.47299555,0.844194776,0,2.282490838
17.57365458,46.88327284,43.68372491,24.99321317,33.81322626,0.084611262,0,3
21.93509837,31.03303066,27.99872156,51.59343074,48.43504671,0.936374702,3,3
15.39711208,13.05328177,24.58307606,54.08218776,14.62421915,0.366219837,2,1.400832249
23.39408038,34.86628125,29.13982107,31.66252119,34.44114361,0.322085909,0,3
19.48170847,49.584297,36.73789269,28.73440104,45.79654285,0.343269357,2,3
21.36692914,42.0554104,37.43406726,40.63494735,25.78850443,0.320018315,1,3
17.2123782,38.55835114,43.10143288,12.8987223,19.25799019,0.51602518,3,3
21.77073713,14.36209944,42.04386212,44.56615803,35.00919793,0.579773722,3,2.102123574
22.72240276,44.42629031,27.20801301,49.11438027,6.414431292,0.425635437,3,3
19.73213187,28.66049796,31.37908122,29.87209636,21.20722477,0.412578957,3,3
21.17726924,45.01805099,38.6817247,18.7307925,16.60883121,0.737313795,3,3
19.56325924,19.84225232,42.91343202,11.44091876,15.10797663,0.003027538,3,3
23.94091369,7.792297369,28.42912532,41.86227997,13.08916686,0.946886462,3,0.834801217
19.97869181,26.41891859,31.11103585,23.44967033,38.16784857,0.714433656,2,3
23.41808709,17.14269222,42.48695676,33.19447936,47.97949079,0.707252529,0,2.444930056
23.01352058,37.18531804,28.96209683,29.31777608,22.31467904,0.421963366,2,3
19.10504821,48.06979488,32.01282465,18.7442398,7.209648811,0.965786822,2,3
17.30084492,36.0938368,42.61260353,35.41843342,37.35103162,0.000323232,0,3
19.06082133,44.91202684,40.05608045,32.97967614,29.21919505,0.07648141,2,3
23.26217376,25.38608061,26.08577313,41.20738114,37.56400762,0.804064303,3,2.594027869
17.27632536,39.72383317,28.11987664,22.59424973,34.15568739,0.738700881,2,3
20.24436346,42.93695465,28.82396819,20.73195399,45.74461914,0.271355496,3,3
23.06096748,36.98940324,42.81846184,50.71725299,11.31980867,0.59475988,0,3
18.53477475,27.84997787,44.97334343,45.10961225,12.61228304,0.532052851,2,3
21.42209637,33.16397493,39.35010755,48.61032258,20.37061508,0.527114744,1,3
17.45631574,36.52281481,32.10815756,16.16449059,27.11249672,0.595561304,2,3
16.09279445,16.38879814,20.25434545,21.20198217,46.65712015,0.993735297,0,1.605137193
22.94384225,41.43106674,37.43720141,38.77657581,45.81339032,0.987344943,1,3
15.98968623,47.76460425,29.73402911,52.86006734,44.23424537,0.981681694,3,3
17.71381395,25.93576918,35.82466176,54.60573216,15.01371203,0.548684391,1,2.967332793
23.55109422,36.54802324,35.16734909,51.59549811,37.83543697,0.318093893,3,3
18.46469287,38.16616576,32.02080141,12.1698973,22.25712848,0.560110038,0,3
24.7304535,34.80113964,43.60968494,51.04395923,46.90323174,0.622688493,3,3
24.79734335,29.62017987,20.57865863,54.95455888,14.65411264,0.311438069,0,2.942708652
17.6827602,44.67415796,37.80331211,12.83745451,11.35660789,0.632775915,2,3
15.40978222,25.20170192,30.24599671,30.81404469,42.90733286,0.621994274,1,2.909232498
22.05063284,7.749633042,37.84476126,36.83051616,37.26084178,0.903471412,1,1.216414478
19.50986503,43.00503691,36.88049119,21.63751864,41.96397552,0.237603638,1,3
16.00752844,35.32915725,20.25595006,35.8342828,12.10745245,0.697609826,3,3
22.07522819,43.21663819,27.13346238,54.2977894,44.81567095,0.450761373,0,3
15.31174909,11.23463491,24.72728801,53.34712532,35.49291605,0.129915675,2,1.349277334
23.7019669,6.383882323,24.17465882,56.99186406,34.32023613,0.316182673,0,0.716200216
16.38652529,47.04685432,38.2119171,34.20548992,31.21627384,0.057277034,1,3
16.27311879,11.64777376,25.98878373,30.52834726,39.41944185,0.319332832,3,1.566120279
16.75672298,41.43435494,31.86844037,43.28939095,23.70237412,0.069013647,2,3
24.60266358,42.0444474,26.17472488,30.83802888,10.97695607,0.925445056,2,3
21.9316936,36.89173402,34.50584559,12.0972298,29.26691899,0.101745957,3,3
23.01371535,10.9067995,38.0143442,45.99607261,38.6645881,0.81734136,0,1.48919335
18.97634986,35.03293811,28.27686847,24.04919706,11.91413538,0.90612641,3,3
18.36312728,45.00889625,35.07552121,12.45426561,15.08093004,0.467670558,1,3
17.34484007,24.14892402,40.62136936,11.03105383,36.34455299,0.053926216,1,3
19.80648028,23.60825845,22.35560713,56.56806343,17.13429203,0.595785683,1,2.242439273
20.51828734,24.92862393,37.76676498,22.60380043,12.64733873,0.234768384,2,3
21.31774844,8.70223508,28.07862361,32.39495963,45.02264348,0.176658404,1,1.39389883
17.57118504,45.14115061,23.06624891,57.52882264,12.24029102,0.56676389,0,3
24.48654081,44.11322888,33.64135519,33.37584894,20.48668606,0.356382395,2,3
16.69758498,49.90591948,25.65655798,13.93046618,24.27936316,0.730378577,0,3
24.65653175,31.33324137,40.53404482,37.59680236,26.42629935,0.591251055,2,3
15.14856123,38.80362364,21.07239774,14.40993267,21.25894666,0.829341274,0,3
19.81125692,14.12023578,22.46632241,14.75439392,46.06423247,0.058385864,1,1.984164121
18.33367838,35.03879682,33.02490315,52.57385369,34.63813495,0.234919045,2,3
19.49123414,34.23797819,34.7235446,24.47107717,21.17725922,0.566989684,0,3
20.70664579,45.55439311,38.24716661,43.93351001,21.09738738,0.880428232,2,3
19.35589158,42.38567253,26.48151821,35.44621677,27.63286246,0.813431673,2,3
19.1484685,47.23099082,41.04401021,21.11633456,6.514844188,0.679531339,1,3
22.32723415,44.09750627,43.82855849,35.89101493,46.69892775,0.574072035,2,3
21.85876275,44.09122527,32.47598259,13.44967679,15.048922,0.631459237,3,3
23.33271282,7.867549701,39.01328412,27.36061748,36.39166546,0.213607752,0,1.706787723
17.49958981,43.06828787,33.12120886,36.14181125,39.99752362,0.595193188,3,3
21.0952851,32.33652775,21.73667574,21.4197169,42.23223568,0.493761589,2,3
20.85194785,22.12000033,28.15278782,43.00940651,12.45390394,0.384434481,0,2.528114988
18.69737811,7.543158097,22.18716724,12.59059608,29.15118814,0.887730517,3,0.924116832
19.86057542,35.49531986,44.72197798,34.24049489,8.765346296,0.829415725,3,3
18.13782143,19.76907877,25.7256478,45.74978906,41.21565554,0.07673566,1,2.33856375
16.41844398,26.04993192,35.89751049,31.49730295,26.89031903,0.985729442,3,2.993739125
17.13801211,35.67777967,27.10862755,53.72932077,12.13200765,0.229984203,2,3
16.05513646,46.02985462,36.33115538,41.60963906,37.34055255,0.215339387,0,3
21.83069575,42.1446612,25.26004227,57.9246458,19.90264319,0.943816246,2,3
21.60727393,25.27687081,39.63175165,24.20609064,10.15279717,0.444802428,3,3
24.50606372,22.45024209,22.77029007,56.93946654,25.74832212,0.805364704,2,2.03195686
22.29678414,15.79008825,42.37876,40.34112949,15.58609694,0.288202279,3,2.444121724
15.52045839,21.7592038,41.01054231,47.25894496,47.75998261,0.873171116,1,2.63376345
23.84245174,9.997087428,36.97018359,55.10805585,21.2612746,0.832304765,2,1.264815255
23.62675163,48.69974788,21.68536568,37.5598594,30.76038073,0.519478672,2,3
19.43320321,30.82628498,25.21422571,53.1090396,47.67624493,0.70505596,1,3
20.85863051,10.75126293,41.48403989,37.08484698,22.7174534,0.964028161,2,1.605065072
24.76078332,20.87627042,23.04936086,39.95994638,21.11570932,0.45204544,3,2.230316887
20.32304364,29.61676146,23.89830241,32.25492864,12.30825382,0.494204875,1,3
24.05321828,28.97985365,33.60008309,17.28192759,47.22366041,0.722803752,2,3
15.83038758,6.597651592,26.85443599,37.67516167,41.03351503,0.386426561,3,0.984948129
16.91051869,47.78784654,25.5518925,58.87241151,14.94549451,0.961229725,3,3
19.40754943,17.39190567,34.3953358,49.35929979,19.97034925,0.04043577,0,2.371890877
20.84756808,5.728310102,29.31441691,47.37492424,46.17103001,0.403377896,0,0.87454005
23.16227852,8.439980403,23.51399742,42.16544014,29.17758181,0.713851067,0,0.849218019
24.88262115,31.10877065,33.37134419,27.39543367,30.0350429,0.429380626,1,3
18.88851496,11.20034843,29.67531008,18.48075972,34.16650169,0.259248609,3,1.794779944
15.47415636,6.877615678,38.36291936,21.22758008,39.29737181,0.413454158,1,1.547522667
23.01171503,22.08319099,22.56888606,10.31610448,47.26784955,0.881516798,1,2.416695857
21.04380719,33.02425366,35.5153311,43.67402104,41.10012831,0.547007253,1,3
16.98542859,10.03279122,30.91233317,50.59387793,47.05471393,0.335110193,1,1.360196352
19.94828457,19.09975245,30.15154688,23.44556756,41.92743912,0.671522984,1,2.34480964
22.42310246,23.79923022,25.8071922,14.59251998,7.089532728,0.611845061,2,2.788315032
22.70411787,12.1757044,20.76065071,26.78635339,10.28905792,0.560446815,0,1.361505189
19.99618412,27.77332543,41.19222986,24.60256147,44.82018165,0.391157271,1,3
18.0521453,8.834633911,28.16025215,32.54381804,6.246340207,0.072200308,2,1.460600129
24.73742582,7.093332336,37.02727599,23.20510272,40.7378592,0.620731495,2,1.401158992
21.63362611,28.39259152,43.68968499,26.98663527,43.24296794,0.419788763,3,3
19.08237519,16.15536377,34.12475745,55.37773897,23.69590529,0.428764088,1,1.984868859
17.80463224,9.291821355,29.92867256,26.74176764,20.96846388,0.234080435,0,1.542346661
22.31102983,24.07606644,26.70683916,49.27590234,13.74818986,0.24942,3,2.680365592
17.42183446,46.18133328,43.35109482,41.29168501,7.201349225,0.787461305,1,3
16.71709989,37.5886601,37.05192045,26.87689728,38.54223303,0.479364795,3,3
20.29833889,41.70271619,36.63203483,50.88941349,8.3177188,0.109297909,0,3
17.89987393,44.23612949,30.65395813,39.75380348,47.51013326,0.045850965,0,3
21.28905145,48.76824836,41.12621782,10.43093638,18.35345582,0.224715467,1,3
16.17938675,39.34609581,37.84180468,13.43641008,40.74099429,0.487441786,0,3
21.54941105,32.37835649,27.07958179,47.63197797,7.685719297,0.617250094,0,3
17.83296528,21.44416461,34.9894665,32.32638948,29.13254081,0.143678771,0,2.915628731
15.00242934,13.17394565,30.75484887,30.27538959,20.70947917,0.433859046,1,1.822872774
16.26936058,35.89969433,20.16475407,17.29135921,6.350049733,0.072552183,3,3
24.33615378,49.77274938,40.19058579,17.8659297,34.51097095,0.037725888,3,3
23.67354639,26.03114081,23.07075872,49.8876225,47.44232244,0.863347939,3,2.441589177
17.33609032,37.56557156,32.74886265,51.4508567,5.483874524,0.65833422,3,3
22.78371905,27.27916025,28.40565483,38.00012703,17.16966168,0.781093785,3,2.904223023
21.08571593,24.43700405,28.55222603,24.75639049,36.66225842,0.181877426,3,3
24.70904711,23.46375261,31.93412209,56.63504083,44.20641758,0.322157683,3,2.683416747
18.7360566,27.70811073,44.9255776,41.19811955,13.58506281,0.443791303,0,3
21.81460613,21.51030478,30.20949202,49.83210597,8.182255304,0.658034345,3,2.330675313
15.63535722,38.69479948,24.55823075,10.16414601,5.388863015,0.534843768,0,3
18.96247347,44.3422412,35.34015845,32.51598004,14.68428897,0.551457248,2,3
24.63817661,44.7298388,25.9071927,53.54745432,8.209278142,0.156942849,1,3
20.38980874,15.2464421,22.63872842,26.91166416,21.17219401,0.474787016,0,1.772758341
17.87879503,45.31591124,21.2543543,46.32755884,24.80565987,0.823798288,1,3
16.20270963,20.36980543,20.57203185,42.88374126,26.59657126,0.509460852,1,2.0391471
22.0352834,18.91884495,30.77911621,17.61091832,11.40481896,0.199741809,2,2.641874947
21.44856043,37.70402258,30.6681445,48.74519136,25.8794622,0.41339719,3,3
18.73938714,18.7113353,24.638635,15.62633952,5.407323879,0.754808635,2,2.158753651
24.50941352,7.383488252,39.60047634,46.39570483,15.77394897,0.13499242,0,1.526911445
15.22202813,21.81279975,23.2317657,59.54841684,21.60887222,0.580463385,0,2.069956304
18.03723852,37.46595202,42.88292982,57.89907159,10.32582092,0.965314718,0,3
24.21069486,19.71312891,34.68939944,50.01208715,41.63020688,0.38030191,1,2.437354379
18.20935438,33.33015752,20.6904094,36.72587121,14.05455765,0.043641243,3,3
17.52252834,34.70537499,44.07431564,43.74122879,38.97003702,0.633104004,3,3
20.3422041,38.01812053,27.69853149,46.40541952,26.32518678,0.047103515,3,3
23.2380175,45.37087098,31.24937399,10.42007621,26.58843919,0.191605664,2,3
16.03146761,24.46540247,27.10671732,15.11831105,34.03374512,0.048397276,2,3
24.4302071,12.48944345,38.21053245,39.8529566,6.992497023,0.170650613,0,2.038773888
22.95072881,19.35165719,32.14200552,10.32672701,8.5441703,0.854932217,3,2.475832525
16.81250256,24.44752648,23.30932399,55.44528254,19.70795704,0.734851318,3,2.29985163
22.12007961,37.12511612,22.60509881,34.48313566,23.75701252,0.341852639,2,3
18.84958723,5.59049565,38.13438533,22.88835378,24.34733587,0.897137822,1,1.152743294
19.02294678,19.21034225,25.92703512,29.69105848,35.45992089,0.665182216,3,2.155767037
22.83290092,40.09291615,23.44483437,52.53882053,5.031725533,0.447746596,0,3
24.62784808,35.18859665,32.48568992,56.35964369,48.15972914,0.068332881,3,3
16.26655873,37.92829881,40.06913219,15.81174902,12.85193349,0.730721369,2,3
19.20630237,41.53148462,26.96956865,48.8980317,16.18842543,0.375526126,3,3
19.80941608,40.24560735,26.91079029,38.91135591,45.7532233,0.302829004,0,3
18.76311817,35.69824248,40.84703151,39.27513788,5.247113039,0.288273013,1,3
18.63189124,24.78476896,23.69584486,48.97260609,49.60877367,0.007709226,1,2.774757717
15.52268668,49.2619248,35.41818979,21.14223434,6.618080103,0.742645203,0,3
21.85538621,30.6082938,43.87533707,36.5522484,10.42454838,0.145310337,0,3
19.36214417,14.12461442,41.03257874,25.96763077,15.80480206,0.520644839,3,2.26021534
16.94793803,18.17657848,21.54538084,14.72561725,24.74247381,0.016081402,3,2.380540336
23.16033502,36.21031052,27.99777191,15.25397228,28.33031902,0.627883288,2,3
23.02560748,46.61328043,23.55936164,16.82357353,9.712331203,0.369492349,1,3
19.86391628,13.04240581,43.73101594,40.74499245,8.315325438,0.630747451,1,2.039117463
17.98450661,8.705592309,44.64853916,15.29150992,6.433656638,0.089894947,0,2.160981297
21.38092726,44.66889716,25.87482551,38.50519213,16.55378153,0.266333846,2,3
17.88152136,46.18750905,36.74247612,39.4148529,46.46898381,0.110306793,3,3
17.3600793,17.43707054,41.0407933,55.19482551,22.54291335,0.646070778,0,2.236749853
22.30514654,21.9778576,25.84200711,41.31882982,39.38033264,0.108553496,0,2.591720951
15.4032524,34.70845989,24.69201586,59.27939204,13.55846875,0.617102212,0,3
15.94768471,19.84685094,20.28027558,11.549629,7.910565158,0.134690471,1,2.477852754
15.06788174,44.47214187,30.29906142,45.20730683,29.94259048,0.943354606,3,3
16.52943186,9.841041622,42.48593656,11.3240039,41.99415802,0.416380677,3,2.07887167
15.68990009,6.709199943,42.57449123,46.46887889,45.43069625,0.12659008,0,1.562085873
24.95802368,14.3818793,23.19357819,29.29251046,29.57920716,0.04181045,0,1.897476873
17.8880997,17.87395002,25.10881201,40.56538827,18.23145278,0.329422554,2,2.053990243
16.49268013,10.08169661,30.20118327,25.4769036,9.928028536,0.891386424,3,1.314413522
17.40996258,7.95606932,39.51561363,17.95525196,35.05202844,0.143815162,0,1.861333952
24.36125572,39.00234711,35.29628709,46.1756259,17.61965677,0.790832068,2,3
20.20160223,12.39244547,32.84624359,55.23101901,42.9783091,0.417371829,0,1.573123228
18.64818096,46.12649896,34.79829711,19.17912219,32.23045033,0.802927851,1,3
23.73391458,21.55998477,22.40499235,56.03515006,43.64953535,0.874291349,0,1.90533438
18.94990271,35.17726144,31.94159106,17.00910546,30.49938545,0.997817558,1,3
18.3500857,15.14309516,44.80158224,46.78309413,39.72840632,0.068197477,3,2.505765911
17.07282523,15.81452458,22.21115367,57.97225791,18.24373179,0.796301261,0,1.343951038
18.77796824,30.86191413,32.98116694,17.36854409,27.63764557,0.069688884,3,3
18.16684356,30.22893163,27.39123154,31.75450234,5.873286781,0.314792712,3,3
21.77303959,39.59281526,33.49783242,26.87287412,32.35242845,0.646232255,3,3
17.89582705,39.10159876,34.345469,29.42388751,29.01827064,0.447288435,1,3
20.77199746,35.18094941,34.43682245,47.65698696,38.98770451,0.565256875,3,3
15.65892165,25.21087547,41.30521963,43.05944663,37.80301845,0.966192121,3,2.984237674
16.91289157,45.07881738,29.74368537,58.43434822,33.24276508,0.818656758,1,3
19.07405272,33.01603206,32.90885407,19.27397517,7.550843613,0.363669557,0,3
24.36949254,49.55893207,20.27320997,37.16304347,45.63543683,0.599944635,3,3
18.77251986,41.87164181,39.73876504,32.45630727,5.810863591,0.048483028,2,3
21.64074121,6.993941506,26.48719268,55.94280545,41.14704472,0.452898237,1,0.7964234
17.55087222,19.42672582,40.4138756,10.53096162,26.57058581,0.608396535,1,2.880293885
16.27033576,30.73440724,26.64096666,59.45852004,41.80971033,0.714717129,0,3
15.585366,37.4661292,20.26971241,33.98671572,25.92814432,0.901517289,2,3
18.05413499,29.7651424,23.87078295,41.27698236,34.11220123,0.283058234,1,3
16.57661027,40.37586901,44.64207256,28.00262779,21.34694776,0.902170433,0,3
16.74010448,17.71950437,27.99503115,52.62633348,38.46554313,0.661518516,3,1.848095549
22.60759308,13.27604231,22.72059755,38.09939726,16.43792788,0.077645722,3,1.665140649
15.15838071,7.426250771,22.96897009,43.14054681,37.37101603,0.380332884,1,0.886685503
20.57810126,30.79911851,27.75856785,42.4452354,13.7022193,0.476595119,0,3
18.79461381,35.98697843,20.94112603,28.19910699,37.49754577,0.352487266,3,3
20.0655,19.67673727,32.7872147,13.79954979,18.21520874,0.11593967,3,2.864615551
20.62830237,32.61128832,25.34352289,50.3853113,17.53842974,0.551584563,0,3
18.13367694,7.347075388,32.98276603,24.48579596,41.51722719,0.13175343,3,1.523398399
17.9510886,9.468200583,23.51910547,52.44651142,41.61616865,0.915027206,3,0.748811523
22.33401849,36.57896475,30.74643073,40.43215044,36.11310663,0.865253061,2,3
23.71276988,21.56313673,34.94792146,27.6851979,46.57588838,0.475215659,0,2.80678458
16.92581632,35.2100314,21.54999846,39.71235745,12.0287162,0.067748646,3,3
15.97618761,42.42745041,29.96873273,42.27463462,17.11945941,0.55220541,2,3
23.97795806,43.36800969,27.56309552,45.33417039,18.2306339,0.592236711,3,3
18.49895464,12.74754405,26.00899541,51.11690673,18.73788518,0.8884228,0,1.186340451
20.51317391,26.88285076,35.11336565,17.98774711,19.76143927,0.067517517,0,3
18.59543145,38.02670256,34.71354964,57.20721924,36.36541297,0.692104773,3,3
16.25802336,39.82912683,35.76749517,30.54203072,17.18411645,0.562804892,1,3
20.89331645,40.31041913,23.97206676,53.02251492,17.86649697,0.174774534,2,3
20.25140852,15.26753005,27.14273112,21.02397977,30.66865626,0.121733448,3,2.160404187
17.02993559,13.6640668,25.24196945,11.45144861,13.70114848,0.693950831,1,1.74631576
19.51869045,31.55056107,33.51259012,38.66720218,21.41993779,0.339820878,2,3
22.96947504,38.3488609,31.52664223,26.23331395,7.607317488,0.999939696,2,3
20.90426103,19.3612782,28.25734344,59.22310025,47.86461986,0.89400316,1,1.838806686
15.96917327,9.711732059,39.65037022,15.22267274,19.27884547,0.565717473,2,1.857766749
20.48021497,37.25358723,22.34934361,12.3651433,43.25189601,0.641731586,2,3
22.02738299,18.48640241,44.37241722,12.25089093,28.84755173,0.158886563,3,3
22.92703406,12.48632259,22.91360195,20.84368476,15.26954708,0.894004701,1,1.356979793
21.29117579,11.64755878,39.32677031,38.95955582,13.70424083,0.458933774,3,1.856585776
16.52658165,19.17092964,29.20575473,35.27816868,36.27323352,0.521354,3,2.277159435
22.10173267,31.67051297,41.63155573,27.50379024,48.41909634,0.873129086,2,3
21.77341846,21.12810074,21.85424872,14.43965537,13.23813742,0.006250329,1,2.693763313
15.24426883,5.929783322,29.36804275,21.68685474,10.19395475,0.494346601,0,1.107871243
19.11747668,9.360879561,28.38608516,19.20735324,22.41947054,0.626766653,1,1.376833936
18.32950247,18.07264612,44.82892596,47.28334186,22.72147461,0.159310005,2,2.749073723
21.69412064,34.6867017,44.63872487,48.99731915,41.28138382,0.068300404,0,3
17.16135812,9.433178306,24.74509897,48.85070065,26.10001825,0.534934137,3,1.012180388
20.90871923,30.22955841,35.74867402,58.45202722,7.810753476,0.547529058,0,3
24.13205962,10.39486419,33.3879855,54.21189732,46.43004613,0.330250506,0,1.445175042
22.97802372,14.52268973,23.85933728,34.89023736,21.79345521,0.882231277,1,1.457562204
24.21457736,12.74848374,24.19449265,30.74680105,35.08392787,0.301084586,3,1.623321159
24.78505967,8.025288601,44.73129321,55.78842589,35.03697222,0.516479475,1,1.477447971
15.10670127,35.20984178,31.31824984,40.5612626,7.535393536,0.186715039,0,3
21.22741276,25.85315963,23.1450323,24.71993335,5.162209662,0.011160305,2,3
19.12839398,42.39740484,25.36975097,38.22320139,8.961666275,0.426027854,2,3
23.5985449,9.450087799,26.70870168,59.60747113,48.04390098,0.526948373,0,0.975749938
17.51814702,11.512982,32.77293158,52.47350301,40.72968271,0.764679856,2,1.336654295
24.81029489,18.79059791,28.38870324,24.0639858,10.94055245,0.448772024,2,2.360324029
21.1370797,39.46396941,31.37529465,57.6477213,32.66914392,0.27873218,1,3
22.93537402,18.75914704,24.16248878,59.07310557,32.53881877,0.604236672,3,1.788481605
15.85599553,23.37884184,28.16821726,21.55834797,5.025159226,0.381175171,2,2.870653694
16.83457885,18.57216048,21.75791482,54.77960593,24.30789208,0.233424724,3,1.917971454
22.58403673,8.610093131,42.24275684,54.16013588,37.02989618,0.910347986,3,1.272325856
15.21986522,47.27451303,24.96881193,11.98767866,13.40567812,0.536690793,1,3
23.16877986,29.68425464,38.92250339,43.48445965,43.29067244,0.200477271,0,3
15.13949019,40.45249347,28.73879471,25.26403565,34.71372023,0.670911334,2,3
21.57118839,34.62606915,31.85993297,43.73063132,5.311593368,0.803077614,2,3
18.6509392,28.14144256,27.28152599,55.67793471,43.47113811,0.758533755,1,2.78748223
21.11494853,9.03552155,37.41103178,34.9389624,5.873001328,0.599537411,1,1.501428218
21.96031407,33.92300954,41.11366048,30.72064154,44.95679619,0.519621634,0,3
18.42475219,11.99166602,27.15675462,56.07656356,20.01734859,0.777323683,3,1.154964279
16.07962448,23.64724262,26.05544109,58.70574589,36.43926148,0.708122204,0,2.292120404
15.69645868,33.31009146,37.03600664,13.11181639,40.43439359,0.571477118,2,3
20.88936023,40.20030502,24.87882651,56.14240346,17.6570969,0.657720565,1,3
20.20655354,35.82703291,35.99599414,14.13842668,21.0396575,0.168625844,1,3
22.42201009,35.21900881,22.36070199,26.86431067,27.92937845,0.019933538,3,3
20.0973551,11.70689941,35.503429,48.12870612,31.22111893,0.931136103,2,1.407282462
19.2244579,20.5757843,32.83516835,48.8518491,18.14188577,0.935284695,1,2.195923203
18.98087178,6.93105227,22.84764289,46.29109453,49.6577916,0.787970781,1,0.597796987
15.26446903,37.37646019,36.22759087,11.9556244,38.1652103,0.372304203,1,3
18.35557202,47.86636916,31.16392893,16.6483024,17.33684044,0.150750696,1,3
24.76020158,16.88496756,25.42787627,56.81082491,33.81944861,0.357332121,2,1.789318322
23.73555576,8.946351912,28.83460389,14.07306942,24.59170405,0.726233467,3,1.351941227
18.29378067,26.40065345,32.30255264,13.92729585,43.71480012,0.335199965,0,3
20.87795405,43.55142004,22.28885568,51.78229689,19.80275318,0.795912943,0,3
23.47296746,29.83883879,43.94023708,42.06328766,13.45342947,0.673013305,3,3
19.41274337,7.104971759,36.63905391,27.58280279,7.076131645,0.629979612,3,1.340981139
15.17957864,48.84225082,22.56337453,18.28552435,49.29391543,0.930236847,2,3
15.74510462,42.28924595,40.57155461,54.20852099,21.16497531,0.89341629,0,3
20.10392721,10.92173347,28.06387327,59.42688788,14.92333108,0.711665467,3,1.077534177
24.69439376,46.48089904,34.91998842,12.49858642,27.1295813,0.199247533,1,3
21.93209542,25.28097299,26.92857104,37.7056691,18.12376949,0.938924225,2,2.57919753
15.70916191,21.73540958,38.33514862,23.06517925,15.48050154,0.227122452,3,3
16.89360876,25.74739987,38.07522438,51.61934168,32.73730251,0.372583155,0,3
22.71323143,42.55573806,33.80108642,27.30365459,8.368178334,0.826781175,1,3
23.4143976,34.67658552,26.02313981,45.73146446,27.90468273,0.208657108,3,3
21.17694586,7.666180358,26.34259519,36.97617108,22.43440856,0.63860324,0,0.955641211
21.4442317,48.0921967,29.57156992,37.07616908,28.96381844,0.45783638,2,3
15.2833745,11.65028601,23.62530418,52.89997156,19.41982804,0.624033309,0,1.11152237
23.2853026,38.55055783,28.44139283,33.5202213,30.66444144,0.958050771,0,3
22.88275208,33.62614387,37.10886503,52.27997671,8.681834497,0.808364279,0,3
17.59035144,13.43876216,40.771132,28.1713414,21.92715302,0.295822636,2,2.273289217
22.0867672,12.68294343,28.31455726,18.73914712,15.68743737,0.057274267,3,1.996084313
17.14854606,44.16474172,25.83975646,32.77386888,24.7140371,0.967044333,3,3
15.40330161,23.88627156,40.81606446,34.91778907,22.92512481,0.585172426,1,3
17.01136543,34.45594314,42.26760068,33.91915988,33.40326478,0.173105139,3,3
16.78628877,27.68319517,30.25053808,50.41652059,33.29409777,0.627108675,2,2.958951243
18.37747997,37.73090827,20.67260385,38.23394707,23.60141363,0.042216455,0,3
19.18449497,26.56590688,37.37404052,54.42220359,13.17304206,0.187521998,2,3
20.08538891,17.93209619,39.6008309,35.70927475,31.18611419,0.63263042,0,2.439829358
19.76753876,21.35225169,20.45060633,21.23575414,48.49319165,0.402477313,3,2.403315849
17.70674606,43.65849625,34.87577133,16.47479201,13.3449226,0.325091727,1,3
15.29170669,26.06156118,34.70921896,53.41814105,8.107663053,0.65549465,1,2.901201348
21.05101622,14.60521995,29.46769772,12.80863995,16.90525335,0.866403517,3,1.881490428
18.9574483,47.05724246,38.74418315,15.8804806,23.58141506,0.678591099,0,3
17.98672157,40.84702054,30.70447595,13.18292595,18.77847898,0.463440441,3,3
23.66941043,7.504976573,36.91939879,31.18670986,42.56193693,0.658863831,2,1.33984527
22.46743308,49.95243329,32.92793262,36.63078082,27.18624526,0.695652216,3,3
23.57765548,36.27170134,26.21161512,10.99373655,16.07575467,0.77505062,3,3
19.94982795,12.21199696,35.16252158,35.77930834,47.75895756,0.307048384,0,1.881966473
16.30931252,15.67254566,38.42271237,29.68797356,10.62782689,0.114433699,3,2.49391506
21.96221436,36.16004666,44.34764184,48.68225912,10.53101488,0.68188006,2,3
17.0607378,40.08924749,29.50272367,51.49783109,16.03781866,0.121084775,3,3
19.41229669,15.75661744,21.61181362,44.24837182,8.454745474,0.462014622,2,1.622564502
15.65000789,16.56359843,44.69928053,33.67477677,38.82437081,0.230701633,3,2.694237276
23.25308402,18.82043127,35.59516649,20.80742975,19.07648754,0.332071043,0,2.694438857
16.25940641,31.91082642,43.66126145,52.35574337,37.84270964,0.470624608,1,3
24.03097507,12.73172802,22.59567715,27.083457,39.32318605,0.896176633,1,1.307439154
23.64230602,9.69094395,28.550846,27.81459436,15.68833478,0.680423698,2,1.302431469
19.64582764,35.54888401,23.34841747,55.80057736,28.32636374,0.171636695,3,3
22.44368204,40.05940729,40.88775386,58.77986278,28.38164793,0.879447432,0,3
21.19445074,27.5418232,42.00856854,54.90654782,44.21139856,0.500543005,3,3
23.03075642,21.37247196,32.5327925,59.91173618,6.15338825,0.204253986,0,2.520429258
19.31805101,24.44192211,24.66515544,53.4454422,19.25601546,0.52743817,0,2.468190552
22.85808484,22.47835252,23.17797423,45.21787588,44.71202212,0.190925673,3,2.472792798
19.62456817,48.19932087,34.70410275,24.69096998,15.65614502,0.367325102,3,3
24.40965788,39.56404573,32.65940811,57.64785244,11.15959954,0.805523853,1,3
19.86372101,14.36392467,37.36972756,53.83134158,30.92625927,0.658615543,3,1.814428865
19.62619272,22.28851184,27.63018157,22.03733962,18.76445429,0.477941946,1,2.690512867
22.85071862,29.48055311,30.05919988,34.45812366,26.0282522,0.226439341,2,3
23.21577692,32.58436379,20.53402685,13.50278303,41.90057445,0.282169412,1,3
20.54489114,26.06827532,35.25357613,57.66544316,28.43136388,0.978236409,1,2.7161741
16.79797813,41.45569858,30.57858803,38.63841639,28.21504022,0.342936763,0,3
19.67758231,39.54227088,42.99411585,22.2600273,17.51822041,0.616127551,0,3
24.68072503,27.73210634,36.04465744,24.61996568,40.6789504,0.499748188,1,3
22.52986193,43.44932241,29.96736229,59.03281863,38.29165808,0.023104088,2,3
23.11162604,38.79902887,26.58972952,40.78071459,15.53542316,0.944674795,0,3
15.32825499,40.03618319,42.63212357,31.03415621,19.40020339,0.087929262,2,3
19.67859463,48.03803507,20.40662685,34.99227309,40.48826868,0.658707744,1,3
21.46621134,16.99101235,28.17281168,14.92750362,21.09730108,0.811024256,3,2.083407794
23.30032684,17.04416731,43.58763959,13.751138,23.16018272,0.748734693,1,2.645459324
15.49273654,45.00285151,36.35082517,39.63538717,21.39855221,0.809250318,3,3
23.52438886,39.7501868,33.31797678,35.60020182,12.27346369,0.739720021,0,3
20.48400937,46.69454936,25.08836795,27.95765957,20.34034408,0.445572167,0,3
16.97313971,7.840857215,40.83436936,38.30569763,41.13208864,0.896274592,0,1.314037094
18.17255216,33.24906848,25.10497656,13.63379747,27.09839095,0.912441089,0,3
17.81929552,11.50827522,26.20633829,57.19955857,25.61978675,0.436954878,1,1.233899107
20.30859034,27.67537392,24.79627857,24.68558439,12.03580293,0.48477635,1,3
15.5168568,12.00861193,23.95373651,13.58893953,12.99064273,0.485646397,0,1.620606483
16.58536158,10.7635329,43.8328124,18.47521363,6.932757396,0.278902819,2,2.213243491
23.12693043,5.547575542,35.0507899,14.77369572,5.627998919,0.114936624,3,1.517911948
16.32603991,33.36074656,35.9459283,18.93022522,26.96063171,0.261979523,0,3
17.33396269,21.15601775,43.85813664,30.83770274,23.41545598,0.844103808,0,2.847110732
19.53370606,9.73347282,25.76437638,46.9025447,17.39199073,0.543056228,0,1.091606267
20.17120888,19.5277,20.14793846,23.61741737,49.55209432,0.850198149,2,1.963094701
22.6361048,12.60248412,34.97209124,31.7963311,22.9098288,0.745161937,0,1.735440506
19.47332427,47.37626742,32.69612133,56.43786439,40.49811046,0.348614515,3,3
22.89864621,19.40021986,31.94125943,24.79108697,14.4745517,0.1853125,3,2.664163514
21.18346307,20.02790855,21.54700528,49.73598766,16.11685439,0.567219812,1,1.940054581
16.13099739,42.79361015,31.36087166,17.89084362,30.57761152,0.935856706,2,3
16.56331438,34.14900926,27.18898913,18.91608731,5.181272137,0.839415207,1,3
19.37033725,36.95772233,26.86411693,32.80764367,5.784145786,0.763835493,2,3
18.96889393,33.62008118,25.5595395,21.70511252,11.39984245,0.764174082,2,3
22.4354427,47.57883278,28.31320899,55.15140369,15.04044685,0.527753295,3,3
20.8073714,14.31503742,28.82832688,12.53761456,28.75322821,0.169526369,0,2.182308641
18.88133081,49.50676588,27.71939441,39.86362831,35.88032439,0.28554456,3,3
16.70760283,42.39302799,44.46881789,40.21146981,19.03453988,0.577892839,1,3
17.26837102,31.5037665,43.31827714,13.30129638,15.75819212,0.316353425,2,3
20.75501018,34.8067231,34.36275249,46.62821074,42.02650303,0.781566759,1,3
19.23438805,34.19716444,44.52637096,33.44487723,12.32496431,0.373216761,3,3
20.14927509,7.627830083,44.77995026,46.15366867,35.52469498,0.11389648,2,1.73696309
16.70677435,14.81074243,28.89849275,51.3462493,46.90987324,0.782544353,0,1.539622666
21.62906252,48.2661898,31.12968864,26.1449676,15.44949096,0.698130183,2,3
23.52538741,29.0463993,43.97654442,34.22429415,8.913441448,0.253156853,1,3
17.57939507,22.02591215,35.21565498,23.03803899,49.08915023,0.98111523,1,2.655508376
19.91514226,39.29173085,25.32322707,20.07567318,17.18482083,0.403189524,1,3
24.75527329,28.60335242,37.23451671,10.0297379,17.40484441,0.680460674,1,3
18.33241741,5.592324714,25.14365455,58.1815756,26.76975311,0.91044844,2,0.5
20.95046345,38.13069185,28.48394359,32.04642347,15.39759466,0.155996588,2,3
15.901957,37.9497902,25.68900408,10.65348865,49.67925599,0.879021791,3,3
21.06015002,12.43169204,26.1245054,10.44692888,6.933464864,0.703912864,3,1.65756033
15.89631773,48.04970398,20.11638954,24.41762843,25.31628855,0.167562774,2,3
24.59235435,15.07586592,42.0177208,10.69688394,29.67560308,0.664512182,3,2.468952355
22.15662652,25.59872153,27.39976238,28.72573088,26.01278861,0.874575618,2,2.748652448
22.88159788,10.16311826,22.15935949,13.14692507,28.42353378,0.799015408,0,1.223980187
22.04104361,32.14770438,22.17468514,11.96257956,49.44106149,0.760606973,2,3
20.89729036,21.8953004,33.90045691,43.4690697,44.46057127,0.161336148,3,2.804186499
19.49912781,20.8928058,44.82301376,55.34206447,18.87996557,0.190624111,0,2.934648339
23.5837338,42.21395947,23.62556168,30.46932917,29.81646721,0.547716455,3,3
24.56835668,5.430277078,22.49054452,51.83852151,5.013995564,0.580146017,2,0.5
19.99036173,40.90760469,30.95759701,11.46327306,23.43060506,0.943624064,3,3
24.31535049,30.71518546,34.08328135,48.8845028,12.37434003,0.468681335,2,3
20.8333291,49.37443311,27.35950897,13.13999962,37.01122658,0.302502607,3,3
20.38384187,31.52494493,27.56305231,51.92197116,14.94903099,0.190772911,3,3
19.54482733,7.492061037,30.61191255,54.11831724,38.70030405,0.054170956,2,1.201334538
17.09287762,7.27903969,27.85364038,49.29869212,19.09219253,0.068653574,0,1.12904494
15.03719661,44.74188439,42.88328959,51.03745122,46.66228796,0.574166926,2,3
17.41506227,42.85463655,21.04886428,38.07422832,25.04374708,0.176261958,2,3
20.09723172,20.5650534,25.864254,23.24424713,42.77829739,0.851617095,2,2.260396121
18.79959952,32.81146179,40.21381991,42.16155013,33.26747014,0.59647182,1,3
19.48485228,27.03161107,40.84895312,31.97708245,48.98291967,0.864886558,1,3
24.8064822,48.52238248,22.78887697,10.26682805,38.42252378,0.427461832,3,3
18.50272371,47.74824054,44.34408625,33.84128532,37.7466495,0.595776995,1,3
19.52182939,49.27275538,37.33387125,42.55939623,16.91896921,0.525428303,0,3
16.33515551,43.99019513,26.8148264,10.69418298,27.71868879,0.98667675,2,3
15.47957732,45.92982158,31.40094662,41.06801681,18.05511599,0.796819893,0,3
22.75409515,14.77754504,27.42846549,42.62659531,5.868204666,0.595400082,2,1.668070693
20.70683175,42.3953055,23.75055625,17.90537891,36.97633997,0.606585989,0,3
22.60704806,36.89857009,27.27945162,31.55370926,15.61264249,0.248801713,1,3
16.49862799,48.3253929,34.50229844,58.21663004,22.87958137,0.734752943,2,3
20.71828771,30.70678228,40.64924237,54.20946139,17.80874542,0.982832863,1,3
17.53642474,8.832522502,29.08822687,30.54107114,13.98361354,0.129431306,1,1.482733448
17.28061817,31.8829501,28.69753851,27.4923134,8.020369597,0.637261198,2,3
15.11526014,35.89614176,31.70001753,16.20403405,20.20504589,0.517881322,0,3
16.30340724,14.91444629,36.11389,11.75945423,8.678521558,0.850411193,3,2.152440824
18.09268111,22.73510226,38.79040656,24.87313887,29.31436132,4.69E-05,1,3
16.16878761,31.93265363,28.16998762,57.01416735,5.883084669,0.136584887,1,3
24.8585844,21.83475818,34.6588117,57.93067257,47.30089458,0.037072786,2,2.740926422
18.08632649,21.87264728,29.73402103,50.62596703,48.49137588,0.162933268,2,2.590672458
16.30323947,10.98889876,37.90999626,27.54124068,18.70942317,0.70793628,0,1.733175871
16.99082313,47.33360254,24.11687301,17.18132164,16.70875884,0.139671424,1,3
20.87703228,38.7722473,26.42312163,39.77667378,9.698233987,0.622331051,3,3
15.64043524,5.055954749,30.6515105,42.32525036,45.7213517,0.868205758,1,0.669957109
23.6243413,39.45259778,42.23536975,31.22867846,31.40887664,0.034623558,0,3
24.61499679,38.29077467,34.33314473,44.58233978,32.45562153,0.026786416,3,3
17.46747421,5.437893207,44.13490297,47.33409428,45.31354082,0.989848274,2,1.046687673
19.50095269,21.63219339,22.58194213,49.15308318,45.98540572,0.673274566,2,2.087782629
15.22134451,32.30364606,31.50438534,35.11490557,42.27537514,0.140695222,2,3
21.40710225,25.37377933,30.47696325,49.58203888,39.80487025,0.30669199,0,2.904110325
19.13926058,40.00937534,35.00515441,11.27382131,44.475855,0.985005153,2,3
17.70058466,24.14562497,40.29911522,44.02021834,44.4186773,0.227216574,3,3
17.06837111,11.92383363,41.03620064,21.78169785,21.58901853,0.752826565,2,1.966026456
21.54023078,48.93870309,36.75486522,23.52601458,48.8026049,0.241182077,0,3
19.16217031,15.89179967,36.03840911,14.56508533,36.91094959,0.39846763,1,2.445575602
16.79659289,37.29615397,43.72573855,19.61961318,21.65942453,0.880704252,1,3
21.89109081,11.44203402,29.59218504,59.60041165,24.89222828,0.028438941,3,1.520385983
20.65072283,19.80556762,40.81958285,30.76950653,35.92089762,0.307235159,0,2.879896879
23.58672055,24.89124238,43.03759318,56.38826993,21.24945093,0.487192708,2,3
16.17475899,13.6504402,32.28848111,18.14497641,42.19509704,0.625494738,2,1.947129591
22.85666602,25.24818094,38.22756447,20.2029421,11.66286295,0.028241655,1,3
21.73516787,12.07232703,29.42549642,37.89066769,45.84174344,0.410670966,2,1.603840424
16.15010937,30.15529425,23.97197535,27.47662704,18.55388803,0.344287182,1,3
21.9482073,34.86709636,34.66259704,42.19576043,11.87207534,0.026866602,1,3
19.41547289,7.809542781,24.91179127,31.10232879,43.61109267,0.355367711,2,1.122640177
24.44984786,44.20094545,31.43997827,50.57986187,15.77584575,0.931688289,1,3
16.41611351,13.33133983,41.82198283,31.57795356,42.95280821,0.274628443,1,2.27410632
21.42833391,15.14130914,22.15045469,38.61745912,18.33189816,0.585591298,0,1.573509164
18.81980045,34.7607428,20.76071339,26.05366,47.02389294,0.298095707,2,3
24.56814671,26.09379772,35.16194618,45.20204937,14.85849379,0.106666121,0,3
18.29974895,27.47280196,28.27653316,42.73671045,8.134249598,0.28972348,2,3
24.62185909,10.76697431,30.44844267,29.85005164,47.14390235,0.470759139,2,1.557765434
24.01485851,41.25811198,30.14276472,23.80160514,12.4531584,0.296208398,2,3
17.70383235,32.76744107,22.16550573,40.70521874,47.48596438,0.624169321,2,3
23.03541777,11.09219195,20.08916082,57.15758246,42.07898076,0.949088722,3,0.732737703
24.95604202,21.82997152,42.46058107,16.6321512,8.686642537,0.069271564,3,3
17.52663002,41.46844697,25.44496402,49.95583092,25.03108395,0.717004361,1,3
19.36777169,30.57597707,30.6519748,37.14958864,8.302984616,0.001256407,0,3
20.20180737,9.889195061,44.29814492,36.27798476,19.84039541,0.001021499,0,2.10223374
17.94931136,21.77496706,40.66906455,58.08420738,20.81763852,0.132919355,1,2.88583044
15.1526484,15.92124793,22.69827138,40.29373988,31.98349986,0.479930504,0,1.705831188
17.20129244,28.28594991,32.71297579,51.52589139,48.91530055,0.048004035,3,3
17.81936884,42.9512508,38.25197566,35.72386244,12.6393548,0.722151768,0,3
19.43599701,24.63202107,37.45981962,22.49266836,19.81179341,0.029281545,2,3
16.71102478,24.50039137,39.02104631,44.72451357,31.41961224,0.495431775,2,3
23.73254357,45.7407906,31.43636637,56.15884522,12.71393849,0.676098638,2,3
22.04911133,30.92834356,24.39807323,52.06150478,36.9819348,0.237550606,2,3
15.85200478,30.47859893,31.6218111,19.91818031,23.16468721,0.579298137,1,3
21.50092451,16.78594513,36.19718123,25.84445595,47.7307533,0.261781415,1,2.495831954
21.53656476,32.34752365,35.21480217,35.8440337,33.34419253,0.214097261,3,3
24.56221174,30.91597103,21.76305134,38.58016476,21.338632,0.818389414,3,3
15.03020871,22.85831617,21.62381085,19.69070572,37.37629045,0.332913341,3,2.643261584
17.4793245,49.58130047,44.13144578,21.500617,42.74395601,0.813979567,1,3
24.27791479,44.68509342,23.79513638,47.94155345,41.02158938,0.216909412,0,3
24.32133915,38.73138305,27.3615616,46.51587084,16.82439774,0.355865571,2,3
22.20586419,29.18055148,39.19086205,51.96044073,23.76425085,0.102658814,0,3
22.65763321,25.79269109,30.2419269,56.64649036,25.34799475,0.496500388,2,2.772618241
15.91482958,13.32038279,24.53662133,25.41305595,22.47725265,0.381594292,3,1.704997951
20.13875835,18.75818633,31.68080956,52.97974783,18.98886123,0.00595662,2,2.39906983
17.31582991,39.82823599,34.22374927,43.30058956,38.87365097,0.464855128,0,3
16.81218044,25.41870293,31.31916523,57.88852119,5.550090954,0.074414636,0,2.969749937
23.10303299,44.70212825,42.97365189,23.6037078,18.2094903,0.836956046,3,3
16.35038137,11.65600114,27.11748238,23.48357508,11.37277656,0.493693174,3,1.587833855
19.68651637,27.87561932,36.53330402,45.21467243,10.79461922,0.690050697,0,3
24.3857824,34.11345578,22.80736804,56.4205387,17.46314001,0.821135996,3,3
16.85832056,28.25818053,29.80713644,51.22779124,39.2968891,0.051177906,1,3
24.77993424,45.01521012,38.52483129,46.35197789,48.62398411,0.337197751,3,3
24.94287986,49.53034768,25.62042351,29.3654599,28.15783099,0.025117827,0,3
20.55617155,10.21255963,34.74427614,45.88836674,20.25373179,0.049626586,1,1.69570154
16.7014274,10.84797068,23.83592573,50.05477882,42.31267098,0.037832451,0,1.359863912
18.16104888,10.86458511,22.56754228,47.66428399,8.019654137,0.477906541,1,1.12311381
19.24492833,35.65296932,33.08081872,43.84053991,9.192557385,0.450678048,3,3
18.09324224,21.7704243,36.8752749,12.35656258,20.54148416,0.061240446,3,3
17.8063558,37.99915976,22.83417666,42.98574666,25.17838248,0.262368466,0,3
24.72229709,23.24621628,42.94440631,33.91473277,40.90270412,0.244491196,1,3
16.53364827,33.24230246,25.64430657,58.07846358,46.63687727,0.296615134,0,3
22.33327909,39.64361026,22.9993827,40.35949417,28.90744407,0.640762399,2,3
15.00410289,29.66971598,25.06747271,40.41136281,27.30401013,0.697067272,3,3
20.96182669,29.27766157,24.23931141,59.70275937,14.58549586,0.33907143,0,2.969179896
24.15943004,8.970544638,22.26686627,14.67938949,25.30316947,0.788230638,0,1.098374126
17.87934094,23.48517843,39.94598087,23.81581426,46.56399041,0.417860176,2,3
16.85525975,29.5599719,32.38844437,42.80397195,22.68047913,0.522402691,2,3
21.51679795,25.78913715,29.71298601,25.7618128,14.48071195,0.1455496,1,3
22.12601407,45.53519001,43.76569817,27.3075074,20.17827631,0.232895444,2,3
21.88030519,45.79387845,29.27520968,54.63224699,28.15675757,0.727555235,1,3
18.1931688,41.98628213,24.17431815,38.96769525,31.93632638,0.977042237,0,3
17.52202402,21.88841339,26.8510723,15.14327914,24.45934458,0.704653556,2,2.580117513
24.559188,37.27846183,25.97416334,25.54312929,39.13412808,0.054198386,1,3
24.23299508,22.78798075,32.46853199,13.80291882,31.30040219,0.142891353,0,3
19.5731661,15.46671195,27.2876281,37.80649667,34.92716603,0.445778542,1,1.855304561
23.46193866,20.43061896,32.9015293,18.66340982,43.83135161,0.732572863,0,2.58685901
19.52323478,8.193408498,36.73233562,52.8557575,43.95598566,0.165932458,1,1.432228233
19.24389018,19.92998791,39.43246964,38.86570132,14.15787405,0.750821137,3,2.543346864
16.56762948,25.73339978,37.75394453,12.9687821,33.05051352,0.555835724,0,3
19.26406056,47.99664027,25.13976791,25.04378318,37.24883875,0.774543179,0,3
20.37416939,19.10347638,22.89749298,40.81688336,11.5633829,0.557637614,1,1.986609763
15.22504327,45.61040926,33.56125398,26.77491591,42.92464267,0.602523178,0,3
19.44113005,15.29862241,24.97279478,35.65883343,13.12114379,0.248747066,1,1.881326867
22.81356218,13.5936004,22.12334304,55.46811473,40.96757405,0.720189737,0,1.182028792
21.80046056,28.35479554,33.17735857,27.50179853,12.26595905,0.844014368,2,3
21.35156989,35.26301162,28.16985463,26.79364312,38.38003416,0.871290808,2,3
24.09555428,6.994951286,38.9037253,50.98784207,11.66665905,0.029453053,1,1.471681025
15.1803201,14.94796393,27.85479076,25.93782615,22.04731899,0.624597801,3,1.851612256
20.57047586,25.50576499,44.46792843,13.89791721,11.45822601,0.989538334,2,3
22.87348848,19.89519512,38.96307978,19.04724771,17.18217933,0.586915657,2,2.804358533
20.41335383,37.06794857,21.44233054,57.44001254,49.30316498,0.171269008,0,3
18.23895553,28.00222682,32.72181851,56.66463963,9.845404523,0.877608091,3,2.885499524
16.36250565,12.21615975,34.06551253,21.24060454,23.29091719,0.264306415,3,2.012573807
23.87563072,45.25094207,37.38256777,37.67509365,35.46137034,0.04501346,3,3
19.70762392,18.1807554,32.44491993,16.86840502,9.256935668,0.430517968,3,2.515629836
23.78115197,37.9008999,32.08608996,43.73388143,9.906484434,0.100272693,3,3
20.85852122,40.09621006,29.19846529,19.2652898,11.44682926,0.115242287,3,3
21.74192117,48.34209651,26.7865346,12.48952115,34.02438701,0.463289147,2,3
23.04261154,27.43283599,43.6550053,51.24484036,45.92016131,0.612683412,1,3
21.59155545,32.7125982,27.93991674,26.27001914,42.16952543,0.905392062,1,3
18.98054841,20.06943321,21.58553311,15.42612018,49.23748577,0.705252934,3,2.219573422
20.13633384,35.5180682,24.18211848,51.69519754,31.01620481,0.842603152,0,3
23.03045525,25.85225686,41.4319159,48.11987388,48.26647871,0.411784415,2,3
18.73650296,24.69435641,34.66583648,44.18792252,18.72203743,0.318591695,0,3
18.88121457,43.49603881,39.46951373,55.56243549,23.96770672,0.592840267,2,3
15.95690116,7.257597957,40.21953865,34.46130434,22.82186156,0.695499567,2,1.374048257
24.14584435,44.68830925,40.58091098,16.40282488,7.131086613,0.568250445,2,3
15.91036315,43.3431427,33.76534269,13.06732049,42.33673708,0.264521274,0,3
21.48209177,27.78648141,24.42801489,25.9220509,6.112318491,0.369723889,0,3
19.13194479,27.05912844,23.70581881,14.34154151,37.8444313,0.448304706,3,3
19.0561939,21.28133156,34.34961051,36.77547202,23.31791522,0.014151904,2,2.898289501
21.79551837,49.73782063,29.16285884,10.72495089,5.281147223,0.879838785,1,3
15.67093733,10.00261997,33.95120603,32.18816508,18.04761063,0.51141017,2,1.554382129
20.93705783,31.5596856,32.46194611,18.92301449,20.57574632,0.751029947,1,3
22.72031786,35.67567156,35.05495199,28.41340219,48.4116112,0.171911298,3,3
23.28212758,47.04485037,20.80279477,43.75170374,34.74855939,0.556643691,3,3
16.70530389,40.10915736,20.82091702,27.54818855,29.46072162,0.926131172,3,3
23.9741905,33.97312413,38.03987927,27.06699436,10.71727539,0.214276786,2,3
21.56146092,10.25655426,24.8281811,59.53753664,22.59969528,0.345856201,2,1.084957995
23.81854801,21.81800826,36.30496155,45.94073614,6.609395912,0.388323171,1,2.738397264
19.85280717,11.24787391,33.66439777,35.69308559,39.27584383,0.383303612,1,1.698351322
20.42033345,44.65457296,44.54486179,38.96878255,12.3249516,0.600622594,0,3
24.19038277,38.732952,40.88514697,41.00913158,31.74960654,0.393770247,1,3
23.99909543,39.08915541,30.32836303,11.22876995,36.47261922,0.674054496,3,3
19.48160873,34.3515433,35.4103205,14.01322953,21.49291075,0.484560328,2,3
17.74412632,27.81695916,22.93223643,42.45946757,33.46669184,0.157625927,0,3
18.93170435,11.74869768,29.65965107,28.22344294,39.39047877,0.948568235,2,1.407006256
18.87764329,19.8362699,38.34719353,12.77220201,13.28557078,0.239516343,3,3
17.86866875,11.16121066,35.5667896,24.8756623,32.0387148,0.562469928,3,1.771689133
17.68579604,37.62109143,32.11178311,16.51417102,38.02474109,0.060694038,3,3
23.61062936,12.21029492,24.4132276,55.81569211,21.06716402,0.91862168,0,1.017335984
15.69861921,36.59510976,40.07864815,20.14626963,12.31210212,0.927996087,2,3
21.77611182,36.15149253,26.82916511,17.18455987,17.87522095,0.364543924,1,3
16.72820051,25.66870155,40.51197704,41.30844085,46.98836001,0.120980161,2,3
18.44505893,11.08528944,35.29022657,36.09559651,21.08515796,0.769984116,2,1.538921806
15.61543034,19.16603718,29.3182857,38.7966227,9.846526449,0.262252676,0,2.374787342
17.69973637,19.40418991,21.01513055,31.7974074,8.722692844,0.700615637,1,1.97264145
22.68421071,36.51733099,25.81047111,33.35846555,13.12227796,0.915148197,1,3
23.85015325,10.11843587,42.22677314,48.93987779,10.73805511,0.590238289,2,1.63488477
17.21527152,42.30808908,40.4493586,20.99610924,27.2769647,0.861237511,3,3
19.63547839,39.24532806,34.37133282,29.82646514,20.63981499,0.224648452,2,3
19.70324048,13.38381132,31.6580616,57.89126925,42.86325446,0.910430751,0,1.359521784
23.73575306,37.36239718,36.17856698,19.49928506,44.64853396,0.226644552,3,3
22.62799053,35.08309317,31.6562032,24.68867975,26.29757245,0.225800113,0,3
20.13077218,38.665436,36.10762102,19.57834621,44.98371971,0.879868883,3,3
21.707472,13.501785,27.68510249,11.02477482,25.27077374,0.554903484,3,1.885315759
23.47355054,12.0915645,40.96243045,23.49149625,33.88829558,0.799441614,3,1.939935028
15.09538954,15.64177937,37.54794734,12.3233723,12.31406747,0.802488747,1,2.291298085
19.02890031,21.46422664,28.24939071,17.73425632,7.366215282,0.64696132,3,2.587245798
24.07243167,40.71492415,40.76665287,28.1341035,12.20383294,0.189073722,1,3
22.40313031,38.20657719,32.18356327,11.03606085,16.33303561,0.692094035,0,3
20.42841374,46.64532165,24.36597162,47.6478283,38.79418519,0.063634667,3,3
20.29644527,7.638330159,21.94281155,49.77945069,12.80773591,0.200668046,3,0.897131538
18.47770098,5.520032646,37.49014369,30.57069012,10.8794613,0.642911832,3,1.174511904
20.20520534,36.46124734,41.62802011,59.23329897,46.74242206,0.907809797,0,3
21.55383199,17.56793731,40.18604971,43.94969574,35.99610901,0.77169281,2,2.270985359
19.18363038,20.0335503,36.39127576,47.1860874,26.29875136,0.332457758,2,2.578307802
22.14153146,29.60609117,23.53437639,19.61502118,9.273577695,0.823701781,0,3
23.61232227,9.608590541,22.3511019,51.87188114,43.33059102,0.966597292,0,0.703878326
16.54684848,33.92124874,28.62574058,57.2523199,9.871629385,0.331950341,0,3
19.51547023,19.63163508,41.37277226,21.81550833,32.49709393,0.186825432,2,3
19.08020091,33.47218059,44.04340676,44.32321472,35.04544217,0.197514457,1,3
21.87464804,42.53031109,26.03402137,47.34705243,23.00624623,0.400323623,0,3
17.49867465,12.70001,39.05239176,25.25845859,46.00475263,0.052323408,2,2.293001102
21.40250915,46.88928918,34.34673042,33.75045013,7.281527527,0.487757344,1,3
23.77489242,28.88096635,20.79518418,14.87695468,41.81526076,0.732298539,3,3
19.181316,46.53174943,33.57290875,18.6547402,29.92074792,0.53045954,3,3
24.110157,14.3478537,40.14851007,13.07852618,32.5041676,0.970050246,0,2.157258654
24.93163739,32.20531991,26.90306958,38.00827453,49.40715031,0.461700797,1,3
16.0609205,23.17492028,42.4340406,41.26314486,31.21915114,0.013258845,2,3
17.33053188,39.8399986,25.90651017,55.80597917,40.86625935,0.470124355,3,3
24.50379751,32.26590244,21.91182832,37.10924053,11.90888446,0.929882156,3,3
24.58327686,27.25319556,23.99848274,23.03056854,41.41803164,0.095861354,2,3
15.97707275,46.08434329,40.92507172,12.97367733,39.24828083,0.222967457,3,3
15.149985,21.97026789,30.43264798,54.24765264,48.5649533,0.715559267,3,2.311192228
16.61100023,14.89910922,39.92363909,33.94290393,47.10697857,0.294100686,0,2.33421951
24.96012783,32.36455341,33.28082652,46.86609947,14.62939455,0.765240919,1,3
16.79999617,33.08127967,32.01397812,10.73246743,25.92199082,0.419324237,1,3
20.02547607,24.75925797,40.17282879,34.40694613,46.01674302,0.796067125,1,3
23.48417726,26.89745197,30.58719029,26.28613116,33.83442814,0.551532935,1,3
15.20401611,48.17990364,40.05081828,11.51656363,25.86651774,0.082468633,2,3
21.04488982,37.97085611,22.51655412,48.78364035,9.902244272,0.386136255,1,3
17.77025449,9.977078817,35.90777039,35.64508264,20.82909053,0.33324833,0,1.67155857
23.62334916,14.54585319,37.56467641,26.65901215,34.93579771,0.810081196,2,2.03511048
17.83461149,48.90094855,42.4774349,50.2899242,39.96115169,0.624878307,0,3
21.8675572,37.69094992,25.60809797,32.34617259,25.12251113,0.777400809,3,3
21.74219632,46.17703068,35.105497,10.17489782,7.513002185,0.372149759,1,3
17.21493549,18.67376588,30.83141409,57.2223816,33.4927482,0.691743259,1,1.976994945
15.347992,38.3840087,29.56929139,22.78413702,46.47138765,0.065234387,2,3
19.09249574,37.13012188,22.66783888,51.5287761,27.3384837,0.036723458,1,3
17.89193152,18.26104934,23.35583326,50.8207692,46.77911156,0.287467876,0,1.95269108
23.0897775,29.78673465,40.92471154,18.11869657,20.93453256,0.773699177,2,3
23.00364188,33.23368001,38.74383581,33.70013406,44.88645965,0.534087477,1,3
19.57023952,26.65093149,29.55852826,12.00994892,40.38528887,0.408821791,0,3
21.06512225,42.2230418,40.71216453,27.72758364,48.27836975,0.896634628,3,3
21.04259516,42.47910688,22.01915462,46.54894217,40.59595558,0.497361604,1,3
23.27158148,43.27702467,35.61934793,21.85347351,19.46658873,0.613389144,1,3
19.25002414,41.15406061,41.70440132,15.85639654,45.52553873,0.985828614,1,3
17.7544668,26.96375647,40.97160578,35.35617755,35.13789844,0.522391971,3,3
17.65034918,22.16472342,29.319569,36.84931922,12.29311966,0.783502615,1,2.433546809
20.36192279,42.41193277,38.63084633,43.79144657,7.068428588,0.413825556,3,3
19.49148203,27.05906564,30.68670364,47.95688734,21.46305219,0.036340426,0,3
19.40120771,16.08671294,41.00345411,44.79047656,40.40888674,0.83447207,2,2.110312297
15.91137339,27.83045895,33.26904875,52.27061041,32.8196568,0.944404594,0,2.897105786
22.18603741,11.38324199,39.12142623,21.14532321,28.72072219,0.434382024,0,2.013727495
17.13736688,36.12332708,21.96428956,38.48833731,5.167743557,0.503636269,2,3
16.9695363,20.11645767,34.75064929,28.00476787,24.59753159,0.424137901,2,2.677884115
19.1275832,16.72964593,33.75710444,58.10561785,12.09755249,0.996905817,1,1.718692321
17.27778342,48.04289358,35.24941804,32.01397617,25.45553287,0.903361054,3,3
20.83858267,39.95964481,37.3910402,57.98569666,49.62966449,0.041101447,1,3
18.71463339,40.41812762,42.95272425,48.4532827,44.57924704,0.77901867,0,3
19.48911723,33.06748862,39.64205204,45.9231931,18.97837718,0.600836745,3,3
20.37169322,42.76277647,25.49094979,34.5781856,31.70783268,0.025141704,1,3
17.03535522,39.16231165,40.64740673,32.16890671,27.5942855,0.444712278,2,3
16.55751623,31.94481669,23.05199194,36.32740938,10.85211523,0.149711584,2,3
23.80421903,48.25059808,35.55496464,24.68165315,49.54129321,0.873047756,1,3
19.33723703,13.62177274,42.06884521,55.22549699,24.13288205,0.012698757,3,2.205867765
19.1209361,47.45208735,22.52805136,49.71653276,27.75465667,0.873105808,0,3
15.3561215,23.06471729,41.24231633,50.06979272,34.14196905,0.940839149,3,2.710098105
19.97976303,28.77795425,39.96551836,31.65767977,13.61950399,0.072984466,1,3
20.54169722,10.52326938,32.59438585,13.55444741,15.00019711,0.719837533,2,1.643343226
20.58840871,29.30483475,27.72244006,44.1538659,13.66512913,0.548892192,2,3
22.07031169,32.50430383,30.1359557,28.7206792,22.30094946,0.954276721,0,3
16.77481835,49.89656938,44.21645339,53.52151562,13.98546304,0.798149681,2,3
17.52223134,48.8836585,25.0424389,49.01692192,46.68781856,0.694414045,0,3
23.10730465,48.48787813,34.4901072,17.2664071,37.14413209,0.925509721,0,3
24.47170617,20.6774627,22.0810187,40.08578653,45.40260062,0.160349731,3,2.322747496
16.35932747,49.60699244,25.4473266,44.6106963,43.18178586,0.375959988,3,3
19.97649555,25.49651682,39.0829097,38.40687899,36.64183782,0.842941859,1,3
17.14176253,43.33263164,27.56497601,35.70210881,15.92357851,0.101585457,1,3
15.60073168,14.73439861,44.64415176,21.39315375,32.68934889,0.935447349,0,2.279923041
18.25503338,27.76249308,32.52042608,21.79534222,13.38344873,0.745155462,1,3
16.43687625,48.47054433,32.91348313,48.40040693,10.96142218,0.439332933,2,3
22.09933073,47.61641286,20.90786848,10.93448928,33.46588589,0.338721366,0,3
20.33725414,35.7680695,43.91316874,48.94550314,33.10815171,0.147606403,0,3
16.43834471,40.90164451,24.35583602,36.33993683,12.04799639,0.093673525,1,3
15.09241588,12.93920135,33.45851497,56.81113262,20.85924639,0.423594579,3,1.629295351
23.08157049,37.47463473,29.89186525,59.86607739,7.982652824,0.843098492,0,3
16.76194406,32.81228638,30.38961752,43.17422826,37.20799012,0.531850538,0,3
21.06216642,9.119828109,36.08250415,30.61285972,49.43730431,0.45114878,3,1.583029962
18.36921913,10.0921553,36.55221693,33.75429543,38.29577699,0.319042519,3,1.730558547
20.85485938,9.879962799,23.85721537,20.21077138,42.98684763,0.156949911,0,1.502654123
18.15653627,37.59606207,32.48966633,14.9617162,26.4354459,0.990099295,1,3
15.86939561,11.37718437,39.76193623,38.93816967,9.301283653,0.025732593,0,2.060868318
17.22950009,26.0479522,31.08216209,50.2747549,37.69729351,0.311815902,0,2.98221179
16.88058566,21.06418126,24.14511177,23.08832589,16.54340901,0.769379445,0,2.295682204
19.28019352,29.77268633,27.83042358,30.98264051,22.4732279,0.520558156,1,3
21.58283783,36.79144192,25.3094891,37.73868309,36.63946625,0.313854901,3,3
17.63806075,35.81251417,23.1454367,55.394891,45.71530368,0.992739306,0,3
15.12069935,28.19839622,29.43952819,16.93156138,26.8812072,0.619169644,3,3
20.18937364,25.89506931,33.52340608,21.84415844,48.27225079,0.295155783,0,3
21.05759489,22.90170178,21.81878813,55.92652259,28.39565877,0.847953143,1,2.034221318
24.62870494,43.78594767,35.09558431,11.97677966,10.51297018,0.150164152,0,3
20.89470803,19.88833122,44.825611,42.8057817,28.32951856,0.463574075,0,2.823175301
19.71172559,16.67146195,44.1031233,41.97629416,43.72824677,0.839588796,3,2.297692966
20.73401626,38.44919721,40.72933705,29.16272168,29.21203099,0.983658052,0,3
24.2790063,21.18935578,26.65852782,33.40823395,38.64899065,0.383057592,0,2.481942036
23.28378146,43.11493699,20.56018991,52.74589757,29.65809253,0.138109659,0,3
18.22978733,19.75499234,40.83854257,18.24910317,29.57245522,0.56692952,3,2.870828195
17.37254364,36.58751711,21.3930058,21.57837391,17.81424056,0.943993038,2,3
17.62633612,7.029905283,25.14070204,35.61752057,14.05672181,0.665611736,3,0.852032856
20.0442104,22.3503296,33.61133039,30.48727115,17.55134581,0.602159539,0,2.749458159
22.44049451,20.44535787,24.45945098,38.71862488,24.83770509,0.309291977,2,2.318018583
20.03219207,41.75054327,40.84470828,56.0419593,41.43155498,0.60633982,3,3
15.67796396,48.51749315,39.42899241,55.85510089,42.30459983,0.884677997,3,3
22.235807,25.73965745,38.89423764,21.50091699,12.35200172,0.375525989,2,3
23.05970129,42.11763247,40.4031904,25.10723064,29.87847114,0.242053654,2,3
17.89497865,36.48626154,25.49254451,18.10343406,23.72124753,0.480957572,2,3
21.64125739,48.53236944,38.2223094,56.38951857,30.69210765,0.376187794,2,3
19.26591901,41.49988315,28.88203756,29.89320651,34.14305242,0.469925993,1,3
23.89119356,8.486512968,36.67111899,32.48525724,17.58253967,0.09572964,1,1.698304537
23.45225558,37.09767751,23.05054322,50.13203904,46.36590719,0.336209999,1,3
20.25431998,29.09748719,37.6396645,35.64867364,47.09516698,0.826547807,2,3
21.91505546,5.739622607,44.3026932,15.98777411,9.741098415,0.400321109,0,1.690680405
23.83349701,16.30908314,21.09000913,31.89243547,36.63583165,0.967895101,0,1.531036713
19.9571701,46.47898603,22.34572253,41.52620216,6.495442776,0.708844811,0,3
18.1325074,46.67276178,23.09091918,45.96045439,7.095370906,0.366036587,3,3
22.53666138,40.94827071,30.76409762,42.26759264,48.10099613,0.251663689,0,3
17.20066255,49.18008215,27.26950462,15.95903596,36.26839107,0.685367987,1,3
18.88531148,41.29453511,40.17300384,25.21722626,19.60437334,0.30244649,2,3
23.65727237,5.459188428,31.84468098,46.67823225,35.14449505,0.92689282,3,0.677179476
22.2442234,17.95254531,32.11343357,54.00950972,43.06257728,0.116335881,1,2.267439279
19.03811005,6.378088201,37.92595253,12.35932075,44.19065644,0.028740335,0,1.764043863
17.14744502,9.234858593,29.04922456,12.1114554,5.923390056,0.221026775,2,1.660165403
18.55968391,14.84783676,28.83018119,42.17022647,41.82026033,0.606619133,0,1.720777884
17.84104149,27.66013458,38.92315969,37.40230771,43.39412218,0.834962002,1,3
16.76089288,43.13894016,39.50104365,17.76695253,31.80065922,0.17012807,1,3
22.43332914,43.78850403,20.35996931,37.41457908,26.59567296,0.584722859,1,3
17.52069887,32.72908364,23.5947619,58.72436718,9.994951274,0.1441531,0,3
19.5416747,46.76791726,25.32745453,41.54501102,15.78262279,0.563178648,2,3
18.85859447,27.5028047,28.79001172,32.4570578,27.07183038,0.018182278,2,3
24.82077379,45.00662199,27.28620209,51.3766244,43.928587,0.557807088,3,3
18.91092244,25.43293653,36.71300121,20.64112428,41.14104606,0.521775838,3,3
15.79982483,17.47512533,40.70338085,30.71632154,27.31683114,0.042847939,3,2.77570471
15.89825753,46.23858131,24.80217456,36.38839459,40.35321603,0.689416891,1,3
20.90753721,22.45707841,34.07450152,35.2269946,39.45800188,0.572254552,2,2.743127336
20.99363552,27.6531849,29.19540628,56.04862346,31.05569081,0.623097279,0,2.866463825
19.1875899,19.79872846,32.64444688,24.63340536,14.9146454,0.529773947,2,2.556800049
19.31843692,34.82769201,35.51894604,12.82518604,20.66016959,0.721993622,0,3
15.53932583,49.77640513,42.33999547,55.81886023,12.38290476,0.525003864,3,3
20.1654651,6.148109699,24.8073167,20.85338286,5.321772789,0.922269769,1,0.772052813
20.04739475,45.49316027,22.17516468,28.9513987,8.62364441,0.943509333,1,3
16.49549319,5.176672565,35.68029798,36.54458123,39.18315355,0.726675492,3,0.978226964
16.03839386,21.39025465,29.85327122,58.79402353,6.506876785,0.911761998,1,2.090313272
16.23572491,12.58730628,24.07256733,36.76342208,22.99336875,0.923154822,3,1.231937908
16.01028246,39.08038013,22.92717918,32.38716533,49.36011493,0.261998464,2,3
21.09708196,7.277487834,33.97274467,39.18192398,40.7857648,0.993929678,0,0.971389527
16.96482652,29.90682291,27.51176486,58.540408,38.77779223,0.267436829,1,3
17.51430152,18.27167602,44.93565949,50.89722994,17.36189456,0.018539208,3,2.806781015
16.73572144,11.0151612,30.14752048,18.44840682,33.8778597,0.962224963,0,1.440836919
24.57835304,39.73181954,25.30716522,50.16300075,27.44203315,0.223718042,3,3
23.54617463,14.78375754,35.72122613,52.05495299,33.07209806,0.584120863,1,1.85647333
17.30494837,15.06538454,26.10637224,44.5347052,24.61172535,0.970668157,0,1.446069732
18.27566294,17.37845533,32.35215108,42.86167296,28.89333681,0.049450395,1,2.362908642
17.09892842,31.40450437,32.06440459,32.04385004,49.47783121,0.269311954,0,3
19.91875959,34.68496693,31.33894074,42.08476936,19.81907848,0.608823973,0,3
15.19610532,5.792113567,39.90214241,46.87874861,14.74037481,0.762558057,3,1.059216256
21.71368009,15.88413363,25.41532504,16.1410124,25.18224993,0.807366447,0,1.870497516
20.2315815,24.39368791,42.60768263,22.86649801,28.59442298,0.883845377,2,3
23.98638928,19.93896285,39.78351258,19.70409395,8.853297631,0.168436025,1,3
16.64392684,44.78767963,28.32805911,52.06059185,41.268741,0.370037331,3,3
23.04109246,40.44689289,24.51506266,44.00012958,23.99237545,0.71425425,0,3
22.91961014,33.1650597,26.98837561,32.53892698,23.59340752,0.715310038,2,3
16.27181189,20.21190872,28.31590617,51.30278752,34.64779301,0.308054679,2,2.297999196
18.98559224,36.53025552,33.92332922,45.839067,39.795995,0.304223039,2,3
16.70152641,42.96371058,21.15920422,55.67965408,49.36731214,0.320642014,3,3
17.547205,31.76736698,42.85897825,13.8403498,12.80838643,0.89208019,0,3
17.63246175,40.30076601,22.46687142,35.45786908,20.55000576,0.909510763,0,3
20.56236394,38.70972326,26.98183485,45.33739518,12.57157709,0.014827476,2,3
19.11410932,30.728179,22.73218595,20.37465934,44.63847627,0.325016392,3,3
24.47732804,19.04824476,26.41682066,26.3563116,29.68219574,0.392035527,1,2.325804285
16.26370142,38.56019711,40.94184547,30.94881257,43.35980431,0.982385485,0,3
24.73692135,14.30583649,35.37939528,49.71628091,49.3351381,0.94416782,0,1.640650106
17.3063864,40.07697559,25.68308063,34.67881005,29.75930064,0.628325115,1,3
22.72873936,41.20460115,41.79396324,34.64350164,10.31683186,0.045805301,0,3
18.38969926,41.99651958,40.01780148,31.54438093,21.25704744,0.191217055,1,3
16.43081395,26.28121869,38.84123206,21.42945446,6.628518377,0.43420626,1,3
23.57889185,13.66163455,41.19081746,56.15357678,43.21854261,0.959035625,0,1.698137123
18.08860899,9.487562003,35.49124204,25.89005603,5.804912372,0.094704389,2,1.825544847
21.58855404,38.45125627,32.53593401,38.37328304,31.64832456,0.791352352,0,3
20.66443685,44.8817623,29.34837565,17.43898678,9.775997866,0.191191813,2,3
19.71756309,34.28772615,25.59410051,31.7121696,5.340102863,0.507851108,0,3
19.95819473,11.48720272,33.93529144,55.19017581,16.5267699,0.766970817,3,1.344509487
22.32237914,47.07034018,42.23730864,59.77326193,29.83334869,0.692495348,2,3
15.87772914,49.50959065,34.84954472,28.08759284,8.378956049,0.775747819,1,3
21.68180662,24.50203745,42.99017154,17.69952732,32.66995473,0.813592691,2,3
23.95812101,31.76713802,28.92293424,25.72257634,35.23964995,0.305742425,2,3
15.57788197,39.9752834,37.37844931,26.36208842,48.63641451,0.364030595,0,3
16.40653339,38.13754055,36.21663681,42.22543971,45.47916862,0.815742674,3,3
22.16631937,48.55042364,36.7608461,34.80783622,30.50559962,0.038643112,1,3
19.37281648,10.1697391,36.12605031,48.42298641,40.70141639,0.514454698,3,1.479718374
19.03548621,31.13261898,25.54136687,45.06516422,21.36384867,0.920404615,2,3
16.36966635,36.13691389,23.58977246,22.5654362,31.35704972,0.885003993,3,3
20.06770041,45.05442909,44.46570641,49.21278449,23.15093765,0.804303938,3,3
16.26545311,44.33493325,21.13237822,52.37309335,20.16687928,0.021548838,3,3
19.76620456,49.00999071,31.69341218,39.91950949,37.74377686,0.887687078,2,3
22.63615299,28.04353043,30.62700793,56.38338546,18.35017449,0.911663967,3,2.805587469
17.58264358,42.38423901,29.00047396,49.14740614,22.12485215,0.663670061,3,3
19.80786168,24.22767687,39.54959634,39.76979534,21.5227207,0.298913898,0,3
24.92015969,24.0041245,38.63375721,55.30829987,44.16815422,0.489927371,1,2.890157673
21.86650423,16.4006764,42.63062309,40.01792401,12.66820115,0.762619421,2,2.279599459
23.41356771,41.82067792,29.88718815,36.05955637,22.16641064,0.813028679,3,3
19.14847607,49.36167976,34.1044882,27.81291702,44.95414063,0.343343985,3,3
22.67860923,16.53537778,42.30767618,54.14316653,5.688699165,0.326067129,0,2.35932842
15.40509173,7.525921461,44.84620157,16.13635854,47.65401479,0.736181215,1,1.718011339
16.22911183,41.69940968,44.23235906,33.67513571,45.45051889,0.686355882,2,3
17.03070593,32.91035236,37.94609678,36.87066659,23.80316659,0.513197209,3,3
19.01951925,48.18644602,23.58068895,37.73745534,34.38613762,0.420260463,2,3
23.45744878,16.35076486,20.57965029,42.59449152,49.59799973,0.657159743,3,1.566540042
18.46266051,8.19624461,40.63045891,35.28978121,29.97267697,0.03243332,3,1.804858619
21.54621194,27.15990174,41.02355061,22.84090738,9.360441115,0.075689576,2,3
22.09314295,8.845971033,38.65902271,52.84721981,43.41384561,0.573086755,2,1.358215618
20.86182354,16.78055005,26.99808715,42.87626639,11.03682266,0.210278741,3,2.044089209
18.57241968,10.66900374,35.99544649,52.90939069,16.5772245,0.774783995,2,1.350262686
20.77053342,15.08594808,27.90621105,23.80217455,44.30819089,0.772363975,1,1.814598111
18.42265593,9.776509377,31.26620615,41.85284475,16.52131453,0.709962081,2,1.246348322
15.83873739,47.92576997,29.56087712,45.70868725,38.52886688,0.903602686,2,3
24.92803978,17.53532211,42.84100217,29.17025802,25.14531554,0.140834938,2,2.819445567
16.27182454,24.97539137,25.85393327,50.61220591,39.18870255,0.259240337,2,2.723594685
15.72348384,45.43753134,34.44027261,10.12543874,15.45585103,0.252299273,3,3
23.78530749,35.47947146,29.02453823,39.74598751,23.88044862,0.782388676,0,3
18.01834661,32.81168663,36.5767778,40.67842352,19.31726024,0.521344658,3,3
21.50296974,36.75034357,34.11407853,36.69215465,16.20698189,0.25267579,3,3
18.2900573,42.29700157,43.09944203,41.50242435,19.14934396,0.136427142,1,3
18.91454271,44.49511705,22.54030379,18.36134285,19.53464895,0.893016335,3,3
17.62112972,33.91878518,25.51602099,44.23907409,47.99201871,0.692129047,3,3
18.43044006,45.05032736,39.1586991,26.78944814,28.99536497,0.528524992,1,3
19.10700401,29.09288873,29.219671,32.60268713,25.79234847,0.965470868,1,3
22.20416069,17.47808853,24.14459466,26.6554682,27.64933565,0.84959095,2,1.861278518
20.11536194,44.6034519,32.58303148,33.69681017,49.82589392,0.178121376,3,3
24.43565217,29.36627723,36.30355154,41.07846133,34.41150972,0.508130594,1,3
15.41880394,45.77619144,21.12066785,51.91717354,36.65689887,0.486078652,3,3
20.03068323,6.807551628,27.29054723,34.17175288,19.11298233,0.844286421,3,0.826579331
20.84224789,22.88820882,40.23556344,26.16119138,26.21919695,0.149088071,3,3
24.20196986,47.65122583,33.00611417,34.39709395,13.28294253,0.451786237,2,3
15.49158524,16.23425417,20.88448038,44.4401832,35.83352551,0.636540553,2,1.556902655
20.73499585,47.36913107,27.04877513,27.33503584,20.50225366,0.945254615,3,3
23.53629929,47.92561075,35.9785164,30.71410374,38.67297646,0.899264935,0,3
17.41927728,44.69640414,24.98398674,38.14199085,14.59225896,0.53384787,3,3
23.76292349,30.36506203,40.68478516,24.70046319,23.15763627,0.606720791,2,3
15.19043409,34.11227521,36.91439768,20.45423298,26.2032953,0.852401343,1,3
22.32454629,44.13276493,31.78447652,17.01961419,12.49364092,0.744388265,3,3
24.33113221,39.91536871,42.89059453,27.63049916,8.13159925,0.879335609,2,3
21.57197662,33.35422323,29.79501927,12.41714532,19.26804638,0.895930614,1,3
19.39029244,49.20167335,25.87683526,39.17412634,29.52014646,0.83258602,2,3
15.44881016,35.85544864,36.53507481,18.7954683,34.37055269,0.00937821,0,3
24.20113813,48.89668966,34.33237969,28.86973962,24.13721045,0.310933873,2,3
19.70296223,7.582481357,28.38119752,23.46114077,27.51249259,0.403516988,3,1.267918152
15.28996744,11.25321668,28.59161403,41.51949832,29.44368385,0.6779153,1,1.324222836
21.89821071,25.31564807,29.95525772,52.51728307,28.03598695,0.306860982,3,2.851470076
19.81837254,22.31957574,27.27846419,41.66505215,9.064784999,0.323558131,3,2.562810127
16.24345317,40.22306786,37.75603516,37.12524643,23.22504647,0.40020304,0,3
17.14271809,12.22763119,36.28396013,43.45418697,14.19491405,0.9553336,2,1.520019787
15.6449068,48.92428306,31.01944131,11.49953189,29.01811884,0.437157847,0,3
20.7429354,19.17796439,29.94636689,16.14223305,39.11343135,0.140672223,2,2.684250226
21.22029479,24.30156685,29.12628173,14.7463618,31.07688347,0.006355807,0,3
20.05742298,17.36352646,27.08670803,14.90985829,14.98198332,0.236612661,2,2.371838
23.17102133,31.07136278,22.14241658,23.02418576,14.34905985,0.938810894,1,3
23.61008821,7.638291519,26.70511714,36.60261302,6.664915869,0.954992536,3,0.810477325
21.15624397,11.73548775,28.03003372,15.73407893,24.1871397,0.529001356,2,1.686041765
15.1275648,38.56089665,33.69210016,56.75581206,24.47876913,0.646363345,1,3
21.95229656,13.39252625,39.34471273,52.71284013,15.63963554,0.79591801,2,1.725655643
19.17999217,15.59815032,29.89255362,58.58221769,39.39163105,0.055887625,2,1.942467497
20.65557483,40.68420061,43.61892265,12.12500225,22.39190135,0.374307299,3,3
21.49080602,9.198553026,40.68374909,52.57012235,35.12306291,0.642247302,3,1.429155397
18.50236614,24.68632202,44.6200462,50.18670377,33.80316495,0.898253429,1,3
24.17098505,6.037852415,41.90507603,55.10529323,32.21332054,0.726829561,3,1.086153396
16.33974867,20.60633297,35.41814873,36.39720838,45.86297722,0.350061466,3,2.702235438
21.71511807,36.45416312,34.9619822,49.39445354,5.71505521,0.909982318,1,3
15.0435958,9.054647587,23.23815317,12.56434397,8.061678988,0.664619448,3,1.222116701
24.24651105,44.97505821,38.05998122,13.79388947,37.49632927,0.830235286,1,3
16.12504133,45.92745693,35.00517144,15.92661205,20.90866635,0.385507542,1,3
15.9488423,9.724566881,32.67330258,55.73944316,49.39350779,0.002158841,3,1.503092922
18.33007633,49.58295964,37.33217181,13.05846747,14.73857251,0.166168594,2,3
18.73566286,18.3888299,31.10119607,15.00747633,13.25385671,0.927177417,3,2.261926054
17.14300072,8.784575201,33.09649156,56.52052013,31.46998211,0.033124034,3,1.399906687
20.85121661,5.228020152,29.95880762,15.36962909,17.57413755,0.59603926,2,1.069713015
19.42914098,23.38353031,37.93427233,53.48781494,20.32218433,0.409127507,3,2.863386873
15.34175589,33.34144936,41.91527426,49.4635394,46.44609458,0.429578682,3,3
18.19652062,19.94806625,41.02112348,12.01409943,6.180920089,0.400818349,2,3
23.10432914,42.65228145,39.6506318,11.09236984,28.9066739,0.067425828,1,3
21.89701535,37.2472824,20.34469261,36.71941918,20.07047426,0.122330496,2,3
22.24870854,20.75726894,42.7970116,59.85877019,20.56963892,0.062939349,2,2.872236571
21.98116924,38.043935,26.87189302,53.941508,16.15139644,0.053907859,0,3
18.10973021,47.32194816,42.19934857,25.50127167,11.06825391,0.085610603,0,3
15.99663922,9.189319934,24.92420258,29.31546171,6.551674778,0.696617192,1,1.108275533
17.72467184,18.77467821,30.99114379,29.39529981,49.44629778,0.1142052,3,2.559450349
23.317853,25.84966726,38.73496986,46.7089408,34.71647113,0.261493066,1,3
24.80470798,27.40955575,36.00697363,27.05663763,39.9742388,0.656949184,3,3
19.93847015,29.39880402,30.39804845,17.38985307,7.925103468,0.112265663,0,3
15.09700355,18.52821079,36.96559642,47.35537043,5.667683608,0.910256249,2,2.156325798
16.40044812,35.02668407,33.72373775,32.90078091,32.01299093,0.477484178,2,3
18.22080575,34.02880266,26.89340767,13.83893618,37.57241252,0.96305749,1,3
20.78585349,31.00196778,36.15823614,49.50261342,22.76898198,0.192510739,2,3
15.75093646,10.11927748,25.10617716,39.2655632,22.44897989,0.030624387,2,1.440832494
24.43357299,26.4635551,37.34970711,34.46846626,22.30157846,0.590281408,0,3
18.65083673,21.03020994,20.07777194,43.66715836,11.87401316,0.328738387,0,2.171239281
24.12584218,27.09673114,33.71931284,35.26838414,38.926108,0.572390542,1,3
22.80521803,46.4839896,30.02669069,42.4210074,14.68367296,0.473650171,3,3
22.55437273,26.62391044,27.57759435,53.37442727,19.59847232,0.457156167,1,2.819321833
21.0671958,5.629135633,32.89269918,40.67571841,35.20668819,0.851177634,0,0.826990868
21.26783817,24.74765321,36.13279081,42.98002489,5.004711986,0.191834004,2,3
21.38003235,41.9291681,44.13280666,40.69280347,39.48157337,0.499634915,3,3
21.28721387,40.10274154,40.82661225,36.55898888,45.45926367,0.416004262,0,3
20.53728231,28.10255331,37.92874708,18.59862055,7.322781887,0.673769421,0,3
24.86414018,16.23960558,31.97417279,26.78388218,31.62307129,0.050132667,3,2.396861162
22.32290567,25.92898983,29.80360299,44.65544837,23.38065364,0.529420442,3,2.875087712
22.76946388,30.36659987,20.81324136,31.27380534,8.530852613,0.478540657,1,3
23.72462815,49.99421472,28.97742258,30.3064506,35.70039443,0.973580611,3,3
17.15639763,33.98801406,41.20942847,47.96346421,32.55433802,0.755821816,3,3
15.83804159,36.24192185,29.60061455,10.27844303,33.91971472,0.154978619,2,3
19.82894437,27.11543646,31.53962498,43.94972401,41.60729143,0.509214439,1,3
20.14080696,20.95202979,26.7958606,34.46132552,17.9113539,0.783736922,3,2.251916616
23.2918178,41.58288426,26.85331897,28.83812906,35.46806321,0.524569366,1,3
19.43783579,27.2719546,21.54679402,27.02683058,38.44929626,0.35670077,3,2.996803236
20.70853026,49.76105585,35.34509814,18.64377477,12.59667341,0.376655376,0,3
20.27070939,25.57042584,31.20173508,26.71260414,48.06800938,0.367003946,0,3
15.38202784,8.060012764,35.14902019,29.57092361,20.29914701,0.019954476,1,1.671948809
21.15214897,35.71601617,33.6721725,31.87244597,37.11687019,0.730596146,0,3
23.28043286,7.098865292,39.97111468,43.61503193,38.93090568,0.610883759,0,1.30066482
16.57500548,16.27257186,38.77529781,32.67855097,27.68139137,0.268677522,3,2.458642842
20.94331734,20.91822138,39.28634633,49.81421521,10.79227878,0.630023373,2,2.588213176
20.93610544,38.27676135,32.48097517,41.98689987,17.40483196,0.308729381,3,3
16.64184964,27.24061669,28.84703378,19.47985397,15.54111285,0.24338135,2,3
16.23463574,6.289066909,43.33591476,23.85865864,28.33890485,0.741152888,1,1.464274153
24.80051943,32.75824331,21.35674434,13.96245932,16.75709919,0.80910961,2,3
18.9371917,23.51463068,23.8155327,57.28608775,29.60467146,0.625708625,1,2.259598968
17.27421729,46.48255295,30.4899773,54.32752406,17.96930395,0.784146627,2,3
16.71324544,27.480304,35.34894131,14.23981127,5.044061015,0.365700114,0,3
21.67601714,36.90388157,20.20500937,38.70380079,21.34655302,0.071803791,0,3
21.09445297,14.84908215,37.98307048,58.02009094,32.30828839,0.604885608,1,1.868366851
21.43552123,39.2438104,33.96816357,47.3571395,39.81635494,0.255976249,2,3
15.88006028,37.44298897,32.11756897,34.5906097,6.276400744,0.777479346,0,3
23.93534583,45.68367688,30.58737597,22.05514945,16.62408503,0.358107555,1,3
18.89266397,6.521973877,32.98717579,23.95185375,49.3457954,0.670673039,2,1.176914857
18.13369406,25.13753139,24.04464336,46.81189773,16.78169248,0.552866117,0,2.570689215
19.62361447,35.56199312,22.71779348,49.02876366,39.97389454,0.817484788,3,3
18.90066066,9.282375504,27.24093697,36.43466622,27.92181283,0.832305422,2,1.05576941
23.63577003,23.47718302,37.7376198,16.04743508,10.49782928,0.068297737,1,3
24.29260975,47.39659714,34.7071971,56.69341868,33.9530058,0.295115658,3,3
18.03453216,24.61705209,32.00307544,52.23813673,48.48533835,0.870879138,3,2.570653454
23.63935807,49.34321526,34.28802415,17.02693895,44.90730647,0.40398963,1,3
22.8152313,7.557757749,33.98145033,12.83637918,36.06317545,0.514869343,3,1.502692322
24.30807672,37.30233993,27.67604814,36.79338414,28.04667201,0.183343787,1,3
17.45750312,31.14573063,22.43639868,24.20713089,19.36998525,0.552686268,0,3
20.7695915,27.52428547,42.41955922,24.16248547,21.0634982,0.264614932,1,3
17.74544585,48.68813307,34.99778157,14.36107964,20.57930334,0.829233578,3,3
23.2409449,10.83426802,37.44369999,57.66929176,46.49368913,0.200244715,3,1.65473486
15.05324191,45.31995283,31.59993061,51.50832298,14.50906066,0.359855207,2,3
20.64819163,36.1058185,38.9120145,15.69172959,22.01134288,0.095073982,3,3
18.39203431,16.6548233,34.6124316,53.82993838,24.4383456,0.587982083,0,1.986939624
18.22683707,45.57511155,21.34502805,44.1478028,23.40054479,0.941972064,1,3
21.44906324,24.3182713,42.25242588,26.27205659,5.188921153,0.173155914,1,3
23.51484449,41.64022976,27.63840367,53.56252772,17.19381096,0.01973717,3,3
21.09195391,22.49764327,23.44726944,39.90110939,27.43558487,0.422463134,0,2.421097313
23.53172979,43.29188723,22.20102519,52.43349222,39.22219918,0.748415161,1,3
17.64597112,33.64831033,38.01100785,33.46339622,30.62632934,0.975100643,2,3
20.19501855,11.34709851,37.59920917,35.03255201,22.31879021,0.051279068,0,2.01205177
19.50536539,34.23484236,37.50405312,24.55050147,34.93133946,0.785961887,2,3
15.116449,13.61051432,42.89381932,29.3846346,34.96519435,0.368674073,2,2.312662027
20.56812143,23.53651826,28.72357555,38.38760346,16.15661072,0.153731497,1,2.850362561
21.61524324,12.66330129,34.02832641,57.35296119,9.669836623,0.192305157,0,1.730925486
20.91914404,5.990725205,35.48738957,40.005888,41.14325788,0.923883762,3,0.919984745
22.36279899,14.53489428,44.48704571,17.36890959,28.84020707,0.809357535,1,2.358023088
20.71339528,29.13674107,27.80865359,10.34980927,12.94361429,0.311729077,2,3
15.66750255,26.67024355,43.90828,52.54939278,16.79319796,0.940190265,1,3
16.16445524,27.5673693,23.71835833,28.21627117,39.48910217,0.105253306,1,3
20.96474578,16.14590953,39.1000364,25.74829698,34.39725731,0.322536443,2,2.499174308
17.74979192,35.83225403,35.8221475,50.03655615,47.53249538,0.652921169,1,3
15.79645129,36.69184791,40.42240093,57.26821495,25.92263367,0.999419076,3,3
19.29602743,21.10855215,20.71713934,47.40225442,7.348398344,0.465641717,2,2.094583124
20.54322598,44.65265398,21.95327607,18.69236565,36.51902903,0.810714888,0,3
18.28745988,33.98104475,21.74239449,29.56891468,16.47098397,0.915865892,2,3
22.20433702,37.08676739,34.82398639,47.96992762,19.57345491,0.009628424,3,3
21.43770608,17.48029631,35.07340169,55.34629073,13.84917142,0.288940729,0,2.219209749
18.32818361,5.027523582,42.65262223,59.9300032,18.90209298,0.100359753,2,1.275026524
22.54872529,43.94190254,31.69008786,35.57804536,42.3266214,0.776060249,2,3
21.48695043,42.00909731,21.70122638,51.12624092,30.95209873,0.567050427,1,3
21.37445379,10.54363496,25.23823504,12.33158214,9.911918447,0.095559944,0,1.724542204
20.53427701,21.83473107,20.20182737,24.29123749,31.3971653,0.420724375,3,2.403592791
15.11389668,34.76026888,39.41786313,28.57567017,33.510351,0.513969372,3,3
21.96507183,34.34498857,40.38998592,58.77619226,44.81706611,0.697751443,2,3
18.76041791,43.71576507,44.94851041,10.16968241,43.68404496,0.779484236,1,3
24.4260971,11.31206727,30.30486123,25.40103689,7.829380231,0.087872202,3,1.843422298
23.17984771,24.34728865,20.48245939,56.52061298,44.00141427,0.487645596,1,2.308448584
20.8769447,9.375098807,25.86824704,25.33391175,7.28981303,0.161123436,0,1.465883946
17.52181982,22.53178618,34.69422169,21.25333829,11.93548929,0.753255555,1,2.820491514
17.03717393,5.679835051,44.04857418,46.50442557,10.01975009,0.657668834,1,1.242390638
18.40384838,45.42228793,22.58946379,47.26694465,13.17637583,0.723000954,2,3
19.76567944,28.71697986,23.0393255,33.60889413,41.14678974,0.074994257,3,3
17.9606551,43.24110174,37.54397463,57.34587349,35.87537051,0.510324613,0,3
20.14929495,7.695711545,36.68017638,20.13535398,35.91330968,0.840580654,3,1.370599834
16.65370426,15.23561497,26.26265888,55.6707917,46.49574284,0.713341399,0,1.485604844
24.77712813,16.67209978,40.32861978,47.77540383,22.63329646,0.861747979,0,2.102869277
16.07924555,22.40111726,23.21946889,28.41041704,5.14793494,0.206104535,3,2.626937584
24.3194414,41.12898676,43.14354612,50.34543099,33.78958034,0.286900667,0,3
24.13578011,22.39510432,25.02579826,16.66010882,44.06334739,0.441279091,3,2.686463074
20.25360482,14.20940883,22.03380932,16.54912466,48.93170813,0.523257141,1,1.728281377
22.24910272,7.924561715,28.48805216,56.49686016,21.37517286,0.252162865,0,1.051007876
19.36048298,8.577128676,24.69603221,14.73902539,41.99684848,0.381237355,3,1.34290501
21.30034578,39.20212427,33.17353063,10.20398034,43.21524715,0.687042704,1,3
18.40575937,25.0161346,37.17116343,29.45152458,11.49970285,0.645381338,1,3
18.0115902,37.67815049,32.27303946,15.19254872,33.41743499,0.110473087,1,3
20.78229786,35.70292048,36.5151833,53.15182466,12.79130446,0.985702642,1,3
19.98129674,11.09131078,29.12301286,56.13467567,25.09838682,0.562745222,0,1.237178806
20.79536369,11.42995704,20.69806493,34.12131822,44.56701136,0.483562386,3,1.249936826
17.86660581,38.99039069,44.35160311,31.27357665,40.52602005,0.967247183,3,3
18.66957832,37.45707321,40.48533761,36.95196385,30.66527557,0.140329442,1,3
15.83897961,22.01138451,21.8354706,21.30973124,41.3919124,0.543673353,2,2.444053482
15.52276372,8.48400185,31.2294099,24.89829307,11.8772379,0.805077582,2,1.237858793
17.5345713,5.544410976,35.87547675,15.04885852,13.77137154,0.398903689,2,1.400349893
15.74246859,17.96706273,24.76485676,32.32250456,14.39891562,0.736304692,2,1.930824106
16.03774709,5.415002311,34.44971528,40.58458113,39.92060999,0.899162942,1,0.834396791
23.12928405,15.35326795,33.34121545,56.51118672,45.0934477,0.261653087,2,1.950762233
15.38873697,23.87753331,25.20662971,46.95365853,30.32763442,0.241460045,2,2.637707714
21.58942794,10.46370944,23.53025773,46.15318668,48.10872311,0.360685535,1,1.188838234
17.72557749,9.692499102,38.97405724,25.3999481,37.7613613,0.418441511,3,1.805164915
23.71545681,45.33968461,28.06466115,54.41466488,30.36577252,0.111044371,3,3
19.84992285,31.34615131,26.10101335,57.34778483,32.52157371,0.231289008,0,3
18.05576459,47.0505059,38.44695882,56.61314683,43.2290369,0.873228026,3,3
20.17638936,20.56217737,38.4017173,11.94015133,9.058131834,0.566591081,0,2.933577927
18.81958019,35.47152218,26.91004141,40.21753182,12.56078691,0.26782029,0,3
20.64301065,14.21112536,41.81421153,42.16125529,16.98327427,0.943594741,0,1.921509663
16.14532868,32.82531428,37.20625413,24.75325801,45.26491352,0.774311103,3,3
24.96990503,10.83135785,28.64410545,59.62060916,47.5225237,0.362430349,1,1.260518034
19.25555878,5.093628763,30.68724125,24.55937294,21.02767468,0.765442865,1,0.903955756
18.4823064,46.91893106,38.16774215,20.83058291,46.57357517,0.59605229,3,3
22.10209848,29.97024693,25.28959582,34.20728252,29.60815104,0.68381837,0,3
18.63899406,46.71232983,31.71901981,26.15736899,26.29731849,0.321449314,2,3
23.33274305,20.02241857,36.33895856,56.20147299,42.47441051,0.209495441,1,2.546778025
19.54270724,19.75037311,33.4874637,32.00383657,29.57375466,0.253580651,2,2.64445741
22.19558413,23.02947508,35.20820865,30.50747773,25.45170345,0.08373446,2,3
16.07453216,36.77184428,33.65531249,41.29310651,5.718357692,0.471037618,2,3
23.46119186,30.46138854,24.98068609,14.05573356,5.580394808,0.406233282,3,3
22.35717987,46.64097082,30.25513362,47.83664734,33.24161301,0.002539672,0,3
17.11716778,6.144840551,33.29963739,48.41994109,8.303761888,0.856366667,3,0.812089224
16.4528601,36.86881721,39.50156856,33.70129174,38.16253889,0.681869219,0,3
18.16292349,19.86474602,36.34760593,57.78489705,33.00536585,0.446741152,0,2.39684192
24.76070586,13.11051433,30.66477363,38.96695554,25.59782897,0.967021225,2,1.460030386
17.56831575,27.96780301,44.3599958,44.76182271,36.94116394,0.94054161,2,3
19.56127209,27.72787029,22.69488804,56.21724778,49.6882105,0.095096928,1,2.919562355
15.30020226,11.16549629,25.17012171,43.31726717,16.08605481,0.615139238,3,1.214811395
18.9722753,14.08532253,28.53281525,31.59130039,30.06750651,0.817022483,1,1.635201849
20.71320015,23.36740992,25.71430192,11.23855878,42.92851578,0.172951851,0,2.995022876
24.53124613,23.39651356,35.63604992,46.41496578,5.759370704,0.127962072,3,2.999388992
20.16736045,19.29011628,20.98876823,58.24330058,14.15787479,0.259777779,3,1.916315341
23.19107326,11.68453182,24.43591961,33.51175618,28.44313953,0.279671145,1,1.508030701
20.47127643,5.19681556,27.33368094,26.98843189,29.85107112,0.964984612,3,0.678427629
15.40785013,48.66057781,37.08364438,35.96297132,8.884996882,0.780477331,2,3
18.15008275,47.45746534,41.89662206,46.42186028,23.33432865,0.059737904,2,3
20.75549508,26.76426706,39.96229426,10.03452372,28.39031411,0.786481419,2,3
24.50593966,49.7773289,24.55202333,54.36058614,24.03390645,0.169639518,0,3
23.5913036,35.31444489,34.13514396,54.31814298,36.52683151,0.357241957,1,3
17.28355614,8.098589192,20.75056613,37.06489668,39.71137499,0.318519608,2,0.971635686
17.2010983,10.29731896,27.76341938,16.11893831,25.71177287,0.272381572,0,1.65779904
17.01172967,46.22498797,40.14959487,43.59028973,24.15468775,0.308758033,0,3
24.22498896,33.3523491,31.41664284,16.89228315,36.74136519,0.754201529,1,3
23.52666153,42.9432632,23.74853306,35.37735757,29.98860615,0.266553896,2,3
22.74883432,45.42213423,30.96383454,14.6814986,44.1697751,0.800724097,3,3
18.92735114,25.15739051,24.95082314,39.45326691,26.65157681,0.091016986,0,2.907391993
20.04380704,7.183667821,29.82978645,25.90346626,30.84473641,0.595169911,3,1.156073379
19.64331745,13.4726157,32.19583682,51.54957074,10.79623414,0.863000873,0,1.473459987
17.53398108,7.995737629,28.73895281,49.99730631,42.61987588,0.079297169,2,1.217917209
20.05028046,13.49329306,43.42422376,59.92369377,24.00314593,0.63488773,0,1.880122628
15.30496548,23.47398169,34.06325744,22.87515874,37.35784818,0.511616752,0,2.99828012
16.31810373,10.31885647,41.07231685,13.09005464,24.32672371,0.331941135,1,2.104091762
23.86589596,12.50299615,39.01821368,32.15016326,5.045550338,0.100674538,1,2.179067836
22.51679767,25.06198019,36.52915773,14.17016675,23.01846126,0.676485296,3,3
19.22868409,20.30769277,32.42221871,18.92498575,11.63759878,0.309377964,1,2.767571061
20.17150362,26.04461559,20.05434459,39.86500707,22.93767857,0.338919036,1,2.704830124
18.69998886,24.31274125,35.33669001,39.60654257,19.46047731,0.717592735,3,2.854301999
22.40779867,34.00151117,28.89893633,12.16637389,14.11463204,0.945353564,3,3
22.84187179,47.1735297,22.94405417,32.14523757,10.56974437,0.333637444,1,3
22.6328519,9.85389523,31.11565659,36.51093464,37.785255,0.746733074,2,1.284102193
22.22611725,9.466706719,38.38883306,23.40121189,38.9687136,0.956609027,0,1.513981808
17.04504339,43.376275,44.04194487,53.60215909,16.92488773,0.09782695,2,3
18.37969979,27.78785171,29.35262228,18.05493238,27.28356011,0.529201949,2,3
19.69845435,39.48822606,33.56808247,22.69509025,25.88319264,0.011164335,1,3
18.30792991,14.69398566,41.28110958,17.84972075,20.9861407,0.825178031,2,2.254349329
22.549402,42.29881579,28.3499855,15.82733169,17.49367318,0.286890701,0,3
18.29353524,46.57309809,23.55643112,53.9489592,13.37142842,0.332767494,2,3
16.38232087,33.5967357,27.04704578,23.89295825,44.2801679,0.687286938,3,3
18.99040452,9.764555966,42.47807075,46.12620097,42.49906194,0.789179814,2,1.536539371
24.79914433,45.28826664,23.98482771,31.39911799,23.77307346,0.399990251,1,3
17.25881413,40.66194773,28.23052653,41.79367404,37.45405654,0.665520067,2,3
21.12158659,38.78949994,31.61600776,56.40880981,27.42494371,0.956354411,2,3
19.3297305,6.652768501,41.17783059,52.23039335,8.842246938,0.886902295,3,1.072116122
15.71024568,40.95331364,43.44283209,13.44931962,42.00757288,0.701294109,1,3
19.87876606,11.20779547,30.64525774,52.26012676,14.86721948,0.943063889,0,1.148154926
22.02164329,15.00737793,43.29885121,32.59117576,36.80678798,0.875938048,1,2.180152051
20.13219976,30.97106757,24.03647737,27.50728634,28.73290842,0.729009073,1,3
23.72106064,16.92413478,23.9213073,43.61939627,36.07429864,0.917247759,2,1.594972546
17.88937017,34.76066928,43.73127049,57.51039365,26.20413751,0.817390464,1,3
15.86249171,32.36317015,32.74200334,14.70677488,36.61525168,0.502254098,1,3
24.36565612,9.866731911,24.64769588,48.40385151,6.476564883,0.502281903,0,1.073083587
18.7819635,34.52065608,32.19975926,20.17540154,6.83838226,0.00879079,2,3
20.76405551,46.57797094,39.58027888,29.00680614,45.33529843,0.030249734,0,3
22.92003126,12.24994573,40.67300914,53.69115081,38.73623072,0.746227595,0,1.670736239
18.24313664,31.86779094,41.59923142,37.2899592,42.28103839,0.5547689,1,3
22.16164538,20.38394174,34.23927258,13.3728324,25.54634241,0.76095812,0,2.665495876
16.3541885,25.68252523,41.67365036,35.40242751,25.68410878,0.949662819,3,3
17.91293747,17.91500806,32.75075522,49.48209508,29.0301816,0.452530656,0,2.162106368
16.44710636,20.93587864,35.17649756,36.44402939,15.9647921,0.088445601,1,2.857474688
23.11230558,6.301032047,38.96799506,18.34446195,38.00761243,0.626559442,1,1.432312033
17.22649235,49.16982821,30.63588232,32.25205375,42.32544815,0.099733812,2,3
22.17403555,33.11599649,21.83953718,56.2172684,45.82508417,0.621302991,1,3
24.43298397,27.53175157,28.75415892,42.9101995,28.26652318,0.527738844,1,3
20.27772209,22.26719073,35.59860542,46.49432533,23.65594276,0.712217104,3,2.592287448
20.40029192,29.27185515,24.80830924,49.29682537,42.391996,0.350959557,1,3
19.61033568,22.10476994,23.70963409,14.53467121,38.8699601,0.143861801,2,2.783520518
18.25890143,21.19585674,27.32701361,39.07682796,44.02729489,0.236210496,0,2.5216126
19.75655031,25.87759438,20.80278656,28.79575966,34.50789759,0.683634349,1,2.651410885
21.02807532,17.41923652,38.58557245,16.95795818,44.74909866,0.478165582,2,2.619447027
24.85991572,13.1022455,26.46789005,20.13547792,9.006874972,0.540817481,1,1.720724032
24.37764559,30.04726542,23.10595992,49.05802369,35.580271,0.322998422,0,3
23.62152958,42.92444463,37.4782354,18.07445526,8.995778982,0.836702168,0,3
23.89130536,11.877268,41.07320031,25.62093036,38.70084395,0.99945508,1,1.800896633
19.67849183,6.473045327,20.4968899,24.24366691,33.27997416,0.312206108,1,0.931994473
21.57444327,16.10652853,25.83999427,12.4315182,5.719640971,0.718651612,2,1.988345008
23.95066723,49.08742896,43.63080812,33.10792246,31.96674437,0.171100244,0,3
18.92950765,42.29411332,29.6313534,48.29649211,11.58259139,0.742431936,1,3
24.61762478,31.81397241,43.46480158,11.10763164,11.40851389,0.430851371,1,3
19.15786062,46.81620119,26.85531346,15.62757252,11.77083552,0.60530569,1,3
21.01082665,25.03756026,25.45169089,46.00933398,26.7720621,0.237560631,1,2.773272067
22.09804713,49.24762712,25.35271029,39.67904953,10.19841143,0.851656735,2,3
24.50592013,18.33359203,22.13071651,45.7623807,10.65450868,0.173335308,3,2.026758292
17.44616274,15.81375873,42.41080721,21.50519774,16.52755938,0.928605441,2,2.315714749
22.46130978,33.71216905,44.49587557,50.18843916,5.038620072,0.061248368,0,3
20.20815586,22.01692856,43.86272018,33.99355301,17.41053951,0.287981549,0,3
17.68557141,33.18644939,41.3007035,40.51509871,32.82834951,0.562945498,3,3
22.7660684,18.72479832,41.17219769,14.60767086,32.07067523,0.858468584,2,2.669575422
20.5222228,32.80632156,36.52713668,20.25157917,48.62901417,0.577024857,3,3
21.60973821,17.40858173,40.6553428,48.66789408,10.38335355,0.21611369,3,2.50130048
18.22901069,7.293743097,25.20855911,21.19542206,43.95070992,0.859033386,0,0.928188699
19.81273952,46.04611559,29.69781576,14.62649138,22.6035392,0.596162111,2,3
21.17354251,44.74423408,36.02090733,39.86016411,22.41663296,0.23234697,1,3
19.04910814,48.68591672,41.86928331,37.39682581,20.69648976,0.561843562,1,3
16.9837254,37.24372293,36.51173656,40.39469645,10.61314391,0.675299262,3,3
24.61640492,35.722453,40.97554896,40.91527482,26.53272667,0.680527455,2,3
20.1146754,30.15513815,31.8487379,35.00986729,40.43200862,0.724004609,1,3
22.3392037,10.66740874,37.93259344,34.68869603,44.39445832,0.895738038,1,1.536404676
19.11047194,13.51558899,44.49952016,56.20827826,48.32866662,0.824822049,2,1.860382431
18.55131764,18.02613599,23.83721393,36.69408624,40.33816186,0.607697002,1,1.926398033
19.07164298,45.05703632,43.17301731,40.86501012,33.03912675,0.032165405,0,3
19.09196644,12.78362861,33.0590987,23.3484696,27.38902009,0.749522369,1,1.772086937
20.44180116,46.52929285,36.08045077,53.55466004,44.37037632,0.974959423,0,3
20.4346987,28.52535799,41.94672517,11.21840463,38.27811231,0.305566621,3,3
19.97153816,37.2006336,30.24135431,37.86133811,12.25661792,0.606898617,2,3
16.34785785,9.961001901,30.46731437,29.19251476,35.71477218,0.768666609,0,1.335418884
19.96075479,17.10650969,33.17954591,40.19520978,24.39673691,0.639088979,1,2.095139246
16.691039,48.13333737,20.47755211,28.00860249,31.81098548,0.922548894,0,3
16.26135786,16.97674761,32.41665452,45.88439559,45.42588877,0.47333996,1,2.082715976
24.32645717,18.34347742,27.27718162,11.01657215,34.36567469,0.531846776,1,2.36749802
21.04950013,13.89188232,43.19885456,30.29447194,47.24259283,0.03824339,0,2.507083636
21.59490058,10.80831494,22.19338247,51.56317999,43.98663539,0.900221312,1,0.854868454
19.0179367,15.49659387,31.48301155,22.51003589,10.8005563,0.262282812,0,2.24285134
24.08980892,33.90471014,43.68670426,12.63754392,5.52433612,0.978421074,3,3
21.3793049,25.49154801,42.52588126,34.82620373,22.29851339,0.202106362,3,3
22.6916987,29.91901264,37.53371106,58.82667303,43.93984948,0.253455678,3,3
18.68562469,10.50641729,34.7340263,13.20792808,15.35566967,0.484625634,3,1.834050508
24.60011881,41.09524012,27.01827343,13.50282464,36.11299649,0.660500077,1,3
23.2046129,40.28426153,29.17392782,39.75582825,26.41979162,0.440664608,2,3
23.53948463,5.971546001,22.25337162,22.50338564,38.57349922,0.351816532,2,0.937991532
16.72194267,22.25817925,39.65270744,30.51156168,12.42395955,0.540086978,0,2.972415734
17.70963208,8.094677089,28.0967442,51.52535765,15.75909675,0.958298318,3,0.751623113
17.856266,40.64476007,36.69454748,19.94243421,15.91360113,0.961951996,3,3
17.70909223,38.17713574,28.93986943,45.96499685,29.68096161,0.328044789,0,3
23.55408162,45.58946424,31.60826103,35.22427566,18.0331006,0.680158641,2,3
15.31884795,15.63817815,33.87506181,55.24788462,41.52750678,0.721912297,2,1.779551548
15.76099989,25.53331474,40.04631021,58.64810001,20.60573986,0.653417128,3,2.975018917
17.73914871,13.30195447,25.27890944,34.24803928,34.7383017,0.113010254,3,1.773840242
16.99872975,21.70557205,29.96913467,39.23235296,47.68258487,0.539475652,2,2.507467005
17.31859614,28.50094632,23.2520393,47.29212704,32.3115673,0.763251608,3,2.770615534
22.97943189,7.399885543,21.89401262,25.93370709,15.8969085,0.200809556,3,1.110047126
20.63126594,37.16916848,35.1168589,21.33701753,42.37055029,0.34820883,3,3
15.05770661,29.44820122,24.72727611,58.23425862,5.564413431,0.203800439,2,3
19.29322766,42.30315577,21.49498355,31.63076956,16.54417226,0.886928554,3,3
19.07884927,17.23012255,42.42744828,10.07954133,22.43707198,0.858531616,3,2.60719931
16.13945269,45.64944974,33.35786049,51.88591493,13.81904876,0.16920312,3,3
21.76141789,49.94124139,23.36570519,39.98320806,32.18081416,0.760550235,1,3
22.02097188,46.36842973,21.33565319,18.42792814,30.11002776,0.363976068,0,3
22.20893219,40.00516141,22.99650134,11.50698466,23.29234558,0.686170984,0,3
22.28470946,41.55659613,31.78343101,24.57412155,18.2470751,0.493368146,3,3
15.00052827,30.81849091,36.71163138,56.39435477,24.52582595,0.471978934,2,3
24.53920804,13.55692383,36.03200187,56.6745585,18.10410155,0.881284812,0,1.549371121
23.14208767,35.46683083,23.61057716,25.55017432,14.95663287,0.636964266,3,3
24.03981697,37.07388509,35.8372238,51.79654964,20.80715595,0.235767943,3,3
15.15643295,49.34233131,30.12164061,32.09226616,32.10510119,0.110758958,0,3
24.33858796,29.35855923,31.61859461,42.71723746,34.17758855,0.933406843,1,3
23.09788529,17.21160568,40.03576016,26.72219379,18.38062225,0.153385952,1,2.711770992
23.37219143,35.76526348,28.31248432,35.79862981,47.63291163,0.734076472,0,3
15.93287385,49.07191188,23.67497618,24.68897233,16.78816535,0.495849517,3,3
22.38778029,12.97462587,41.83632834,13.05571812,37.04594496,0.140065383,1,2.491416993
24.5991669,19.66990633,25.3032644,16.96890931,8.66660256,0.776655608,2,2.252415883
21.78547341,29.38464292,27.35074676,24.53372472,34.91800457,0.904484536,0,3
20.70561405,12.65965857,37.66475147,58.8126892,25.69769369,0.121506607,1,1.872577377
24.45629678,5.999928778,37.08875793,58.28360751,30.60985301,0.067088828,1,1.21990432
19.42937122,20.16424051,40.01000053,51.38316712,13.28326968,0.849849951,0,2.411334088
20.99293566,43.94168607,24.59666604,21.62530255,24.51037859,0.500953439,3,3
19.76338293,6.95607797,28.80699733,32.08010703,39.48250355,0.674535257,0,0.997772343
24.32846221,24.30180766,23.14708097,31.98914192,39.51881748,0.441480337,2,2.661118544
15.76084727,39.29903478,33.52597868,29.34866224,15.69001826,0.412428256,3,3
20.01119701,47.89321686,27.31426481,12.24401525,20.86696738,0.299659135,1,3
21.86952441,49.34639296,37.22339103,36.72636871,5.171609993,0.562928156,3,3
22.91906538,23.98862213,20.0086092,13.64059961,9.048297845,0.159807908,0,2.849505903
20.83018647,47.76729325,21.49207496,50.09593404,10.70286587,0.71723077,3,3
24.08917744,6.593853798,30.81400751,44.56535714,18.21430967,0.549429749,1,0.966150517
24.41991447,38.56626221,43.9546039,27.63685033,39.1556969,0.847520846,1,3
15.64319223,33.92357156,42.27128468,42.35681911,27.96125595,0.921014111,1,3
19.0237054,16.22848359,44.8502257,21.65185033,40.66736614,0.900586764,1,2.451043997
15.23459022,27.82933253,30.42075562,23.26250325,38.97075684,0.601230915,0,3
18.29416657,10.8299182,21.16421216,25.70667585,31.42121943,0.318734305,0,1.372031647
20.36868218,44.22187179,27.64890355,49.85058,27.49370905,0.357169641,2,3
24.10794931,21.10541385,36.8942713,20.53456734,46.90943877,0.652536064,0,2.808736723
23.46554322,33.17200117,23.37909524,38.13906137,30.61716002,0.711967101,1,3
16.27499727,12.14493288,27.49930447,20.02335572,26.72707931,0.161285535,2,1.850260446
15.93030375,14.27741801,21.40415411,24.25187125,44.11043643,0.997949337,3,1.399720224
20.89267339,49.63803669,31.87417596,21.77406465,8.214742164,0.107503099,0,3
20.32117972,38.88888775,25.22301694,42.25023355,34.52118438,0.607092237,0,3
17.66377641,48.28873414,22.28120067,36.33644722,10.08622626,0.531023694,2,3
23.99453085,18.31330243,30.28039524,46.0649573,41.89197325,0.590988178,0,2.084533089
24.27366409,12.40532945,28.78063511,20.99717187,40.66997833,0.533764863,0,1.723033298
19.02611438,27.63808086,33.43794342,10.45742679,27.66200154,0.057910123,0,3
23.90302557,27.2600727,38.72596638,44.02547836,34.74698675,0.995925419,1,3
18.83948894,12.87259312,22.81421841,15.74269792,39.76797611,0.981277041,2,1.399667759
22.36816832,37.99488063,39.77813976,22.31526122,26.74867415,0.524351947,2,3
19.75942218,21.27998905,20.6572495,25.28430762,45.76810612,0.208348897,1,2.459556363
16.22583157,13.38643539,31.07754756,47.34010461,24.66635042,0.182942089,2,1.8096897
24.27934201,19.93925275,34.68575717,41.29459053,45.14101318,0.057048532,3,2.70864701
19.54096593,30.36464148,43.92496683,19.21327183,31.2234822,0.611858955,0,3
22.3448704,37.69119195,34.34807567,39.89439053,24.18094688,0.47823655,1,3
18.67173814,26.68508987,23.96872983,45.40739976,5.184389044,0.416311784,3,2.805236759
15.18880879,28.65177454,32.93854513,29.44486014,18.30001643,0.525213341,1,3
16.00530359,11.25256712,29.89459868,22.2976457,44.05646716,0.872852927,1,1.462340414
19.96219479,46.16109161,31.98388919,43.94913865,24.29207551,0.070718651,2,3
21.89964357,46.79258891,24.92742537,40.54456001,23.96608372,0.544089268,3,3
18.34735327,35.75419657,32.52067606,13.89560792,27.02348065,0.701016895,3,3
21.95488459,5.793413402,23.75099411,43.33398201,17.88368142,0.970688816,1,0.5
21.98635589,29.16833972,38.60107702,34.42589664,27.11980714,0.739692153,1,3
22.03935907,33.31485374,34.84765651,47.66844785,21.90934024,0.548114543,3,3
19.92521854,49.75944003,21.96319229,19.53587709,45.92491387,0.766768722,1,3
24.1488615,49.82301298,42.2403617,22.9108209,30.3785047,0.997058227,2,3
19.89196518,43.59250559,35.40949012,37.16563695,42.53679361,0.888734356,2,3
19.50265193,7.872394641,27.90267638,34.08667639,35.9093343,0.089096282,2,1.331913772
16.99380819,47.89743759,21.14105999,29.31826855,14.56713428,0.57482795,1,3
18.07655087,32.56975612,35.80566739,47.30166572,44.04495244,0.786474156,0,3
15.42334493,41.03990467,29.33600653,38.23757818,8.927185882,0.671875483,3,3
21.33535294,23.32367824,42.69045262,45.51359269,25.18870373,0.416967863,2,3
17.48535744,19.38512621,20.87194582,17.66274812,15.76199415,0.322444374,0,2.296394479
18.04155254,25.84598655,20.97756088,46.44941476,29.18999402,0.627004935,0,2.505854069
22.70814522,11.60935308,43.73248217,33.07640541,18.50223108,0.412368726,2,2.081736297
18.27221183,21.06797624,44.12184864,11.68839678,37.52718167,0.391997532,2,3
17.42195892,43.59278749,20.69355567,21.7245777,47.16134155,0.836741827,0,3
16.69057749,6.707771882,37.90083087,11.28781959,36.90904902,0.315655423,2,1.66343231
22.74858402,11.78951211,25.53737131,32.8437261,20.9889665,0.644923937,0,1.379297691
16.29706258,10.63022718,37.53481916,26.29398803,32.00314827,0.873433438,0,1.614526758
19.5375376,23.13839942,41.71831992,59.372478,44.98367413,0.621771914,1,2.799839869
20.06930116,49.86441054,22.52078697,53.42520585,17.15127754,0.492787372,0,3
21.87389913,12.80110686,25.96916042,51.28354302,10.31921437,0.035302704,1,1.615262584
21.33283482,11.54671923,20.60194171,35.05582745,10.88437949,0.681572554,1,1.150058762
23.10720673,46.17750784,21.09574614,50.35437497,27.26838547,0.997526027,2,3
15.44751434,44.69227326,20.74044646,23.34348237,37.94613175,0.808430553,3,3
17.96440725,6.45081665,40.01705891,38.03247339,34.57659839,0.634466186,2,1.281425802
17.80134119,38.82676821,27.45731696,29.64590307,25.42502752,0.469144502,3,3
16.46016906,34.49595657,32.33028599,18.56709558,37.81841181,0.224324197,0,3
17.89178254,39.54833644,39.69610659,13.63067157,33.52864803,0.692109199,2,3
18.09765314,27.25261047,32.37359157,37.91091915,33.270384,0.177301918,2,3
20.21884462,49.61206483,30.72990157,14.88195674,14.10693788,0.887048451,2,3
21.63704479,6.973115842,20.28933016,45.90015483,19.06625449,0.353988587,2,0.737626748
18.81100514,15.54672139,34.20098756,56.07342394,20.49909464,0.399796409,0,1.934072614
22.19470231,22.84456941,23.11857695,18.10530549,41.36858412,0.21604161,3,2.766002313
18.36165339,25.24000737,39.11620602,33.54692893,39.87997209,0.481662351,3,3
17.90283677,46.46153312,26.4434431,46.93872965,16.37027408,0.68045449,1,3
20.41188056,30.20019638,36.85468527,24.34198305,7.481852344,0.30277917,1,3
15.2371636,7.029994798,36.1555882,56.03822598,39.55027141,0.701837595,1,0.996884696
15.79789124,23.35383335,35.41689007,54.42327794,23.44397805,0.620582214,2,2.661422451
19.17969544,23.74206856,26.67380019,15.18771779,14.8911426,0.372388274,3,2.925262214
24.42912711,48.44709223,26.67724443,11.36998858,10.26575918,0.312804211,2,3
22.2151178,31.9638691,41.57620109,58.82292415,5.576659276,0.861329353,3,3
15.8812657,33.6042982,20.32018332,57.82375124,24.24783357,0.011935009,0,3
23.46318013,37.09638641,24.53806584,31.11428022,20.28937165,0.715905712,3,3
22.32300771,39.65176921,35.25427294,12.52816621,36.34115678,0.417253866,1,3
21.10946526,33.57729816,40.42615636,40.94377764,48.94994445,0.717691772,0,3
23.20292961,15.6737458,28.95863772,24.67050537,14.30521788,0.507513023,3,2.032200939
19.04109848,44.33206615,36.33608647,56.83614935,15.93662632,0.083860637,1,3
17.21501051,37.94539102,33.92891049,49.73309625,20.17861596,0.982052349,0,3
20.12023389,38.38417183,21.61350261,42.47968921,25.96719357,0.086045541,0,3
20.48841756,49.84505327,35.54375492,24.22519238,36.39644129,0.158434848,0,3
20.38326372,41.11369407,40.34758681,45.06342897,20.84141848,0.420335281,1,3
20.65073791,42.31181314,44.81120801,24.45841334,9.689024434,0.944623385,2,3
24.48704918,47.81324821,20.74100182,11.88154921,37.86537368,0.293072237,1,3
24.02245623,11.80102999,36.50145431,35.42172938,40.75887551,0.568662141,3,1.758269779
23.75717037,27.39773194,30.36373883,34.43422724,16.1441895,0.521436453,2,3
23.01416811,31.12551606,20.24469722,48.15029865,11.15403097,0.330147521,0,3
24.43428107,19.81740782,35.35902359,53.28369412,28.75104732,0.696332434,1,2.279371743
15.98494642,42.77315048,23.06068246,27.72342443,14.37414354,0.501462331,2,3
17.65123261,39.30888297,29.46417125,32.47365051,21.8373545,0.578286628,1,3
19.95055946,37.43973835,26.53417731,33.52002098,39.98125491,0.210155421,1,3
23.46534493,49.87172479,29.02908506,26.21120422,14.88231694,0.926549061,3,3
20.05165712,16.6721618,32.31738954,47.16934618,41.28166675,0.110571051,1,2.217483511
22.48034739,38.09557633,28.98023831,36.10505926,35.33089945,0.69026923,0,3
16.38959905,29.81320137,33.81829676,55.69778872,14.88766387,0.885896111,2,3
17.52413813,19.08451321,25.96624226,42.51553859,28.68820705,0.084020651,0,2.306827018
22.31776095,12.22640918,35.88404419,20.59482794,32.63318431,0.028752024,3,2.198451433
16.64734009,45.31477267,41.3440751,18.24043244,14.0124217,0.333153745,3,3
18.51355935,31.79549672,25.60167617,28.6192169,11.52272011,0.789947933,3,3
17.64866258,42.12202269,32.6969304,27.34632701,28.90255705,0.717366518,3,3
18.49861694,29.54052428,36.21724461,30.35659124,36.22285248,0.822157085,2,3
22.08324049,14.89896863,34.11565328,19.17955352,25.9280978,0.397498545,3,2.236540498
18.67847181,20.18969659,29.14123615,58.9111335,8.151766184,0.993759018,0,1.904353353
20.55263323,22.16924791,36.0549927,17.28548864,46.6345718,0.366106105,1,3
15.99931877,48.78206656,20.70615516,42.63243871,36.27344506,0.805383201,0,3
23.05017693,5.253497527,29.2476558,10.65346175,32.95383286,0.350806422,1,1.218333784
18.69888626,49.35497104,33.31530537,30.34805192,33.96321554,0.218443771,2,3
21.48534159,49.12077358,20.51532897,25.45916995,22.93725204,0.336669073,2,3
22.25389602,49.82678557,32.69122074,29.10123189,49.29802247,0.192677764,3,3
17.09660922,26.44646805,36.35636152,34.90386724,10.97056453,0.129110607,1,3
23.84674985,48.37140363,38.98019244,40.01875008,38.26136199,0.363963907,1,3
21.16224252,22.80196318,22.83435204,39.17556724,23.93941821,0.146794185,3,2.576188621
19.28725142,6.18324983,44.76412187,41.53568351,44.64932214,0.502328782,0,1.443941153
16.82335184,15.09562339,35.15419253,52.22738413,37.27675734,0.035412226,0,2.141388802
24.42300938,47.53833102,29.07984482,54.33585778,30.30135005,0.431327758,0,3
22.55068204,5.6194112,26.22732136,46.86251503,47.19621355,0.958005521,2,0.5
17.08024563,29.56973609,34.32242154,13.94711215,46.05995124,0.358844912,1,3
18.37710775,8.4020715,42.04279118,58.06461958,7.355029818,0.137641333,2,1.592166661
23.09674258,17.88784603,33.0141349,57.36990432,13.6664621,0.30519673,1,2.162958358
21.95677663,8.964178282,36.53680139,45.58518973,35.42209632,0.791277913,1,1.262820354
22.65784293,43.67878795,28.94241099,35.87195357,46.48277419,0.313659096,3,3
19.41201102,31.59818193,29.7038072,22.53091792,24.36485011,0.383495937,2,3
22.16476263,45.59479096,27.15437764,47.81755697,6.723736041,0.788786517,0,3
18.86493723,35.97589398,37.64093236,53.89300894,33.9483767,0.260560494,0,3
17.11262917,48.69631091,28.97968884,43.25938004,13.76091488,0.47829068,2,3
21.32677035,27.94449446,24.7679101,41.45363164,29.854478,0.063168386,3,3
24.76013926,33.74197618,29.23501428,19.65023523,22.31074664,0.174070582,1,3
18.10600971,30.9338969,41.3456802,27.88982614,30.11121676,0.209447309,2,3
19.60969592,26.79171933,38.45630109,46.1568111,46.95963438,0.463581596,0,3
21.74001371,43.06817144,28.36602111,10.84493694,26.86102657,0.82098038,3,3
20.41506282,34.00363111,42.67022412,42.06321386,6.55379707,0.354510161,1,3
23.43427796,41.05905192,21.87081588,48.33351505,31.14130938,0.380487758,3,3
22.61742706,40.38637715,21.24384479,26.73522431,19.65854886,0.301005265,2,3
15.58297204,13.59703223,23.18675887,13.80838846,40.0160698,0.320491055,0,1.834265773
24.98421234,34.25735896,22.9113689,50.95596894,26.14678116,0.4035044,1,3
22.52402454,13.98416086,22.19585788,17.09184147,38.3616832,0.899403284,3,1.517657959
23.63903316,31.24942152,36.5335653,28.5400553,45.89694479,0.024376131,2,3
21.51197712,35.4845608,35.02105949,45.36270525,21.30232961,0.62458533,2,3
23.56285128,49.87557822,36.19013776,50.84929938,49.52200606,0.887682905,0,3
16.12382975,6.374389017,37.20915135,53.11909592,11.74157897,0.41696009,2,1.138072943
18.47737836,9.105907735,38.92199381,36.52085958,33.97692569,0.650913609,3,1.517325167
23.76420944,8.466201337,25.17942319,33.79358482,6.564542141,0.58571458,2,1.055141102
17.01655211,22.92625788,35.55758783,52.41586385,14.58754996,0.338631496,2,2.78440433
15.78242099,41.97147627,34.50121648,38.15385475,33.52003662,0.137417847,3,3
22.8811894,42.98253498,43.59150065,38.93253642,7.07862828,0.219617221,2,3
23.35486156,38.16408181,25.80919311,31.6986684,9.580418838,0.057445134,0,3
16.62652218,45.35952088,21.46807336,28.6406986,18.09547677,0.764727454,1,3
23.54345983,19.52869749,36.33737674,34.02704286,30.90367112,0.532807147,1,2.557441638
21.86767796,8.966958991,38.50432101,28.24237468,5.719214993,0.785633574,2,1.504932732
20.20082683,7.61688626,27.07990015,27.1773225,26.70594159,0.290196661,0,1.247480409
23.30250193,43.34597238,34.27121077,59.6832171,33.15846869,0.804672139,2,3
19.19249249,37.86963325,21.48840164,26.8106747,23.1135255,0.309204384,2,3
16.93993956,36.43768877,44.00112103,22.81918738,8.043791337,0.12133395,2,3
17.84852677,20.28543523,22.74812433,27.69620449,32.48935858,0.533810729,2,2.242946925
20.05164018,22.09573349,21.6892634,39.53906703,32.26259286,0.945295558,1,2.064510346
20.31330793,48.1151088,21.10275399,55.54952433,27.77190598,0.414394049,2,3
23.05580826,7.871213484,30.68179766,49.39321251,36.1915464,0.515388654,2,1.058221485
22.91352724,39.81792816,22.42899359,52.11205695,14.35107799,0.451289412,2,3
20.81366557,18.93349957,38.61620602,52.95043053,35.53433341,0.457434802,1,2.422335118
22.80785483,6.757457829,42.47185402,56.02641982,12.26546328,0.214355298,0,1.424032403
16.91773458,38.41565498,26.50547331,21.75356165,22.6712134,0.422482371,0,3
15.50064527,19.89103486,35.71932798,32.91830155,8.040499083,0.49690097,0,2.602114251
23.73633823,37.49663834,21.05846118,29.25988333,41.86072994,0.744858472,0,3
15.75554494,36.84444724,29.66411179,29.09384973,29.22050395,0.139831832,0,3
17.4668843,29.06540939,27.32355284,42.61418259,48.69721411,0.571613918,3,3
21.9531895,39.98179081,25.71547741,30.09015302,47.40469705,0.662193124,2,3
19.09447938,31.14672459,36.11808724,40.8165153,49.93525113,0.382792656,2,3
23.7631397,17.89865838,23.25569866,29.11396819,9.556977663,0.549164373,0,1.999333925
17.97979795,38.03518855,41.51776308,25.55640914,32.29611703,0.710742052,3,3
15.11871347,31.51129171,36.62089766,27.65385892,23.34088452,0.465101211,1,3
18.00655641,5.572727676,37.76837947,50.1878528,28.96990643,0.333350921,3,1.147664761
20.78075049,45.573988,43.38360772,40.05255181,18.89453147,0.824703222,2,3
18.75938375,29.55396282,43.55932179,58.69988665,7.163097713,0.988816881,0,3
20.34872756,44.08822695,33.7913081,51.63281132,36.84876213,0.216635553,3,3
23.76598119,44.72315775,32.38449543,34.28903042,48.46176832,0.889394747,1,3
24.12485054,25.02349955,28.38454021,22.11881675,28.95718217,0.545428864,0,2.954598696
17.65974065,27.84469984,37.88929026,43.69545557,19.83109777,0.447923262,1,3
19.62140473,23.70894745,33.45522217,46.33230137,47.22252119,0.893163141,0,2.576164233
20.49144015,25.22465489,43.32187699,33.20879899,21.40999383,0.910338866,2,3
24.49112457,45.28162215,25.96564872,21.49610662,46.15381367,0.272656757,0,3
24.98617319,40.46648063,27.75631716,37.86191589,43.50608847,0.358372272,0,3
17.35407249,10.69365543,27.90226119,22.69146262,28.79199526,0.851924242,0,1.346564169
22.26979871,32.46385017,40.14996136,56.99991588,35.45927,0.49082453,0,3
18.78031062,49.81579882,22.4760083,41.4442124,36.51428496,0.288028694,3,3
15.08108197,31.79978156,31.39122802,24.59654808,33.84912673,0.962175924,3,3
15.09252522,40.36422315,30.68951842,20.78653442,12.23374797,0.217038083,3,3
19.60566008,39.6077663,21.82849053,45.83616417,36.17492953,0.610337211,0,3
19.88334913,20.76428866,30.26992496,45.38966401,5.144813785,0.42791642,1,2.417571515
15.22569697,21.73321862,32.83444958,39.85661158,36.95165683,0.45130155,3,2.643586624
21.86927417,37.58343898,21.62761731,40.71505126,29.96762606,0.105988172,2,3
17.94003389,27.49925892,32.74655321,40.19345014,16.689219,0.257138305,3,3
20.59893102,30.67568191,43.98094762,28.00517234,41.16939551,0.166997093,3,3
18.00919073,37.08076057,44.47285808,56.8707205,23.23755225,0.74962487,2,3
16.67134315,39.99087622,33.29199446,33.96392321,26.85997331,0.697744399,2,3
19.07173739,17.218246,32.87742332,11.01639501,6.245354969,0.794103946,1,2.310522787
17.32273365,11.60571917,27.13770416,27.41806712,23.05938586,0.69926288,0,1.441349945
20.34800977,18.1307591,44.92788679,16.51412893,12.53132566,0.128710408,2,3
16.9882853,27.83922463,26.85572928,28.16918955,17.42644903,0.97859198,1,2.908125553
20.08405977,20.39635928,31.32253251,40.41312425,16.34627744,0.188516804,0,2.5853307
16.57378515,30.57632415,20.07335145,11.13322373,7.070935718,0.350449668,2,3
21.70974709,7.405957586,28.73080727,53.51002656,25.72225454,0.706877262,1,0.809750438
22.53937684,27.93876852,21.78600752,40.51545592,28.51665859,0.140448928,1,3
16.10394234,21.55932081,38.59561926,24.76859381,30.69781829,0.170506205,3,3
19.67802412,29.06000397,34.02536133,25.5602587,25.79988967,0.876575144,2,3
15.70871701,24.01400097,34.30429693,33.28340883,44.12871023,0.33201495,0,3
20.98182446,17.79016328,27.16278215,22.4045903,6.69558853,0.665584245,1,2.127604374
17.64404298,45.68485575,40.37240726,10.21709639,32.62138726,0.858748492,3,3
20.27624457,13.31442448,20.08177313,11.32787241,43.97592558,0.973200729,1,1.400955797
20.17461009,35.6614509,28.34002948,27.8870336,6.846810841,0.210285691,0,3
24.24354346,46.60901207,36.48743726,16.21108383,27.33381497,0.122928113,1,3
20.49083223,29.24014819,42.69806344,11.11818373,31.50622368,0.740736946,3,3
20.8299848,44.43838199,25.86539892,52.9634635,13.59075873,0.188201825,0,3
19.01653126,10.61831653,33.52750129,23.70686568,16.3625049,0.580190203,2,1.652251271
24.49079603,27.22049466,33.44978551,35.15612886,40.35170019,0.532645167,3,3
22.77185909,25.56613762,41.85435923,18.97045421,30.53290018,0.5599233,0,3
17.8540529,5.365346317,21.26292224,12.33624861,19.21004138,0.64979284,1,0.7970398
23.44209586,24.94658036,30.61188903,47.24331497,39.413985,0.850892076,3,2.617175149
19.3239636,21.60633904,24.56164187,16.24784273,38.60220084,0.271818082,0,2.680967831
23.28667144,35.14094275,20.53831501,11.28584512,20.54308034,0.555243338,0,3
23.22888068,47.22484004,23.67577351,39.36151641,26.98914337,0.336685026,3,3
16.88870187,8.860598972,44.41176682,10.67337862,34.90335201,0.318734043,0,2.100351317
22.01141131,19.7364374,25.37121274,31.81429724,20.4462148,0.02041955,0,2.490998084
17.90642969,24.98291318,43.37576933,24.44180242,33.3054235,0.599402443,1,3
17.9749267,25.48334201,25.13135857,25.97089925,16.29831788,0.97250556,2,2.640084381
17.96348077,39.86643744,43.28238068,10.19495216,18.14093724,0.761256329,2,3
22.25568248,24.95280496,36.36552338,58.21730402,18.98026895,0.24279363,3,3
17.29826042,6.222258565,22.83046444,35.84815512,47.12246467,0.716124821,3,0.666697376
15.00905835,36.95468426,34.54787888,38.62560665,42.51524639,0.297305462,0,3
22.15236853,44.81733628,27.96285094,43.30612425,30.4324689,0.753649351,2,3
16.71184744,28.12571206,29.5788289,49.87608955,30.37424942,0.854932364,1,2.872305092
16.04482395,31.14988348,31.00427395,40.39545582,7.526593492,0.334329454,1,3
17.37516121,12.33213975,30.56767556,48.10990527,34.22786285,0.002186796,2,1.769944043
18.79900522,14.92906751,36.60272226,32.43676472,19.76539358,0.305017471,3,2.23612111
19.75906327,15.58266076,39.20920171,28.56375702,32.5534713,0.205856378,2,2.476673707
15.44570041,24.38338887,28.22944223,51.15669537,42.81051865,0.618614581,3,2.55844605
24.70573333,46.76653494,43.10909904,53.26552621,7.047423764,0.290072883,1,3
22.16063053,28.4803145,43.46165785,16.89033349,32.31785765,0.036046298,0,3
18.23194065,13.64439403,21.01726093,37.13300935,30.38902766,0.531334579,0,1.428017385
18.18697257,16.97394811,20.37271972,44.18212152,14.30449499,0.874685675,1,1.497321416
19.48542549,22.28067634,30.62665825,14.17993683,34.0894827,0.451339014,2,2.881487367
21.26244823,33.04665391,34.76613127,56.47984084,29.96758553,0.376297471,2,3
16.46373067,24.80149189,26.94761869,36.00548864,39.52940558,0.178516296,2,2.92909011
16.88929814,22.66001799,26.48534378,42.27287087,9.977835567,0.387382259,2,2.532426753
23.59434583,30.41278702,36.95834574,18.9121374,24.96233092,0.330918966,2,3
17.56254924,15.88257477,35.04260712,23.2217345,49.90698202,0.994922972,3,2.02666555
18.80194998,8.550647266,24.17867187,16.05006083,36.01763817,0.030469505,2,1.485285095
23.71271851,6.098644167,42.11252408,23.19993609,35.79342002,0.238848377,2,1.66219167
21.63147829,16.30666236,36.99940175,34.61983826,19.30419952,0.068628993,2,2.483466748
18.41711879,9.121641537,29.06440623,51.68147997,9.22496469,0.857418312,0,0.935453739
21.83699546,20.13532873,37.09061725,36.68617075,47.72724689,0.417309401,0,2.674370373
15.19683215,39.78200932,22.81632717,22.22317991,9.746213134,0.796269755,2,3
22.3564266,37.23324487,31.70640311,12.23105374,49.67178398,0.692154095,2,3
19.87016041,32.49174303,24.22461024,41.0984918,10.66014376,0.928031581,3,3
23.13182147,43.36251097,21.03578115,31.00799487,12.69083068,0.023764242,0,3
24.54637652,17.6930431,28.45815676,59.21769334,18.87651298,0.207344834,1,2.022060185
24.25788549,44.82741889,23.76838709,48.98799427,28.05688371,0.702032792,0,3
24.09265043,22.96576264,35.83794892,50.41814096,40.56807434,0.585223786,2,2.694381258
20.12169956,23.04019932,36.85169735,10.61175114,48.69537359,0.69466025,0,3
18.60142114,23.24082261,23.71730766,48.88976665,21.14711964,0.575479725,2,2.338021654
19.65035325,9.414246481,20.61532514,19.73066553,5.918589195,0.581021213,0,1.140784891
21.89896003,48.89707242,39.82026404,39.28979361,32.75057853,0.932574027,0,3
23.83997777,11.232805,20.05142552,32.37107862,36.98554376,0.921292232,0,1.007304448
17.06986303,20.3398576,28.59782723,38.58019253,22.8849897,0.037996674,2,2.582446405
24.18193158,19.36851441,32.36458245,16.67217647,13.2564222,0.413668531,1,2.642114826
23.15180232,8.360574477,40.46605471,32.84458407,18.77070176,0.510570622,2,1.601194787
24.78856015,11.85170586,40.96396607,11.8472343,34.51098692,0.357904477,1,2.25321154
23.80251773,7.018625128,38.12348602,12.04996741,27.23822914,0.04955842,1,1.827366496
17.7993733,18.15820221,26.17994056,42.88690654,38.45408129,0.472298335,1,2.023466674
16.05955911,43.99956158,38.00467336,57.58491867,14.817661,0.97569638,1,3
16.12241072,20.27489926,26.16347995,48.86964594,42.88935282,0.072211281,1,2.374803824
17.91223319,10.56613244,25.36520479,33.45778903,12.01482132,0.816678427,3,1.159202967
21.14183724,34.05622408,33.67819886,12.793537,19.8461943,0.195652569,1,3
23.04320326,49.84704104,36.9713611,12.25100747,31.60434334,0.576794944,3,3
23.99250307,15.45457053,21.32629415,17.89461306,38.15884362,0.387030704,2,1.883872042
21.23753384,17.58069524,21.50056503,58.7905252,16.9781662,0.349008256,2,1.712345645
15.05631313,48.73311744,39.60426717,29.93305332,47.6653881,0.870413604,3,3
16.86316777,13.04493294,41.48743127,52.17036459,36.77500774,0.973474752,0,1.678966648
15.99726204,28.00463304,35.11102291,45.25712195,14.79537643,0.386667119,1,3
18.63324476,15.78434599,30.72070024,40.27143296,37.6594491,0.640443373,3,1.879521924
20.01350994,46.95583541,41.13291199,57.39130558,36.33501626,0.556413749,2,3
15.43397179,49.16844566,38.22042582,21.52057853,38.87078323,0.076921602,2,3
18.48477976,41.66140308,34.48985496,32.74448312,46.21463261,0.041160892,2,3
16.79179675,19.16527171,27.99392805,53.23614828,37.02727334,0.773404929,2,1.930594159
21.47070166,23.15693639,24.94987654,37.58806538,20.83596318,0.394534255,3,2.574208409
19.64272369,15.90375576,30.46682598,22.32225698,40.5732865,0.307574144,0,2.228926801
19.95317647,45.08410852,27.1705644,20.44582084,36.3137791,0.985582766,2,3
19.27691788,46.1551225,28.48146469,47.64405005,30.84166336,0.085229998,0,3
24.5601971,23.8491798,32.89077638,10.63944471,20.9224802,0.269062552,1,3
17.14735125,34.54398815,24.22734892,55.70960387,46.44721294,0.856801673,0,3
20.1666426,12.44989309,40.154417,10.92089941,28.07396342,0.414998758,2,2.266761503
22.36017368,24.57211552,23.63823654,41.54945234,33.26465197,0.584247099,3,2.537534697
20.56844413,33.4174598,32.02484099,40.23739807,23.69133896,0.048382174,1,3
24.29020886,22.34314033,38.64928345,38.92055755,40.1366889,0.920291904,3,2.673271954
18.77968356,21.09197866,32.12551769,33.71715254,20.34677779,0.136918724,3,2.774417568
19.63675806,5.044954652,29.02555159,52.62151663,41.47854762,0.213366096,0,0.839115637
15.88522315,41.19320587,31.87228265,42.96664351,9.85736429,0.156796216,0,3
21.08999111,45.02019254,41.21676747,49.09311407,36.90328524,0.497500549,0,3
17.88211968,48.62585883,44.76079246,15.7760903,26.45969672,0.816853872,2,3
16.6030904,37.36721233,35.77858223,12.49493187,36.44391033,0.266922821,1,3
20.44531293,29.69565406,39.83610107,11.42642545,28.91280394,0.142320441,0,3
20.32310263,17.11780339,20.36221715,17.36029927,11.04378475,0.409921634,2,2.011957101
15.75871641,49.96847642,42.00911024,43.35039451,26.46461941,0.981655083,3,3
21.98215453,31.53887845,43.851244,34.70108779,48.40515368,0.011058079,1,3
21.23772191,35.65193325,34.37923354,47.61261281,38.96782706,0.503997953,3,3
16.89017283,35.70827729,38.84512155,19.58651684,18.50851769,0.669368126,0,3
19.69434862,43.03633081,32.81861857,28.3481521,47.48513666,0.806720755,1,3
22.20322916,5.435264248,27.15509351,54.42487743,40.05258247,0.746190829,2,0.53135202
20.29435741,14.91111232,41.3061993,56.7857273,21.40012045,0.074427643,1,2.262913448
18.95489076,34.94903001,34.9209178,56.08645775,32.16082846,0.461870445,1,3
18.22338458,45.28155816,34.48457709,50.91525221,24.20085218,0.078749579,1,3
21.10393867,35.84024519,36.4783051,44.41179393,9.351067725,0.619855322,0,3
24.39108698,23.60710812,41.40007915,55.6838947,41.27132329,0.077031549,3,3
21.7174484,21.26999731,38.29765314,45.70907959,13.59851563,0.048414808,3,2.92228997
15.74745904,38.20766037,25.27810486,57.69681244,25.61172333,0.306028144,0,3
19.60684973,38.35569637,31.67058861,11.2394166,36.61871544,0.93883183,0,3
23.90824132,32.31760966,44.5074583,56.08210429,46.949616,0.709996534,3,3
15.94462426,18.11601608,33.86401784,37.78702681,7.82267407,0.004025984,0,2.560518943
24.88875712,46.63196683,43.45613384,15.58988759,22.69551006,0.284728003,0,3
24.49069394,29.8345974,40.33423716,20.74556349,32.65914762,0.017497895,0,3
15.78274481,40.57215603,36.65058605,52.6079642,40.06891875,0.294310942,0,3
24.3341332,14.6438718,28.73413007,35.30584774,46.44190292,0.685492176,3,1.72638695
18.6313259,20.48183549,27.60798369,59.14088617,5.022379177,0.759778672,2,1.997151474
23.44709167,44.35607824,36.08552663,15.87655548,33.24935222,0.804107808,2,3
19.18383338,7.254816347,30.81403102,30.6251732,5.312161634,0.909990097,3,0.991369222
19.40855113,28.05418901,39.96884057,26.59372215,40.42648794,0.365793235,1,3
21.34243091,26.67674659,39.01141849,35.8067718,11.73499687,0.862597717,1,3
22.74477419,38.8053585,27.80326217,41.67189094,45.25792877,0.727668729,2,3
15.33789151,17.68521968,37.56821958,43.08147347,11.98059061,0.537755849,3,2.321103295
20.93155996,14.85800698,32.36375475,10.064794,39.39480419,0.95463076,2,1.986629203
16.86732994,46.67597774,28.08230252,14.44802169,18.01867675,0.947740933,1,3
18.45949518,30.72693434,30.32416482,11.75319168,30.07642468,0.897604281,2,3
18.47968666,9.711030573,42.38379668,53.22995732,32.37954058,0.202227322,2,1.750483046
19.6906034,13.6866273,28.9879423,25.66461266,14.30422919,0.207886749,2,1.974337972
18.34136412,49.94717268,27.18498183,28.35317209,18.44135976,0.901002952,1,3
16.07361118,13.80240483,28.79518052,32.51856245,9.83785021,0.397913151,1,1.815937634
16.45628739,32.47139801,25.36546091,52.46521986,5.238005242,0.79744426,3,3
15.33437986,23.90576355,33.61587468,10.70831305,15.77606173,0.68694062,0,3
19.70249085,44.85195927,23.68591091,15.93091372,28.22010601,0.762356792,1,3
24.54447695,38.98258665,40.43609466,44.25815611,37.11187667,0.026273833,0,3
16.15675224,31.86281283,25.63950618,58.19462614,40.71018313,0.429957117,2,3
24.46264493,5.483254181,34.95137569,42.13932106,8.139468233,0.857093506,0,0.863431311
22.33361515,44.59078434,23.12563747,23.05617342,17.25857989,0.489925644,3,3
21.37498803,25.01003619,44.46132871,35.99322144,39.66007904,0.690133918,2,3
21.45277755,46.92099439,31.36438647,58.74902378,26.63909937,0.755951903,3,3
23.26727648,27.29925558,40.55428352,36.40382733,13.19841443,0.120758381,0,3
16.06919864,36.24010201,39.21619589,28.67538149,22.64963036,0.155745568,2,3
20.04754324,8.118169226,37.84232618,29.17127774,17.15153859,0.724553618,1,1.419238209
21.97091138,38.53182441,40.68412178,58.35167543,7.279407736,0.05457055,0,3
20.86820445,20.20982141,22.51159022,45.94582634,39.36322155,0.341895319,0,2.140962559
23.32779071,20.81115564,36.96242994,44.35864278,18.12621474,0.918083595,2,2.410568337
15.72271709,10.33951301,26.64568088,21.60271608,47.53090976,0.574355843,2,1.418935582
21.90701039,11.60857169,39.6467916,37.97423189,44.96562682,0.910478552,3,1.647435294
20.3402773,13.35915753,43.921719,27.83725993,37.23248661,0.309416451,1,2.366892228
18.79160864,19.76927759,42.53723825,22.01007629,19.69854743,0.636626409,0,2.856421733
18.40274982,45.13864607,22.87380556,54.7776143,17.59655987,0.286742772,1,3
21.20832633,21.57171072,29.23881052,29.15779044,26.38721661,0.111121797,1,2.784659286
23.90995375,37.5963218,29.10806893,24.13935812,20.95711251,0.990695315,1,3
19.96175926,8.723637675,23.05740666,56.58601983,45.55212458,0.176232149,2,0.986967716
23.24723164,31.59944597,22.45315133,19.86731982,10.55728127,0.188482555,1,3
19.02156382,26.68510541,29.62225337,47.27523924,37.6010409,0.841918369,3,2.76220741
16.02394463,49.00810761,44.80178876,42.63735722,32.49035574,0.802236985,1,3
15.61505736,43.07934964,34.22356628,56.02422142,41.28355361,0.977829864,2,3
15.51334371,25.46733976,35.54454072,51.60235688,29.4119297,0.071744015,2,3
18.80150142,39.88142438,31.77547275,45.2647609,33.32933049,0.094125593,1,3
18.37237751,13.68674336,36.55826381,25.72858303,48.32332844,0.448713995,3,2.105640302
22.17937024,30.30513473,43.91655202,34.77845056,9.138269871,0.591747431,0,3
22.42821502,8.357857501,34.71744884,57.22478807,9.718954647,0.038029183,0,1.401771573
15.50853969,20.66400645,21.62596149,11.16013153,22.71234581,0.158389796,3,2.596469815
17.21123263,15.16379817,32.32226423,49.71659119,26.2729757,0.703335463,2,1.744954982
17.7426185,37.35094169,44.81878183,22.59051752,13.99424189,0.668539774,1,3
20.47611984,27.0540811,29.68506801,19.25084716,8.720050864,0.089686204,0,3
16.44515224,38.79817155,34.84703093,21.61123072,5.997931545,0.931666185,0,3
16.33941219,28.18829469,22.66591909,12.98754957,39.40665127,0.254763805,1,3
24.43788889,8.891799897,23.52951247,59.59899121,26.82758271,0.887230646,0,0.633891837
23.04202907,38.09154424,41.86703633,53.49345716,42.95315434,0.922988171,0,3
16.80654902,42.49531688,27.50861571,36.05279843,21.23767558,0.490069711,2,3
19.06567808,45.65890517,27.63628183,45.75515893,36.65507585,0.411966509,0,3
18.55621999,30.73963754,29.6803249,37.82976815,26.98342351,0.278137053,0,3
22.91004074,38.91134115,44.16196682,50.57894722,32.54314994,0.807381999,2,3
20.10212916,38.84199516,22.1097624,52.23825958,21.65885785,0.196588578,0,3
16.27849737,12.00873919,40.46910256,21.63952141,8.65263967,0.622124568,2,2.022386507
22.38992063,12.38993094,28.53894691,32.98738853,47.6318112,0.567134048,1,1.576850414
18.96887978,8.189847761,41.23670065,41.74238671,42.62404338,0.248894988,0,1.651670104
17.62924248,19.39611358,44.79389124,58.92204153,19.03512979,0.983047171,0,2.351997065
18.75498622,26.30788645,28.71668526,44.13446895,48.1416321,0.846324197,3,2.723504698
19.97756564,49.90540337,23.23390916,54.88175054,18.52199291,0.020528427,3,3
18.43115516,24.39470039,23.60938745,52.30560255,24.93455091,0.422252424,3,2.492267384
17.41905773,37.68091648,38.96852227,39.10315318,38.98110473,0.358971928,2,3
18.98502029,36.20286618,23.62303881,54.682768,18.90519117,0.882809259,0,3
15.19172911,14.20168776,26.51053921,28.87108639,19.60285904,0.264495498,0,1.882894803
22.72497846,7.632821815,25.10995859,28.96417652,23.45369714,0.998450651,3,0.81141371
16.70944894,29.57030382,28.8919641,49.04828216,26.07752118,0.200079594,2,3
15.43904614,36.51375165,21.85916438,16.72718328,10.56273088,0.243884587,3,3
21.53698693,49.92133056,41.41856206,25.29126087,5.787124611,0.666081622,0,3
22.73936129,21.13749735,41.5036578,40.42862254,46.36207368,0.161056873,2,3
23.13829132,45.33640529,30.32332246,31.00327994,20.89348844,0.888802206,3,3
19.93509183,22.18696051,35.30218923,57.03618549,9.57598707,0.109929159,0,2.770109258
17.05368185,36.02352688,36.04878927,57.92530348,39.1627131,0.98331742,3,3
22.37227677,31.92138187,38.73145288,35.12906544,18.27773019,0.874643129,1,3
21.99713077,7.384045699,33.01725219,36.95309452,13.17488334,0.839656507,2,1.049620444
17.46270734,8.527479214,32.75840114,46.23135459,48.31749648,0.407217335,1,1.278772412
24.03407756,5.934384038,35.78259443,32.86324626,46.42443012,0.513641658,1,1.20073826
16.04371458,21.68753381,37.57620989,19.5049234,9.758563607,0.456357888,2,2.998065532
24.8268824,38.56104719,28.66725943,47.34845843,45.46783444,0.987426929,1,3
23.60247811,12.77399273,28.25926183,46.88929447,45.08903867,0.034825942,3,1.733068752
21.87898645,32.26338358,26.7429601,22.24905517,33.54685488,0.381708975,0,3
24.38749888,17.9972501,33.72116388,51.64582599,28.83821004,0.96838832,2,1.923111386
22.22311168,40.86466808,29.00389224,40.68245982,14.7847333,0.369390215,3,3
16.90456997,40.92782671,33.50783169,21.81508052,10.46229239,0.398383328,0,3
19.42156138,39.89365317,30.14961915,42.60195721,32.28660729,0.631300746,1,3
15.71503024,28.61750812,40.91835456,21.68047631,41.98807655,0.907268806,2,3
18.89657422,17.80550195,21.82825599,23.2616477,35.98897345,0.294522165,1,2.128281169
22.4160302,41.42498197,34.30526484,52.40046534,13.13601907,0.9476054,0,3
18.86443351,13.37452529,34.39059376,56.47457846,18.05083881,0.282561688,2,1.777779025
18.30294175,18.03918209,29.59293276,22.84413292,29.58879142,0.815394465,3,2.154210739
20.95355723,13.27764678,30.52552236,56.40255185,33.12466329,0.275838136,1,1.643337503
23.72204529,35.33945722,40.00328402,21.93994233,8.251367563,0.072983653,3,3
15.47583193,35.88062127,27.01684276,15.86336828,32.63232372,0.812302547,3,3
18.85470435,34.36294968,41.78509479,12.9111939,38.13437277,0.450076388,3,3
16.58240742,23.70206601,42.4085826,22.10566204,13.16110319,0.390748941,2,3
21.95354251,9.507695324,36.26548261,29.26232703,16.07984218,0.429882973,1,1.652054196
16.0572456,46.0026313,39.32144284,56.37741901,16.65034656,0.611576284,3,3
21.64807759,27.84789338,35.32368821,22.10789999,47.29146137,0.262693455,0,3
17.86180871,23.31374877,33.13147784,28.27326725,23.31572544,0.237274532,2,3
16.98916814,31.4971202,44.16694386,46.70779374,28.87571554,0.483439219,3,3
24.36352558,13.67556961,27.06637411,25.1037044,37.59414574,0.035633369,3,2.000915703
15.18524577,10.96469506,23.85377367,44.21840758,21.71571185,0.642849393,1,1.127986523
19.37777272,23.24863497,27.18713408,31.60389096,9.749999612,0.822844078,3,2.50364035
15.21626992,15.22493123,35.36564021,19.82224763,34.44448418,0.727416792,3,2.139416925
19.83593048,15.99306325,24.62958595,46.70294505,35.0272925,0.469302488,3,1.718611829
20.01047378,45.16301695,42.72035108,11.35194167,16.72465168,0.565390315,1,3
18.21662471,28.88416297,30.27561002,24.61674125,6.585300943,0.026180782,3,3
16.32161778,26.75610789,41.24907196,27.80907696,34.94089194,0.912353771,0,3
18.76387538,36.02658172,26.23091361,32.91091275,36.65414986,0.558062555,2,3
21.7226294,47.81966512,27.82920888,43.9934616,6.172920166,0.316409109,3,3
22.82395809,10.0489354,21.48058493,32.97024971,36.19324708,0.29358233,1,1.244419376
20.30750602,42.50905552,26.4441923,39.71620561,47.25178561,0.659658086,0,3
20.89834394,31.28086309,32.25784547,39.78895392,13.04533774,0.584328911,2,3
17.00616371,11.57744092,43.65342294,28.66358249,28.45956896,0.187842577,1,2.232301077
17.87330333,18.37171934,29.72257435,56.69856329,36.35494046,0.409919117,1,2.055979221
16.6189561,26.70626374,35.99359699,57.79269154,15.3535731,0.676181365,2,2.954395342
17.4929535,36.10297151,30.69275294,39.0925442,38.81970012,0.297654734,2,3
17.2488678,15.91731576,21.16979627,13.58454401,44.06397933,0.509276573,1,1.906907725
20.19448786,29.0695467,32.58831565,34.55637821,41.65479323,0.254879271,0,3
20.62688756,35.81022323,21.64784117,19.22096634,16.6504512,0.071681508,0,3
24.44947421,25.19333379,42.09249811,34.16072609,41.18973984,0.38824577,0,3
16.95570647,43.83616825,38.82592405,19.42415772,23.600446,0.73207727,2,3
21.4167571,44.12565963,29.46628678,45.19276228,16.99085412,0.213850432,3,3
23.17259269,26.18110479,36.00546665,14.021456,12.55871602,0.754503413,1,3
20.60241464,48.78165697,22.80070388,57.66520382,45.90416491,0.669492336,0,3
17.55003653,8.401329158,37.56387467,19.76879447,24.21038937,0.50737037,3,1.640888942
17.6255023,5.151307025,40.56831022,43.0328168,43.95790341,0.971455675,2,0.951351705
15.39253053,22.13007187,40.54364121,55.84811754,12.1795245,0.883414546,1,2.564273446
18.05444227,32.04936776,27.10693869,22.3943157,39.51470598,0.56317622,3,3
22.44603679,33.31400709,26.59365488,56.71484495,9.950600651,0.557779875,1,3
15.47517757,26.44005813,33.0349422,29.43373328,5.790422574,0.277771301,2,3
17.19295283,10.6197491,44.19430405,58.02654086,49.77721885,0.920198418,2,1.49475376
22.06232499,12.67238848,43.01307444,58.56819291,8.309179997,0.895928545,0,1.667361794
22.82651563,43.34665927,28.99096204,19.40399525,25.76932034,0.742056923,1,3
19.5531841,44.05600093,39.49573765,51.55436685,44.52734223,0.127882065,1,3
21.98074338,35.3254342,43.0329441,19.67105064,41.87207966,0.703645954,3,3
18.87952169,34.88980875,26.52316164,21.32203102,26.20290708,0.253113954,1,3
16.59913245,31.89569576,40.75739124,14.2063252,32.4881828,0.188809795,1,3
18.98149494,14.13166486,26.69739067,17.82684732,33.33677682,0.759211691,3,1.74520519
20.7996782,24.27128151,28.58205315,41.61094841,9.942124235,0.959732938,0,2.483887303
24.48053282,36.31525932,24.97051727,32.4626365,17.82068425,0.108905725,1,3
15.68750952,29.17635224,32.67699498,49.54721186,18.54424225,0.163976056,3,3
20.07394094,5.836115032,41.08277236,26.59984074,22.01576677,0.219234488,2,1.577421597
18.28919778,47.9100563,33.20130344,58.43122837,17.32628908,0.962911075,0,3
20.08311694,43.01672237,23.08600024,12.49362704,16.31743077,0.696398293,3,3
15.23975447,16.72452563,26.29439831,13.14679772,20.96534807,0.678287959,1,2.07832055
18.13025355,32.74065208,34.07154668,45.06874494,22.06519286,0.5050268,0,3
23.19868148,46.54577227,34.57968639,54.37694425,26.92508255,0.537595783,0,3
20.53941734,9.320495545,34.42264759,49.77500958,12.8090931,0.290173253,0,1.436634419
19.50582493,27.63632664,21.92508731,34.49085439,40.47514986,0.154548036,2,3
17.85525072,25.53093616,38.84239732,23.48206807,43.73004652,0.78027543,3,3
17.98042523,23.45922524,42.73570497,10.67257647,16.16741976,0.470692761,0,3
18.83101434,42.6014874,32.76297369,35.4725727,10.54853272,0.256008691,1,3
23.3557071,22.1290766,37.97073217,33.78180987,37.50403916,0.63278108,1,2.824390094
24.67213207,7.864849996,42.8503873,27.21229497,46.59103052,0.20945923,1,1.837978678
19.38655381,7.962698397,36.06556887,38.9036394,6.581675263,0.488776323,0,1.365030913
18.93352839,6.923507294,36.85814311,46.44073487,5.649619057,0.190220097,1,1.361438103
23.46550776,23.41154398,38.03511033,45.04441181,13.25414576,0.759671388,0,2.778711597
19.26905321,37.3282825,26.51256129,23.16264209,35.81566184,0.320801899,3,3
20.52018172,14.16751079,34.56694687,39.26518443,48.41514535,0.441698962,0,1.955481316
17.30941665,34.09108342,41.05437786,17.43872393,38.76714298,0.754881235,0,3
22.43502536,35.91898124,27.40406826,16.08009219,30.78646702,0.659596361,3,3
20.31988318,16.48409558,42.42926249,49.29279181,36.52472268,0.399703217,1,2.369938781
23.0903455,32.02509452,35.50954874,44.6872951,15.38142401,0.071028,0,3
22.8073273,35.8190753,30.57937129,48.39644503,35.98483766,0.921606993,3,3
17.15004768,25.99761303,35.57957404,17.62311371,19.46502291,0.007925176,2,3
22.15635551,20.15224688,30.04649764,55.73092947,15.00899598,0.734594142,3,2.092168243
23.00054408,32.86181982,40.95089005,16.65558066,15.64501993,0.945403992,2,3
18.46107241,49.00311893,32.0579645,53.50184841,35.05044883,0.306671054,3,3
16.72609113,24.20786342,42.53033399,27.61896457,39.5251575,0.075442355,0,3
15.02632156,22.62807933,32.74520202,15.27170465,31.18109498,0.249545021,1,3
19.50903653,25.89201061,36.50920974,24.33844803,7.873486763,0.313418287,0,3
18.52432732,8.429827705,44.94361053,19.07240071,6.710420017,0.451320282,0,1.924718973
20.54909834,29.89234759,23.67414603,34.53348593,14.77250825,0.525239092,2,3
16.88041093,19.79138242,38.41822872,57.4872674,17.89109161,0.725330249,1,2.322208068
23.59665548,10.4639955,23.4718057,26.39355808,23.21689518,0.900915195,1,1.114399896
17.57755216,25.98155335,40.97165914,40.60494928,8.421263482,0.464793582,0,3
17.26429605,5.152279396,34.91133453,54.58604379,37.63214447,0.746328435,3,0.759914435
19.80714056,23.08033603,43.45398902,41.50369648,37.01741714,0.12719893,3,3
19.98851024,9.758087057,41.64891505,28.10995704,20.60049171,0.328783198,1,1.918614704
17.15085229,6.093171653,21.87180094,59.54195636,30.3351136,0.118079225,0,0.68391802
17.71860727,42.10137708,23.43256354,19.37068007,9.541217497,0.691741187,0,3
16.69705239,46.23119615,35.02927322,36.16280074,23.68483893,0.907645365,2,3
22.18460178,14.34535918,32.957866,49.83527494,43.59041409,0.889058135,1,1.590249634
22.70089031,29.26842187,24.21412827,10.03244348,34.72801084,0.326448349,3,3
19.62328497,17.50811707,23.23398071,45.10216261,9.677469905,0.23421944,3,1.957146384
22.14087023,27.21098474,34.09976959,23.32494484,43.1410114,0.274050289,1,3
22.35935392,24.64840944,21.2230387,18.48633613,35.63133032,0.287334621,2,2.843744895
16.38275528,17.10729748,41.84338257,23.70972317,25.38753323,0.082245757,3,2.827289057
24.66178025,36.51771108,40.177073,58.34082129,36.14409676,0.133344139,1,3
23.21031947,10.69209317,39.63424929,54.59676296,12.77691149,0.214483648,0,1.737141507
17.04483461,7.388275198,20.39992868,20.68772282,29.77189116,0.008169003,1,1.207863413
16.86165036,39.54539449,21.19102359,15.85133866,32.80671516,0.047229997,1,3
16.25661146,34.9668514,33.74597803,28.20763023,46.74851703,0.698550277,1,3
16.38378563,27.43367559,44.86064222,39.61682401,8.010126986,0.619323752,0,3
22.48161799,26.05053967,28.55790502,53.35723143,21.86522214,0.945422248,1,2.550700696
19.69654257,27.38351208,28.60937041,58.30450625,47.15666195,0.401757124,0,2.908073263
22.82934173,24.66608342,23.35694917,47.55766841,14.77494748,0.444331678,3,2.547430792
22.46254894,22.68015331,36.85839509,39.95036064,41.59401477,0.067735122,2,3
21.04612714,27.48607713,36.16691722,17.11660131,5.072249073,0.152250641,0,3
21.86366607,28.7831827,22.53306041,13.70141882,6.164783143,0.691607388,2,3
15.18355724,36.13560413,31.68530718,39.80134393,19.74302984,0.235039734,2,3
18.11777647,37.00432223,36.67687272,36.95320529,39.58266699,0.773277358,3,3
21.37822179,21.99330861,32.33790341,52.30440539,9.686456116,0.705680078,0,2.401376882
15.09344953,23.60932352,36.85908955,26.13029254,22.22841396,0.747262408,3,2.954634541
15.32976944,21.81637264,40.40675994,11.98454287,10.91606759,0.690582626,0,3
23.51887982,29.14410981,37.14538583,31.18541345,15.06171062,0.70766275,2,3
21.84024862,25.40090921,35.4028559,58.4591152,27.63473865,0.546799523,2,2.862195204
17.65369733,45.03184084,41.33975642,49.77874525,19.36124339,0.678237051,1,3
21.8796284,36.33625701,42.5147142,11.68860868,14.53606907,0.526179343,0,3
22.92456669,45.43953727,29.72216093,53.73394519,22.70736415,0.206088572,2,3
18.06794283,36.91116462,24.33124719,33.58447448,36.54747339,0.217607567,0,3
15.36037377,48.69464668,40.4465101,28.23840159,10.3738148,0.405302692,3,3
24.32779125,33.60815502,25.34382768,27.33697704,26.58175004,0.01391742,3,3
18.45179838,48.35975622,43.22376674,39.75721265,17.36238689,0.889296847,0,3
16.06481763,12.11764507,20.57194863,36.52997092,22.03793931,0.268266207,2,1.398063315
19.91856871,7.361495637,43.03177957,42.83136221,41.96998305,0.051538063,3,1.716459563
22.68467796,31.06063333,34.72957482,38.68207325,46.83784909,0.424425608,2,3
17.21647315,49.25719426,39.36855291,17.19722874,15.93400573,0.815597907,0,3
17.6949005,23.79223613,29.96231468,22.86180044,33.34869306,0.397352745,1,2.950673059
17.42714987,14.5419513,44.7929073,52.05147861,35.45047759,0.262683064,2,2.295435722
24.91673053,28.46936521,25.68878569,43.16292573,42.91186995,0.544902383,3,2.999148929
16.97403734,34.19593811,26.60859157,32.42003127,45.45691108,0.574380475,0,3
20.75520217,19.1830413,21.2858111,19.13007159,26.05963089,0.759189689,1,2.056935606
24.25264642,37.16462113,43.51183408,10.3845518,49.21590404,0.799753557,3,3
16.46896569,48.88015282,31.40073259,25.59437016,48.68730381,0.706207748,0,3
24.70854198,45.36334048,36.87131037,12.74234785,27.79105869,0.004538622,0,3
24.47477234,18.12134181,37.18601819,34.11420665,29.39144543,0.002078437,2,2.709486835
23.84571987,19.70256574,41.86255231,51.09007264,35.04874278,0.977449986,1,2.366049265
17.14556521,21.7193551,36.62313127,24.26993307,21.82172649,0.264205105,0,3
21.34055056,22.75487503,34.05052956,52.38770808,34.79197613,0.282350396,1,2.745452876
22.60891473,9.514377464,37.7579631,45.2282198,28.14284271,0.732241105,1,1.391633766
24.86027928,39.28832775,38.77426998,16.26311647,6.59465446,0.581585708,2,3
16.80423822,21.44026686,24.64819866,42.22809456,43.37280215,0.463564435,0,2.311570145
22.660259,44.59189895,22.74167597,17.58399037,47.32006105,0.116439698,0,3
18.3880117,46.71232804,21.87122126,42.73954601,6.180308535,0.081487666,2,3
16.75626466,6.099408919,29.35133736,17.13572424,40.51678185,0.703623185,2,1.065149969
19.21376941,49.48263815,32.450006,29.6255683,22.36159674,0.124604485,0,3
22.93835912,36.95102292,35.39124746,38.32971351,31.353431,0.435810255,2,3
19.64849804,28.41765017,43.95086299,12.51870857,27.49977261,0.736126073,0,3
20.375231,22.52874238,28.26969551,17.66541724,29.80897929,0.923198942,3,2.556943778
24.9515941,28.33331597,39.0218513,26.02044125,27.28338371,0.873586061,1,3
18.991093,19.60811258,33.28394049,33.11600429,43.40189172,0.864033662,1,2.307099067
21.15400755,33.02095162,25.5022483,52.9243647,35.75780081,0.358497817,2,3
18.65244202,9.18411244,35.38263573,19.36365442,23.5686765,0.927170805,3,1.440610488
18.92785646,32.95051713,44.17940446,27.37354753,35.98558615,0.683662322,1,3
21.95640753,17.39051826,23.10770748,33.78881181,48.42715186,0.886487685,0,1.728176781
24.37886976,5.793567307,32.68199411,24.7889278,8.613871792,0.088924567,1,1.376404973
20.4235895,29.87175948,21.29020885,41.28738894,22.46404872,0.039558159,1,3
22.68399929,31.03014901,28.03040747,22.83012174,44.17043145,0.429646385,1,3
15.89206559,24.19560521,35.51506694,48.61752106,38.25747999,0.828015107,0,2.703213322
17.11158037,8.252880465,41.0264234,35.25770474,47.07180003,0.408532733,2,1.635992079
20.02131641,45.20043288,38.25821054,14.31524417,6.791444943,0.884647134,0,3
15.20011724,32.51438633,31.57141946,41.34994476,43.82490241,0.234773404,2,3
17.52854979,10.20709848,42.73056893,38.46217519,40.63094465,0.039344135,1,2.040768326
20.1740129,27.99187595,27.56786663,26.92986771,41.67675572,0.761286288,1,3
15.14961198,27.37644422,38.84958526,10.55785392,31.87682277,0.626168389,3,3
17.64546286,7.718084096,31.85022554,20.03507711,7.33626658,0.440090558,1,1.413086544
20.14030819,32.30868666,42.46589387,30.28547644,29.2608468,0.84525769,0,3
20.73149248,41.37468795,39.93582054,19.99570169,23.34880116,0.824175706,1,3
24.25751693,38.70536244,42.53674153,38.87455605,28.71687887,0.32453422,3,3
21.45345623,14.13362364,25.35619622,45.6162447,38.31331881,0.8379739,0,1.383419508
19.14735803,43.80316383,36.7037608,52.80088284,31.81822855,0.345158413,3,3
24.30351177,20.41439745,38.4615852,42.34913093,18.16533004,0.621902818,3,2.589049867
22.84882983,47.59287702,38.56035663,44.45046106,31.97783044,0.192497601,0,3
17.00008921,8.22865839,32.60001126,40.42209326,8.741229939,0.264192184,2,1.373215857
16.30842361,26.87939098,20.28126306,59.27430288,5.241469605,0.447878116,2,2.547299113
21.75811636,31.87059697,26.5357696,23.05002845,23.06876123,0.314596044,2,3
20.59883166,16.14425443,28.08252188,23.31293403,39.07338625,0.129142443,2,2.252808944
22.89673614,39.71210849,41.30091543,16.31668207,42.01854039,0.482322852,3,3
22.3880505,33.21030559,41.02214543,34.28421629,29.7427691,0.511357411,3,3
21.25211534,5.814924678,22.6170026,14.80808518,44.06030988,0.158705933,0,1.107958736
24.86382172,32.37658658,43.74589704,23.50732984,10.66616828,0.174313305,0,3
20.3358973,27.11652055,24.56143717,34.13404644,48.38476349,0.029347076,2,3
16.13105757,13.82131408,30.35898628,57.8797808,46.47921514,0.030350622,2,1.800124498
23.28273565,49.80867022,25.37892415,58.19064969,31.96567627,0.358631207,2,3
17.51853362,45.37229877,41.50831172,47.18701171,7.642495582,0.146652339,2,3
22.77302148,18.16284628,38.7350508,29.46250808,25.43912883,0.919091645,2,2.353282084
24.57107096,29.34819144,28.83822017,53.25806367,13.06728325,0.199414173,3,3
21.96795514,19.2425963,37.04696565,53.7727901,33.27913708,0.065961588,3,2.58844979
20.96030161,39.89730882,24.6091721,55.50986904,13.54843376,0.404169881,3,3
19.60386176,46.86491449,29.55742731,42.00125241,26.68089472,0.192465941,3,3
18.64409866,21.14728731,29.42768971,20.08963978,14.25321171,0.061769339,2,2.863870654
18.53004751,41.25129121,25.94841704,14.55403864,13.18303086,0.75272747,3,3
21.36372706,27.42833942,41.90780124,55.7387752,16.15656092,0.557098497,2,3
22.51273117,22.84603526,36.97114339,12.77730541,6.313840498,0.057010798,3,3
21.78517069,47.22898334,26.99848276,24.79450297,37.22517173,0.468018948,3,3
16.98410101,27.96821099,26.05301902,34.34808835,18.80268694,0.038832907,1,3
19.9398718,26.03347251,20.44883677,11.09883464,36.41486243,0.354314204,2,2.996829695
22.91640072,35.25954809,28.66455634,55.34561293,34.40651983,0.363286725,2,3
19.75704078,16.75553905,33.16928208,24.35604974,7.975069638,0.822983001,3,2.126144643
20.3662328,19.61567919,26.94277355,11.42523995,19.04156412,0.735284998,0,2.377765472
22.71136048,46.94206263,37.51145691,59.67949986,30.508724,0.89694375,2,3
21.61265306,35.53384304,30.29373823,25.56965904,46.32805373,0.14051753,3,3
19.09344921,42.19867165,27.90794593,53.83824537,23.05938697,0.533764356,2,3
23.95412711,17.20002929,43.47644147,32.6737227,27.71561953,0.020190468,2,2.832385184
16.62567069,29.47055855,26.57002193,43.15629505,38.75714616,0.825522002,0,2.988399301
24.95516449,48.71283201,29.9564405,22.05450748,41.14829632,0.366580289,0,3
16.18852578,19.34167546,29.55726971,35.14376635,46.55032267,0.069306647,1,2.533318883
15.14949971,12.22144143,26.02995864,22.88255962,27.37352468,0.324657234,0,1.698655218
23.90018901,27.98987037,25.4369185,57.55419406,13.72270683,0.286912413,3,2.927886173
17.44953508,22.45194899,27.55950047,13.04727062,39.39895534,0.766001201,0,2.650371608
22.29699627,12.18097548,41.60590425,23.73369638,10.65088691,0.126611422,1,2.304318348
23.11015375,44.98481222,39.17707218,54.65544383,23.82540405,0.555775322,3,3
23.58986391,49.58257597,37.02498785,34.00179788,33.26958724,0.793919187,0,3
24.91594236,30.58619813,31.42757482,40.0042056,36.13352839,0.7395381,1,3
17.9403971,39.86045458,32.69384962,42.58466857,37.98624727,0.935905119,1,3
22.10243342,43.65672663,26.67847114,13.54637559,13.70895762,0.00062975,0,3
16.15399858,36.54419027,21.85789785,10.88693705,49.17421406,0.353801535,0,3
19.06809291,6.98702221,28.27601392,56.89205259,13.02883595,0.369583549,1,0.887523718
23.47971693,12.09354043,32.3895939,23.57514226,9.323303237,0.033308411,3,2.036601545
18.67658046,8.194513602,21.43282616,29.01565552,34.88226809,0.817266606,3,0.835089041
20.91095381,5.444582299,22.20583255,44.10465854,45.94999999,0.688890673,3,0.5
20.03773444,18.76983839,26.57563082,21.81519385,30.17226724,0.52808239,1,2.280645066
21.45951531,22.65601822,29.17700934,46.65356851,31.79670955,0.405018937,1,2.569123647
24.72894389,15.84633796,29.83292028,32.91210911,29.23181366,0.895415693,3,1.802235534
15.55735527,7.907209164,22.94715166,52.83049026,6.923668734,0.264465223,1,0.895088458
20.73961518,28.84383909,25.64553386,23.92703179,35.65902076,0.334541491,0,3
23.63028779,17.2993694,26.5411813,20.19112402,21.11896042,0.952631452,2,1.936416017
19.81382712,40.82167197,21.69087191,51.58441769,47.10532079,0.064625023,1,3
15.78527186,5.362367973,28.15249251,26.31630325,13.40555214,0.780612297,0,0.821184034
20.60539352,42.91371731,21.80553932,30.5934323,18.59521018,0.718059738,3,3
18.32073891,47.96391555,37.58644608,49.68539163,27.7184637,0.901888428,3,3
16.54941785,37.22607784,29.65119416,41.77882687,26.48097696,0.090563327,1,3
23.49034513,38.01398294,28.16880973,32.08629452,23.01371338,0.970443967,2,3
20.21599513,47.01030402,23.16305429,22.49452545,19.1481322,0.028837934,0,3
24.33276412,14.40820784,25.66259139,48.21004844,11.62331315,0.337703442,0,1.645288291
23.06016505,49.75545057,25.81763022,19.02155172,41.94148428,0.084826514,3,3
21.92971794,39.80665415,44.63010537,56.41398003,25.19464043,0.051176195,2,3
15.05025503,37.69568187,40.88373449,17.51580346,30.78304516,0.964721073,3,3
19.27823457,21.24907605,20.38155729,50.2466846,29.59487886,0.719668251,2,1.941991877
16.97486282,29.55998684,35.42091477,31.21244334,30.8970026,0.505689846,0,3
24.10797911,34.42630047,26.39775241,19.30031165,36.71781673,0.108189077,3,3
16.74583985,32.91542876,22.60942322,30.11894691,33.32214478,0.526023417,3,3
17.86060052,36.72430873,37.63999408,21.07759081,17.32563128,0.320052218,3,3
20.16836768,8.707178259,23.29013874,16.79968254,29.91694667,0.271587277,2,1.34326532
17.63363619,21.00417948,31.09351949,21.95776995,16.00308075,0.618103547,0,2.608239124
17.09864677,24.53000075,35.80412912,53.36992363,31.4976407,0.790925219,2,2.7173092
20.99099325,16.7283184,33.8623689,15.29711937,24.43705791,0.443258818,3,2.426976868
15.88929523,12.76822716,44.44072746,58.62697939,6.773827023,0.493298554,1,1.925261227
15.58167759,11.2517366,39.64356533,10.24992268,38.02935593,0.651428772,1,2.018412225
18.72245295,21.48725265,39.3548344,42.91190772,17.3599888,0.124638043,0,2.96911498
22.20664455,27.20487653,28.88988485,52.82559924,46.40874598,0.828606702,0,2.740924471
20.54806758,7.833939807,20.2098873,56.69788241,17.62507587,0.836938655,0,0.5
19.22876468,47.59061426,38.36027324,17.19927967,49.84802344,0.541046614,1,3
20.65751564,39.43594953,44.99330211,44.91042482,25.83280255,0.187560084,1,3
18.65451485,37.88832979,30.14697769,15.36746081,6.188329382,0.500763574,3,3
24.36146335,12.77872362,44.63796247,27.63057469,8.432104183,0.105939282,0,2.436529057
15.54904891,32.17103456,23.54270274,46.59631788,8.693960708,0.763289498,2,3
21.73391479,28.83762261,27.41280879,27.29866131,7.529648945,0.311153892,0,3
23.91282665,49.21109806,24.26817329,25.66873641,17.05052299,0.311094653,0,3
23.03884709,38.64522965,31.87939932,15.80273094,19.60649731,0.945048812,3,3
16.84041035,30.90928477,39.92453504,13.32190472,10.00786388,0.42185861,3,3
17.95926349,43.28656999,28.51654229,15.76389956,24.71591682,0.789575296,0,3
22.17047939,11.97924219,42.65572343,53.77373875,21.44078698,0.637162683,3,1.763462938
15.84270559,5.684743836,33.62076033,10.55992627,33.63457981,0.316175705,2,1.42547928
23.118617,36.0605,31.63561034,44.64329348,13.81390518,0.12379076,1,3
22.18906945,9.424015711,39.67589605,48.43121149,46.12934706,0.797742307,2,1.381748171
22.29606649,10.1945138,22.53608743,38.39441521,28.21958505,0.762503681,1,1.005458302
16.0024137,38.51063269,39.34381178,46.53876806,33.06798678,0.169164153,3,3
22.17760545,17.17406799,26.0738,42.61348345,6.778415228,0.249115881,1,2.035840691
21.79818125,33.2884047,27.02031368,32.77792445,30.15899145,0.766237302,2,3
23.30922491,46.28331167,34.98634433,29.13552139,21.5645092,0.983630905,1,3
15.41595956,19.24135392,42.54836063,57.06659942,46.5877422,0.843641287,2,2.349927442
15.23110668,14.7714871,34.46017374,58.59689963,44.8539492,0.684151551,1,1.697776397
18.730071,9.795329768,36.22373372,42.56357018,33.6941915,0.915425941,3,1.303642095
16.48788284,10.87080626,39.41486474,19.86494199,39.55331079,0.285235669,0,2.059642197
20.58384478,7.800021292,26.48311897,32.39495812,34.00669207,0.009652199,1,1.333997081
24.17348902,8.943907047,40.68084182,34.8268745,5.763565022,0.320968073,2,1.741665984
18.9147973,24.4402065,30.44900373,47.89850262,36.64069451,0.971934318,3,2.494035255
23.44950377,19.43892703,24.39139234,43.38885657,12.96908437,0.88197033,1,1.882065383
15.00240875,36.79523664,28.75295199,35.74072147,35.71569297,0.050356256,3,3
16.68514643,44.16087462,26.15327779,44.01822789,5.47280529,0.501958431,0,3
15.3042354,40.31479414,25.71784013,11.20284234,18.99080638,0.079009864,2,3
18.28147181,28.87867655,27.06407997,48.83176609,28.26175906,0.789031417,0,2.907170284
24.08189596,9.60989523,24.52327037,20.5816117,19.99267702,0.372615574,3,1.386307965
15.96952124,36.93952778,36.69254393,42.82045698,36.22942634,0.91194509,0,3
21.06409777,21.32729261,34.49979393,15.69866261,28.52192924,0.054452488,3,3
19.51495939,8.854267726,36.21104732,15.7230418,48.18503214,0.733996473,0,1.568233029
24.38468212,42.91098832,28.5931181,11.78288219,21.10155906,0.39936577,2,3
16.22519143,20.21974327,39.24333506,55.51164051,37.48366992,0.268226415,1,2.640855883
17.12027851,14.82119746,23.24021852,40.22793788,42.6128749,0.517449138,0,1.595789749
15.29541969,44.21534291,34.27841774,28.09809681,16.41280042,0.485486698,2,3
19.3393525,45.59602408,26.88632431,49.38888705,38.93591641,0.348810898,1,3
17.778329,20.25368767,33.19024752,41.30411003,22.69913,0.648856537,3,2.394240982
23.69905934,20.96606387,28.09092938,41.0040259,10.79272182,0.661316248,1,2.292272317
21.04940813,31.08328374,39.76279413,34.35213972,5.164118484,0.077138184,3,3
21.14090738,38.00486722,42.28179597,10.39633893,38.46908987,0.595415072,2,3
20.31910697,7.841714086,38.56453058,22.92312532,13.38098355,0.710735128,2,1.485056944
15.91850337,31.70046457,24.38959282,15.45383473,7.303713539,0.075888459,1,3
19.45018684,47.87690278,26.87167246,43.12049262,27.37440894,0.659130639,1,3
24.9950519,16.79422537,42.98395164,22.43104109,20.60141156,0.803977238,3,2.485921895
23.35229291,45.89722463,30.93050319,32.5083332,36.1313017,0.83194399,0,3
23.93459054,47.75757533,43.52951023,27.67151491,9.831393293,0.041647371,1,3
23.23226359,17.11191384,29.81129222,17.1599369,10.96939263,0.697417473,0,2.184593019
16.03041693,38.93908396,43.79436651,57.91851164,23.18484687,0.796976571,3,3
17.27448254,15.74487537,43.14347469,56.67096558,28.41836772,0.396822798,0,2.247482306
15.03121651,38.19250228,36.51317225,14.2304093,42.08872634,0.542840764,1,3
18.03510125,40.88389871,20.22067621,51.36826768,31.35313359,0.265115576,2,3
16.08607402,16.12425667,30.00836705,34.41868414,45.61688503,0.310241222,1,2.113397116
19.72793345,37.21412946,42.78087824,48.68679423,14.79955263,0.501619549,0,3
21.77127489,41.54470425,42.12775723,17.55785655,31.82987822,0.151138325,1,3
23.74505295,21.13604924,24.684695,16.61370689,34.48572844,0.370516814,1,2.585032616
22.49217165,12.54662492,29.9795624,54.53787504,37.66122733,0.301435638,2,1.557884669
24.38585596,9.138405529,40.8877482,54.89097459,49.48928142,0.238249603,0,1.608730945
15.5389829,30.89217666,34.44694633,33.29560814,26.06152201,0.483888709,0,3
15.12179835,49.01441537,41.18248084,53.50788988,21.61938109,0.83867722,0,3
21.61338114,42.0327644,40.66418461,43.37294758,43.34930038,0.242262097,0,3
17.8935241,24.61278375,42.68705017,19.25048713,12.95559073,0.65973014,2,3
17.53501016,29.14794063,22.9305147,26.44771323,6.666264378,0.254192622,3,3
18.30887088,17.57875484,23.63037854,16.80303253,24.96150741,0.142083454,3,2.306482717
17.69796058,12.33796403,22.07022572,48.69743345,16.12426345,0.943321905,2,1.010835307
20.11436406,26.69365212,43.38172103,59.26253623,22.84364306,0.633235735,0,3
19.40148447,25.85757048,31.87905961,37.31891633,49.37374902,0.104596227,1,3
20.12428551,28.48684788,21.60813209,42.79322071,20.68197036,0.632643997,0,2.824701651
21.72713612,47.87620635,28.03824756,47.30462841,36.85845688,0.176347016,3,3
18.87130509,32.17528851,28.78531603,21.21295512,16.26809044,0.887796484,1,3
17.51307687,32.25973265,40.23899559,26.80006238,18.65403247,0.247470817,3,3
16.66200537,10.76111433,38.3869223,30.61606057,15.94198371,0.806797883,0,1.646115963
18.4947412,49.84199898,37.23467624,39.72941561,30.74723916,0.199195234,3,3
22.41806475,39.77802249,20.54658881,52.52462891,15.17488638,0.558290328,2,3
22.5670491,44.47415048,42.76739491,22.71017723,37.32638462,0.912328678,2,3
21.66905387,23.64351853,25.38888167,33.54444004,35.61233893,0.296002623,0,2.727202197
17.34028175,27.59576431,35.72653512,47.57669556,23.95713542,0.081397334,1,3
20.88086246,28.49377141,21.54547608,14.36924998,6.150965947,0.55259197,1,3
20.70689662,13.73425427,22.0381523,35.64467292,6.01930095,0.172330573,1,1.665418488
19.84266198,36.02701203,20.2394324,17.21898517,28.97630677,0.728344698,2,3
20.49978986,45.63395256,34.14819111,36.95744484,42.76394729,0.590821153,1,3
19.91790633,12.36676182,35.73449174,48.39113807,31.94931521,0.346375109,3,1.770726971
20.65456366,8.884322307,21.26155758,21.84737055,24.60427077,0.705653212,3,1.025850505
22.15505955,38.21985075,27.26212212,52.47392227,44.69534751,0.238527975,1,3
16.09628194,17.29408243,41.28636035,26.7402055,13.86479521,0.917036562,1,2.379699918
22.49625752,33.07381437,22.53270917,19.53924318,21.17409932,0.346888033,2,3
16.3588615,36.30912521,25.41367911,33.26616975,30.43892533,0.762968115,0,3
15.66627998,19.48598436,30.60978021,53.80375411,18.12512611,0.258519344,2,2.30162723
24.76079686,41.68150688,41.05685257,13.44665306,49.89706168,0.714825346,2,3
24.56991769,29.7495042,26.37122636,26.37857331,25.35444126,0.031529416,0,3
15.60436545,44.10497336,44.92842538,42.65815845,7.32750005,0.295517868,3,3
19.43253441,39.34820987,28.88154533,27.87904343,12.92375384,0.092890265,0,3
16.86244938,44.08590344,29.66121646,13.54119974,28.96163907,0.451220522,1,3
19.85344897,5.907262195,23.05265511,26.59994844,29.75252899,0.435107994,3,0.875594575
23.30177243,15.95778173,37.00494752,51.04796931,49.28649202,0.359008172,3,2.139292645
24.50611775,9.05035732,26.08662957,58.40187613,31.99848883,0.981167768,1,0.699987406
21.34252653,24.89373577,35.72168988,11.98895987,34.99822942,0.244090547,0,3
18.53905667,45.04820547,25.57894321,38.46419088,14.61752465,0.791051126,1,3
21.03325566,26.0393118,29.69680668,15.26517165,9.808919674,0.447447141,3,3
18.12001306,43.23708701,41.4168023,44.01982646,32.09045037,0.334810479,0,3
24.09823641,19.72302071,38.47264779,10.3946113,43.91959895,0.203466704,3,3
23.70400463,20.28065328,23.8647725,10.73708129,31.43178283,0.633403895,3,2.399484984
20.5823175,45.30027786,35.19270418,48.84399132,24.92524482,0.333678129,1,3
18.24798915,24.16177159,35.71601629,13.72176613,31.01929886,0.81291876,2,3
17.93389676,40.53944695,22.26421184,25.25908371,26.09472103,0.968464849,1,3
15.33417995,15.64895965,31.64514136,57.90202121,11.38467092,0.227131565,3,1.927148016
23.15820851,47.69603734,26.51670989,59.26235587,38.35329914,0.128670386,0,3
19.50383213,30.85602109,31.67825357,18.07014309,28.98671736,0.315517801,0,3
18.25132928,39.16956059,39.42677478,38.04509607,22.96952942,0.467111767,2,3
19.71110355,9.028206491,23.956489,37.95744142,30.18373259,0.300966816,1,1.17131246
23.1873799,27.16989016,23.08260514,32.61903453,15.85521295,0.970466806,3,2.674985439
16.24614208,45.5467324,26.73291238,56.23500791,24.2580972,0.77920164,0,3
23.57655988,44.46673831,43.80688626,47.70169546,33.01003405,0.966140733,1,3
23.97508835,7.106628076,38.69560528,48.22634678,15.17871082,0.373239957,0,1.33163287
24.46707915,18.66643111,20.48639657,23.47847159,38.70477881,0.304674861,3,2.16240085
18.97487992,24.94940029,30.02512106,31.71598861,28.44549103,0.407362528,1,2.974936248
17.17140404,12.75191665,26.43494948,34.37118492,43.77680197,0.522833393,3,1.551228101
